ticket_id,customer_id,product_purchased,ticket_status,ticket_priority,plan_type,customer_satisfaction_rating,sessions_baseline,sessions_recent,sessions_change,decline20
1,CUST01085,Jira,Pending Customer Response,Critical,Free,,9.0,9.0,0.0,False
2,CUST01335,Confluence,Pending Customer Response,Critical,Standard,,5.5,8.0,0.4545454545454546,False
3,CUST02581,Trello,Closed,Low,Premium,3.0,26.0,26.0,0.0,False
4,CUST00742,Loom,Closed,Low,Premium,3.0,10.0,7.0,-0.30000000000000004,True
5,CUST00741,Bitbucket,Closed,Low,Enterprise,1.0,14.5,12.5,-0.13793103448275867,False
6,CUST06779,Loom,Open,Low,Free,,8.0,8.0,0.0,False
7,CUST01920,Jira,Open,Critical,Premium,,23.5,20.5,-0.12765957446808507,False
8,CUST03575,Confluence,Open,Critical,Standard,,9.5,13.0,0.368421052631579,False
9,CUST03782,Trello,Pending Customer Response,Low,Premium,,19.0,15.5,-0.1842105263157895,False
10,CUST01352,Loom,Pending Customer Response,Critical,Standard,,10.0,9.5,-0.050000000000000044,False
11,CUST04879,Bitbucket,Closed,High,Premium,1.0,15.0,11.0,-0.2666666666666667,True
12,CUST01725,Jira,Closed,High,Free,1.0,17.5,16.0,-0.08571428571428574,False
13,CUST03418,Confluence,Pending Customer Response,Low,Enterprise,,36.0,37.0,0.02777777777777768,False
14,CUST02677,Trello,Pending Customer Response,Low,Premium,,27.5,34.5,0.25454545454545463,False
15,CUST04930,Loom,Closed,High,Premium,4.0,13.5,16.5,0.22222222222222232,False
16,CUST00260,Bitbucket,Pending Customer Response,High,Premium,,18.5,19.5,0.054054054054053946,False
17,CUST07798,Jira,Closed,Critical,Premium,4.0,22.0,21.5,-0.022727272727272707,False
18,CUST05269,Jira,Pending Customer Response,High,Free,,18.5,21.0,0.1351351351351351,False
19,CUST00788,Confluence,Open,High,Standard,,10.5,13.0,0.23809523809523814,False
20,CUST03199,Trello,Closed,Low,Standard,5.0,19.0,12.5,-0.3421052631578947,True
21,CUST06441,Loom,Pending Customer Response,High,Standard,,25.0,19.5,-0.21999999999999997,True
22,CUST08241,Trello,Pending Customer Response,Critical,Free,,21.5,24.0,0.11627906976744184,False
23,CUST04539,Jira,Open,Medium,Standard,,10.5,11.5,0.09523809523809534,False
24,CUST01055,Confluence,Pending Customer Response,Low,Premium,,30.5,30.5,0.0,False
25,CUST04388,Bitbucket,Open,Critical,Standard,,14.0,12.0,-0.1428571428571429,False
26,CUST03668,Loom,Pending Customer Response,Medium,Standard,,16.0,13.5,-0.15625,False
27,CUST05943,Jira,Pending Customer Response,Low,Premium,,18.5,21.5,0.16216216216216206,False
28,CUST03317,Confluence,Open,High,Standard,,14.5,14.0,-0.03448275862068961,False
29,CUST02457,Confluence,Closed,Critical,Premium,5.0,15.5,12.5,-0.19354838709677424,False
30,CUST06802,Jira,Closed,Medium,Free,1.0,7.5,9.5,0.2666666666666666,False
31,CUST03483,Trello,Open,Low,Standard,,20.5,18.5,-0.09756097560975607,False
32,CUST08304,Bitbucket,Closed,Medium,Standard,3.0,22.0,22.0,0.0,False
33,CUST02638,Confluence,Pending Customer Response,Medium,Premium,,15.5,20.5,0.32258064516129026,False
34,CUST01640,Bitbucket,Closed,Critical,Standard,5.0,23.5,22.5,-0.04255319148936165,False
35,CUST02297,Jira,Pending Customer Response,Low,Standard,,30.5,29.5,-0.032786885245901676,False
36,CUST03455,Jira,Closed,High,Standard,1.0,19.5,17.5,-0.10256410256410253,False
37,CUST03945,Trello,Pending Customer Response,Medium,Standard,,43.5,52.0,0.1954022988505748,False
38,CUST02093,Bitbucket,Open,Medium,Free,,10.5,9.0,-0.1428571428571429,False
39,CUST07659,Loom,Closed,Critical,Standard,3.0,3.0,1.5,-0.5,True
40,CUST07036,Bitbucket,Pending Customer Response,Medium,Premium,,23.0,19.0,-0.17391304347826086,False
41,CUST06773,Jira,Pending Customer Response,Low,Standard,,33.5,32.5,-0.02985074626865669,False
42,CUST06781,Trello,Closed,Critical,Standard,3.0,12.0,11.5,-0.04166666666666663,False
43,CUST07994,Confluence,Pending Customer Response,Medium,Standard,,9.5,11.0,0.1578947368421053,False
44,CUST00024,Trello,Open,Low,Free,,8.5,5.0,-0.4117647058823529,True
45,CUST04338,Loom,Closed,Critical,Premium,2.0,4.0,7.5,0.875,False
46,CUST01661,Confluence,Open,Low,Premium,,26.5,24.0,-0.09433962264150941,False
47,CUST00022,Confluence,Closed,High,Standard,1.0,6.5,7.5,0.15384615384615374,False
48,CUST00647,Jira,Closed,Medium,Standard,1.0,21.0,22.0,0.04761904761904767,False
49,CUST03865,Loom,Open,High,Standard,,5.5,8.5,0.5454545454545454,False
50,CUST07260,Loom,Open,Medium,Standard,,16.0,20.5,0.28125,False
51,CUST06102,Bitbucket,Open,Medium,Premium,,38.5,40.5,0.051948051948051965,False
52,CUST08027,Confluence,Closed,Medium,Enterprise,3.0,25.5,25.5,0.0,False
53,CUST02850,Trello,Closed,High,Free,3.0,17.5,13.0,-0.2571428571428571,True
54,CUST06551,Loom,Closed,Low,Standard,4.0,16.5,14.5,-0.12121212121212122,False
55,CUST05390,Jira,Pending Customer Response,Low,Standard,,14.0,18.5,0.3214285714285714,False
56,CUST07921,Confluence,Pending Customer Response,Critical,Standard,,11.5,13.5,0.17391304347826098,False
57,CUST04900,Bitbucket,Pending Customer Response,Medium,Standard,,23.5,21.5,-0.08510638297872342,False
58,CUST05991,Bitbucket,Open,Critical,Premium,,13.0,13.0,0.0,False
59,CUST04631,Bitbucket,Closed,Medium,Standard,5.0,18.5,19.0,0.027027027027026973,False
60,CUST00312,Jira,Closed,Medium,Enterprise,3.0,14.5,15.5,0.06896551724137923,False
61,CUST02717,Confluence,Closed,Medium,Standard,1.0,16.0,8.5,-0.46875,True
62,CUST00104,Jira,Pending Customer Response,Critical,Free,,10.0,10.5,0.050000000000000044,False
63,CUST02331,Jira,Closed,High,Free,4.0,6.0,8.0,0.33333333333333326,False
64,CUST07321,Trello,Pending Customer Response,High,Standard,,18.0,14.5,-0.19444444444444442,False
65,CUST03112,Jira,Open,Medium,Free,,11.5,11.5,0.0,False
66,CUST05861,Jira,Pending Customer Response,Medium,Standard,,15.0,14.5,-0.033333333333333326,False
67,CUST02534,Jira,Closed,High,Standard,5.0,25.0,24.0,-0.040000000000000036,False
68,CUST05999,Loom,Pending Customer Response,Low,Enterprise,,26.5,30.5,0.15094339622641506,False
69,CUST03299,Trello,Pending Customer Response,Critical,Premium,,5.0,8.0,0.6000000000000001,False
70,CUST07876,Trello,Closed,High,Standard,1.0,29.0,24.0,-0.1724137931034483,False
71,CUST02433,Loom,Pending Customer Response,Medium,Enterprise,,15.5,11.0,-0.29032258064516125,True
72,CUST00990,Trello,Open,Medium,Enterprise,,12.0,12.0,0.0,False
73,CUST02151,Loom,Closed,Low,Standard,4.0,15.0,14.5,-0.033333333333333326,False
74,CUST02277,Confluence,Closed,Critical,Free,3.0,14.0,14.5,0.03571428571428581,False
75,CUST01922,Jira,Open,Critical,Standard,,16.0,12.0,-0.25,True
76,CUST01422,Loom,Closed,Critical,Premium,1.0,16.5,15.0,-0.09090909090909094,False
77,CUST00888,Trello,Open,Critical,Premium,,17.0,18.0,0.05882352941176472,False
78,CUST05494,Confluence,Closed,Low,Free,5.0,10.5,12.5,0.19047619047619047,False
79,CUST07649,Loom,Pending Customer Response,Medium,Standard,,15.5,14.0,-0.09677419354838712,False
80,CUST02885,Confluence,Pending Customer Response,Critical,Standard,,12.5,8.5,-0.31999999999999995,True
81,CUST01773,Loom,Pending Customer Response,Critical,Standard,,11.0,12.0,0.09090909090909083,False
82,CUST02587,Jira,Pending Customer Response,Medium,Enterprise,,27.5,34.0,0.23636363636363633,False
83,CUST04187,Jira,Closed,Low,Standard,1.0,12.5,14.5,0.15999999999999992,False
84,CUST01976,Bitbucket,Pending Customer Response,Critical,Standard,,19.0,19.0,0.0,False
85,CUST04000,Jira,Open,Medium,Premium,,49.0,59.0,0.20408163265306123,False
86,CUST01494,Trello,Open,High,Premium,,12.0,11.5,-0.04166666666666663,False
87,CUST04169,Loom,Closed,Critical,Premium,2.0,9.5,10.0,0.05263157894736836,False
88,CUST07624,Confluence,Pending Customer Response,High,Standard,,21.0,23.5,0.11904761904761907,False
89,CUST01201,Bitbucket,Open,Critical,Premium,,21.0,20.5,-0.023809523809523836,False
90,CUST02872,Bitbucket,Closed,Medium,Standard,5.0,6.5,14.5,1.2307692307692308,False
91,CUST03178,Bitbucket,Pending Customer Response,High,Standard,,37.0,42.0,0.1351351351351351,False
92,CUST07488,Trello,Pending Customer Response,Low,Enterprise,,12.5,10.0,-0.19999999999999996,False
93,CUST05805,Jira,Pending Customer Response,Low,Premium,,15.0,19.0,0.2666666666666666,False
94,CUST05042,Jira,Open,Low,Premium,,15.5,20.0,0.29032258064516125,False
95,CUST01683,Jira,Open,Critical,Premium,,18.5,23.5,0.2702702702702702,False
96,CUST01734,Bitbucket,Closed,High,Standard,5.0,8.5,7.5,-0.11764705882352944,False
97,CUST07602,Loom,Open,High,Standard,,9.0,10.0,0.11111111111111116,False
98,CUST01809,Jira,Pending Customer Response,High,Premium,,22.5,26.5,0.1777777777777778,False
99,CUST06815,Confluence,Closed,High,Standard,5.0,5.5,4.5,-0.18181818181818177,False
100,CUST04726,Confluence,Pending Customer Response,Low,Premium,,26.5,29.5,0.1132075471698113,False
101,CUST05764,Loom,Pending Customer Response,High,Standard,,29.0,19.5,-0.3275862068965517,True
102,CUST00279,Trello,Pending Customer Response,Critical,Enterprise,,46.0,45.0,-0.021739130434782594,False
103,CUST03155,Trello,Closed,Critical,Standard,3.0,10.5,12.0,0.1428571428571428,False
104,CUST03276,Loom,Open,High,Premium,,10.0,6.5,-0.35,True
105,CUST04661,Confluence,Open,High,Premium,,20.0,21.5,0.07499999999999996,False
106,CUST04516,Loom,Pending Customer Response,Critical,Premium,,14.0,12.0,-0.1428571428571429,False
107,CUST01601,Bitbucket,Closed,Low,Premium,2.0,6.5,10.0,0.5384615384615385,False
108,CUST01954,Confluence,Pending Customer Response,High,Standard,,24.0,22.0,-0.08333333333333337,False
109,CUST05324,Loom,Closed,Critical,Standard,4.0,10.5,7.5,-0.2857142857142857,True
110,CUST04198,Loom,Open,High,Enterprise,,17.5,14.5,-0.17142857142857137,False
111,CUST00950,Bitbucket,Closed,High,Standard,2.0,20.5,20.0,-0.024390243902439046,False
112,CUST04822,Confluence,Open,High,Standard,,16.0,11.0,-0.3125,True
113,CUST01209,Confluence,Open,Medium,Standard,,18.5,15.0,-0.18918918918918914,False
114,CUST01156,Loom,Closed,High,Standard,1.0,9.0,7.5,-0.16666666666666663,False
115,CUST01854,Confluence,Closed,High,Standard,1.0,22.5,22.5,0.0,False
116,CUST08057,Trello,Open,Critical,Premium,,18.0,15.0,-0.16666666666666663,False
117,CUST02016,Trello,Closed,High,Standard,5.0,9.5,11.5,0.21052631578947367,False
118,CUST04794,Bitbucket,Closed,Medium,Premium,5.0,9.5,9.0,-0.052631578947368474,False
119,CUST00249,Loom,Open,High,Enterprise,,8.0,8.0,0.0,False
120,CUST03960,Confluence,Closed,Low,Premium,2.0,18.0,17.0,-0.05555555555555558,False
121,CUST08218,Bitbucket,Pending Customer Response,Medium,Premium,,16.5,11.5,-0.303030303030303,True
122,CUST04144,Loom,Open,Critical,Premium,,14.0,17.0,0.2142857142857142,False
123,CUST01867,Trello,Open,Low,Free,,17.0,17.0,0.0,False
124,CUST07013,Confluence,Pending Customer Response,Low,Premium,,31.0,32.5,0.048387096774193505,False
125,CUST02545,Loom,Pending Customer Response,High,Premium,,12.0,10.0,-0.16666666666666663,False
126,CUST01573,Confluence,Open,Medium,Standard,,10.0,10.0,0.0,False
127,CUST07763,Jira,Open,Low,Premium,,12.0,17.5,0.45833333333333326,False
128,CUST00023,Jira,Pending Customer Response,Low,Premium,,12.5,11.0,-0.12,False
129,CUST03295,Trello,Closed,Medium,Standard,3.0,9.5,8.5,-0.10526315789473684,False
130,CUST00329,Bitbucket,Pending Customer Response,Low,Standard,,7.0,9.5,0.3571428571428572,False
131,CUST03297,Trello,Closed,Medium,Premium,2.0,35.5,33.5,-0.05633802816901412,False
132,CUST06978,Confluence,Pending Customer Response,Critical,Free,,3.0,6.0,1.0,False
133,CUST07120,Jira,Open,Medium,Free,,21.0,22.5,0.0714285714285714,False
134,CUST05473,Bitbucket,Closed,Critical,Standard,5.0,9.5,11.0,0.1578947368421053,False
135,CUST07397,Jira,Closed,Critical,Standard,2.0,21.5,20.0,-0.06976744186046513,False
136,CUST05327,Confluence,Pending Customer Response,Low,Premium,,6.5,11.0,0.6923076923076923,False
137,CUST00098,Loom,Open,Critical,Premium,,20.5,20.5,0.0,False
138,CUST03882,Bitbucket,Closed,Low,Premium,4.0,21.0,24.0,0.1428571428571428,False
139,CUST00336,Trello,Closed,Critical,Premium,2.0,24.5,26.0,0.061224489795918435,False
140,CUST00671,Loom,Pending Customer Response,Low,Premium,,3.0,4.0,0.33333333333333326,False
141,CUST03209,Confluence,Closed,Critical,Premium,1.0,8.5,9.0,0.05882352941176472,False
142,CUST07441,Loom,Closed,High,Free,2.0,8.5,8.5,0.0,False
143,CUST06900,Loom,Pending Customer Response,High,Enterprise,,6.0,8.5,0.41666666666666674,False
144,CUST01488,Trello,Open,Critical,Premium,,28.0,28.0,0.0,False
145,CUST05068,Trello,Open,Low,Premium,,25.0,27.5,0.10000000000000009,False
146,CUST04705,Confluence,Pending Customer Response,Medium,Premium,,8.0,8.0,0.0,False
147,CUST03268,Jira,Open,Low,Free,,19.5,16.0,-0.17948717948717952,False
148,CUST05968,Jira,Closed,Low,Standard,3.0,20.5,18.5,-0.09756097560975607,False
149,CUST06051,Confluence,Closed,High,Standard,1.0,18.0,24.0,0.33333333333333326,False
150,CUST07306,Confluence,Closed,Critical,Premium,3.0,23.0,21.5,-0.06521739130434778,False
151,CUST00580,Loom,Closed,Critical,Standard,4.0,16.0,12.5,-0.21875,True
152,CUST02455,Jira,Pending Customer Response,Medium,Standard,,34.0,32.5,-0.044117647058823484,False
153,CUST00927,Jira,Pending Customer Response,Low,Premium,,29.0,22.5,-0.22413793103448276,True
154,CUST05367,Bitbucket,Pending Customer Response,Medium,Premium,,20.0,20.5,0.02499999999999991,False
155,CUST01965,Loom,Open,Medium,Premium,,9.0,7.0,-0.2222222222222222,True
156,CUST04924,Loom,Open,Low,Free,,8.5,6.5,-0.23529411764705888,True
157,CUST06440,Trello,Open,Low,Premium,,24.0,24.5,0.02083333333333326,False
158,CUST06778,Bitbucket,Open,Medium,Premium,,17.0,19.5,0.1470588235294117,False
159,CUST07932,Loom,Pending Customer Response,Low,Enterprise,,14.5,13.0,-0.10344827586206895,False
160,CUST06364,Bitbucket,Pending Customer Response,High,Free,,5.5,6.5,0.18181818181818188,False
161,CUST05082,Jira,Pending Customer Response,High,Standard,,16.0,17.5,0.09375,False
162,CUST02148,Loom,Closed,High,Premium,3.0,25.0,26.5,0.06000000000000005,False
163,CUST00349,Loom,Closed,Critical,Standard,1.0,6.0,4.0,-0.33333333333333337,True
164,CUST03111,Loom,Closed,Medium,Enterprise,3.0,25.0,25.5,0.020000000000000018,False
165,CUST00528,Loom,Closed,Low,Enterprise,5.0,20.5,17.5,-0.14634146341463417,False
166,CUST05021,Jira,Pending Customer Response,Low,Premium,,26.0,28.5,0.09615384615384626,False
167,CUST06466,Jira,Closed,Medium,Enterprise,3.0,35.5,36.0,0.014084507042253502,False
168,CUST02076,Jira,Closed,Medium,Enterprise,3.0,23.0,24.0,0.04347826086956519,False
169,CUST01593,Jira,Open,High,Free,,13.5,13.5,0.0,False
170,CUST07387,Bitbucket,Closed,Medium,Free,1.0,7.5,9.0,0.19999999999999996,False
171,CUST00762,Loom,Closed,Low,Standard,4.0,13.0,6.0,-0.5384615384615384,True
172,CUST01354,Loom,Open,Low,Premium,,9.0,12.0,0.33333333333333326,False
173,CUST05818,Trello,Pending Customer Response,Medium,Standard,,8.0,13.5,0.6875,False
174,CUST02346,Jira,Pending Customer Response,Medium,Standard,,8.5,12.5,0.47058823529411775,False
175,CUST00411,Confluence,Pending Customer Response,Critical,Premium,,32.0,33.0,0.03125,False
176,CUST06622,Jira,Closed,Medium,Free,4.0,9.0,9.0,0.0,False
177,CUST08220,Confluence,Pending Customer Response,Medium,Premium,,13.5,12.0,-0.11111111111111116,False
178,CUST04850,Loom,Pending Customer Response,High,Standard,,21.0,21.5,0.023809523809523725,False
179,CUST05069,Trello,Open,Medium,Standard,,22.5,24.0,0.06666666666666665,False
180,CUST05618,Loom,Pending Customer Response,Critical,Premium,,20.5,20.5,0.0,False
181,CUST03650,Confluence,Pending Customer Response,Medium,Enterprise,,19.0,20.0,0.05263157894736836,False
182,CUST01993,Bitbucket,Pending Customer Response,Critical,Standard,,7.0,7.5,0.0714285714285714,False
183,CUST05134,Confluence,Closed,High,Standard,4.0,11.5,11.0,-0.04347826086956519,False
184,CUST06092,Loom,Closed,Medium,Enterprise,4.0,3.5,6.5,0.8571428571428572,False
185,CUST08306,Loom,Pending Customer Response,High,Standard,,4.5,3.5,-0.2222222222222222,True
186,CUST03229,Confluence,Open,Low,Premium,,12.5,10.0,-0.19999999999999996,False
187,CUST04298,Trello,Pending Customer Response,Medium,Premium,,25.5,19.5,-0.23529411764705888,True
188,CUST06897,Jira,Pending Customer Response,Low,Standard,,14.5,12.0,-0.1724137931034483,False
189,CUST01345,Loom,Closed,High,Enterprise,1.0,18.5,15.5,-0.16216216216216217,False
190,CUST01389,Confluence,Open,Critical,Enterprise,,25.5,20.0,-0.21568627450980393,True
191,CUST06889,Trello,Pending Customer Response,Critical,Premium,,21.5,29.5,0.37209302325581395,False
192,CUST05888,Confluence,Pending Customer Response,Low,Enterprise,,27.0,30.5,0.12962962962962954,False
193,CUST05101,Jira,Closed,Medium,Standard,1.0,26.5,24.0,-0.09433962264150941,False
194,CUST00169,Jira,Pending Customer Response,Critical,Premium,,23.5,15.5,-0.34042553191489366,True
195,CUST06096,Confluence,Closed,Medium,Standard,2.0,13.5,13.5,0.0,False
196,CUST06025,Trello,Open,High,Enterprise,,37.0,41.5,0.12162162162162171,False
197,CUST06957,Loom,Pending Customer Response,Low,Standard,,37.5,37.5,0.0,False
198,CUST07682,Confluence,Closed,High,Enterprise,3.0,24.5,24.5,0.0,False
199,CUST01361,Bitbucket,Closed,Critical,Standard,5.0,12.5,14.0,0.1200000000000001,False
200,CUST02814,Trello,Closed,Medium,Standard,5.0,8.5,14.0,0.6470588235294117,False
201,CUST02960,Trello,Open,Critical,Standard,,21.0,16.5,-0.2142857142857143,True
202,CUST01376,Jira,Open,Medium,Free,,9.0,7.5,-0.16666666666666663,False
203,CUST02570,Jira,Open,Medium,Free,,4.5,4.0,-0.11111111111111116,False
204,CUST03327,Loom,Pending Customer Response,Low,Free,,7.0,8.0,0.1428571428571428,False
205,CUST02198,Bitbucket,Closed,High,Standard,3.0,25.5,26.0,0.019607843137254832,False
206,CUST03366,Bitbucket,Closed,Medium,Premium,1.0,18.0,13.0,-0.2777777777777778,True
207,CUST04064,Loom,Open,High,Free,,10.0,12.0,0.19999999999999996,False
208,CUST06490,Trello,Pending Customer Response,Critical,Enterprise,,17.5,18.5,0.05714285714285716,False
209,CUST06128,Trello,Open,High,Free,,19.0,22.5,0.18421052631578938,False
210,CUST01114,Confluence,Closed,Low,Enterprise,1.0,18.5,13.5,-0.2702702702702703,True
211,CUST05229,Confluence,Pending Customer Response,Low,Premium,,10.5,15.5,0.4761904761904763,False
212,CUST03683,Confluence,Pending Customer Response,Low,Enterprise,,22.0,24.5,0.11363636363636354,False
213,CUST00530,Bitbucket,Open,Medium,Standard,,20.0,21.5,0.07499999999999996,False
214,CUST04765,Jira,Open,High,Free,,10.0,6.5,-0.35,True
215,CUST00089,Trello,Open,Low,Premium,,18.0,22.5,0.25,False
216,CUST06175,Confluence,Open,Critical,Free,,5.0,8.5,0.7,False
217,CUST07753,Confluence,Pending Customer Response,High,Premium,,19.0,19.0,0.0,False
218,CUST05199,Bitbucket,Open,Low,Standard,,30.0,33.0,0.10000000000000009,False
219,CUST08250,Confluence,Pending Customer Response,Critical,Standard,,14.0,12.0,-0.1428571428571429,False
220,CUST07328,Trello,Closed,Critical,Standard,2.0,27.5,30.0,0.09090909090909083,False
221,CUST03850,Bitbucket,Closed,Medium,Standard,5.0,18.5,18.5,0.0,False
222,CUST07781,Loom,Pending Customer Response,Critical,Premium,,5.5,6.5,0.18181818181818188,False
223,CUST08149,Confluence,Pending Customer Response,Critical,Enterprise,,23.5,25.0,0.06382978723404253,False
224,CUST03419,Jira,Pending Customer Response,Low,Standard,,30.0,31.5,0.050000000000000044,False
225,CUST02084,Jira,Open,Medium,Standard,,7.5,12.0,0.6000000000000001,False
226,CUST00380,Jira,Closed,High,Standard,4.0,35.0,32.5,-0.0714285714285714,False
227,CUST07605,Jira,Closed,High,Premium,4.0,17.0,19.5,0.1470588235294117,False
228,CUST03892,Loom,Pending Customer Response,Low,Premium,,19.5,14.5,-0.2564102564102564,True
229,CUST06301,Loom,Open,Low,Free,,11.0,10.0,-0.09090909090909094,False
230,CUST06918,Jira,Closed,Critical,Premium,2.0,8.5,9.0,0.05882352941176472,False
231,CUST00827,Loom,Pending Customer Response,Low,Free,,12.5,5.5,-0.56,True
232,CUST01898,Trello,Pending Customer Response,High,Standard,,7.0,8.0,0.1428571428571428,False
233,CUST06707,Loom,Open,High,Free,,11.5,12.0,0.04347826086956519,False
234,CUST00303,Loom,Pending Customer Response,High,Enterprise,,15.0,9.5,-0.3666666666666667,True
235,CUST03581,Loom,Open,Critical,Standard,,11.5,11.0,-0.04347826086956519,False
236,CUST07908,Trello,Pending Customer Response,Critical,Premium,,15.5,16.0,0.032258064516129004,False
237,CUST06375,Trello,Closed,Critical,Standard,3.0,19.5,18.5,-0.05128205128205132,False
238,CUST04610,Bitbucket,Closed,High,Free,4.0,17.0,17.0,0.0,False
239,CUST01884,Confluence,Pending Customer Response,Critical,Premium,,25.5,27.0,0.05882352941176472,False
240,CUST03723,Trello,Open,Low,Standard,,13.0,18.5,0.42307692307692313,False
241,CUST03088,Confluence,Closed,Low,Premium,5.0,11.5,17.0,0.4782608695652173,False
242,CUST07351,Trello,Closed,Low,Standard,2.0,36.5,34.5,-0.0547945205479452,False
243,CUST01556,Confluence,Open,Critical,Standard,,7.5,10.0,0.33333333333333326,False
244,CUST05486,Confluence,Pending Customer Response,Critical,Enterprise,,39.0,31.0,-0.20512820512820518,True
245,CUST06015,Loom,Pending Customer Response,Medium,Premium,,7.5,5.5,-0.2666666666666667,True
246,CUST02167,Trello,Pending Customer Response,Medium,Premium,,15.0,14.5,-0.033333333333333326,False
247,CUST04873,Jira,Pending Customer Response,Medium,Premium,,52.0,49.5,-0.04807692307692313,False
248,CUST01333,Jira,Open,Medium,Standard,,11.0,15.0,0.36363636363636354,False
249,CUST06818,Bitbucket,Pending Customer Response,Critical,Standard,,16.0,13.0,-0.1875,False
250,CUST01127,Loom,Closed,High,Standard,3.0,9.5,7.0,-0.26315789473684215,True
251,CUST01322,Loom,Closed,Critical,Free,2.0,13.5,7.0,-0.4814814814814815,True
252,CUST06476,Jira,Pending Customer Response,Critical,Premium,,19.0,17.5,-0.07894736842105265,False
253,CUST02444,Bitbucket,Pending Customer Response,High,Standard,,21.5,23.5,0.09302325581395343,False
254,CUST01754,Confluence,Pending Customer Response,High,Free,,11.0,11.0,0.0,False
255,CUST06045,Loom,Pending Customer Response,Low,Free,,11.0,3.0,-0.7272727272727273,True
256,CUST08238,Bitbucket,Open,High,Standard,,13.5,9.5,-0.2962962962962963,True
257,CUST02263,Bitbucket,Pending Customer Response,High,Premium,,34.5,32.5,-0.05797101449275366,False
258,CUST05717,Confluence,Open,High,Standard,,22.5,24.0,0.06666666666666665,False
259,CUST07756,Bitbucket,Open,High,Enterprise,,23.0,21.5,-0.06521739130434778,False
260,CUST04654,Jira,Closed,Low,Enterprise,5.0,17.0,16.0,-0.05882352941176472,False
261,CUST05767,Bitbucket,Pending Customer Response,High,Free,,5.0,5.5,0.10000000000000009,False
262,CUST06324,Trello,Open,Critical,Premium,,21.5,27.0,0.2558139534883721,False
263,CUST04250,Jira,Closed,Medium,Standard,2.0,14.5,16.5,0.13793103448275867,False
264,CUST08173,Jira,Open,Medium,Enterprise,,17.0,18.5,0.08823529411764697,False
265,CUST07589,Bitbucket,Closed,Critical,Premium,3.0,24.5,24.0,-0.020408163265306145,False
266,CUST06526,Loom,Closed,Medium,Standard,2.0,5.0,6.5,0.30000000000000004,False
267,CUST02932,Bitbucket,Open,High,Enterprise,,36.0,44.0,0.22222222222222232,False
268,CUST05431,Bitbucket,Open,Low,Enterprise,,16.0,16.5,0.03125,False
269,CUST08203,Jira,Pending Customer Response,Medium,Standard,,19.0,19.0,0.0,False
270,CUST01429,Confluence,Closed,High,Enterprise,3.0,32.5,29.5,-0.09230769230769231,False
271,CUST08026,Jira,Closed,Critical,Enterprise,1.0,35.0,33.5,-0.042857142857142816,False
272,CUST06517,Bitbucket,Open,Critical,Standard,,15.5,9.0,-0.4193548387096774,True
273,CUST05339,Loom,Pending Customer Response,Critical,Standard,,4.5,6.5,0.4444444444444444,False
274,CUST01589,Confluence,Open,High,Free,,10.0,9.5,-0.050000000000000044,False
275,CUST05587,Confluence,Open,Medium,Standard,,12.5,12.0,-0.040000000000000036,False
276,CUST03991,Loom,Open,Low,Premium,,10.5,14.5,0.38095238095238093,False
277,CUST07243,Jira,Open,Medium,Standard,,12.0,16.0,0.33333333333333326,False
278,CUST07293,Bitbucket,Closed,Medium,Enterprise,4.0,13.0,12.5,-0.038461538461538436,False
279,CUST05626,Jira,Closed,Low,Free,5.0,12.5,10.5,-0.16000000000000003,False
280,CUST03381,Jira,Pending Customer Response,High,Standard,,15.0,13.0,-0.1333333333333333,False
281,CUST00268,Loom,Closed,Critical,Premium,2.0,30.5,30.5,0.0,False
282,CUST01475,Jira,Pending Customer Response,Low,Free,,17.5,17.0,-0.02857142857142858,False
283,CUST00820,Loom,Open,Low,Standard,,13.0,14.5,0.11538461538461542,False
284,CUST04332,Trello,Open,Critical,Standard,,15.5,17.0,0.09677419354838701,False
285,CUST05133,Jira,Pending Customer Response,Low,Standard,,12.5,12.5,0.0,False
286,CUST03649,Bitbucket,Pending Customer Response,Medium,Enterprise,,14.5,17.0,0.17241379310344818,False
287,CUST00402,Bitbucket,Pending Customer Response,Critical,Free,,6.5,9.5,0.46153846153846145,False
288,CUST04199,Loom,Open,Low,Free,,7.5,7.0,-0.06666666666666665,False
289,CUST04404,Jira,Open,High,Standard,,8.5,13.0,0.5294117647058822,False
290,CUST08268,Loom,Pending Customer Response,Critical,Free,,5.0,6.0,0.19999999999999996,False
291,CUST07585,Loom,Pending Customer Response,Low,Premium,,15.0,17.5,0.16666666666666674,False
292,CUST04577,Loom,Open,High,Standard,,26.0,26.0,0.0,False
293,CUST06406,Confluence,Closed,High,Premium,2.0,12.5,11.5,-0.07999999999999996,False
294,CUST07735,Loom,Open,Critical,Standard,,7.5,6.0,-0.19999999999999996,False
295,CUST07818,Confluence,Closed,Critical,Standard,3.0,35.5,40.0,0.12676056338028174,False
296,CUST04482,Loom,Open,Medium,Premium,,8.0,7.5,-0.0625,False
297,CUST07316,Jira,Closed,Medium,Standard,5.0,27.0,22.5,-0.16666666666666663,False
298,CUST08223,Jira,Closed,Critical,Standard,2.0,12.0,5.5,-0.5416666666666667,True
299,CUST02504,Jira,Open,Low,Free,,13.0,12.5,-0.038461538461538436,False
300,CUST06623,Trello,Pending Customer Response,Medium,Premium,,30.5,25.5,-0.16393442622950816,False
301,CUST03382,Bitbucket,Open,High,Standard,,17.0,21.0,0.23529411764705888,False
302,CUST04652,Trello,Open,Medium,Free,,8.0,9.5,0.1875,False
303,CUST07221,Bitbucket,Closed,Medium,Standard,1.0,20.0,20.5,0.02499999999999991,False
304,CUST03593,Loom,Pending Customer Response,Medium,Standard,,14.5,16.0,0.10344827586206895,False
305,CUST00845,Bitbucket,Closed,Medium,Premium,5.0,19.5,16.5,-0.15384615384615385,False
306,CUST05739,Jira,Open,Critical,Standard,,12.5,18.5,0.48,False
307,CUST02820,Bitbucket,Closed,Low,Standard,2.0,15.0,18.0,0.19999999999999996,False
308,CUST04126,Loom,Pending Customer Response,Critical,Standard,,17.0,19.0,0.11764705882352944,False
309,CUST03739,Trello,Open,High,Enterprise,,33.0,29.5,-0.10606060606060608,False
310,CUST06934,Confluence,Open,High,Free,,12.5,8.0,-0.36,True
311,CUST07999,Confluence,Closed,High,Enterprise,2.0,21.5,22.0,0.023255813953488413,False
312,CUST02001,Jira,Closed,Critical,Premium,2.0,19.5,21.0,0.07692307692307687,False
313,CUST01569,Jira,Closed,Medium,Free,1.0,38.0,39.5,0.03947368421052633,False
314,CUST03896,Bitbucket,Open,Low,Standard,,6.0,7.0,0.16666666666666674,False
315,CUST03154,Jira,Closed,High,Enterprise,2.0,19.0,20.0,0.05263157894736836,False
316,CUST04494,Trello,Pending Customer Response,Critical,Standard,,14.5,14.5,0.0,False
317,CUST05488,Confluence,Open,High,Premium,,14.5,15.5,0.06896551724137923,False
318,CUST00452,Jira,Closed,Low,Premium,4.0,32.0,32.5,0.015625,False
319,CUST02124,Bitbucket,Pending Customer Response,Medium,Standard,,22.0,20.0,-0.09090909090909094,False
320,CUST06006,Trello,Open,Critical,Premium,,21.0,23.5,0.11904761904761907,False
321,CUST03163,Trello,Closed,Medium,Free,4.0,1.5,2.5,0.6666666666666667,False
322,CUST02941,Trello,Open,High,Premium,,14.0,20.0,0.4285714285714286,False
323,CUST05506,Trello,Closed,Critical,Premium,3.0,16.0,14.0,-0.125,False
324,CUST04310,Trello,Open,Critical,Standard,,19.5,14.0,-0.28205128205128205,True
325,CUST05641,Confluence,Pending Customer Response,Low,Free,,8.0,8.5,0.0625,False
326,CUST05014,Jira,Closed,Low,Free,4.0,10.0,11.0,0.10000000000000009,False
327,CUST02707,Bitbucket,Pending Customer Response,Critical,Enterprise,,34.0,35.0,0.02941176470588225,False
328,CUST05984,Loom,Open,Low,Enterprise,,9.0,4.5,-0.5,True
329,CUST04108,Bitbucket,Open,Medium,Premium,,21.0,21.0,0.0,False
330,CUST06462,Jira,Closed,Medium,Standard,5.0,23.5,26.0,0.1063829787234043,False
331,CUST00717,Jira,Open,Low,Enterprise,,18.0,18.5,0.02777777777777768,False
332,CUST00112,Trello,Pending Customer Response,Medium,Premium,,16.5,20.5,0.24242424242424243,False
333,CUST03319,Trello,Closed,Medium,Free,2.0,12.5,11.0,-0.12,False
334,CUST02593,Confluence,Closed,Medium,Standard,2.0,8.5,7.5,-0.11764705882352944,False
335,CUST01292,Jira,Pending Customer Response,High,Premium,,36.0,32.5,-0.09722222222222221,False
336,CUST02688,Bitbucket,Open,High,Free,,27.5,26.0,-0.054545454545454564,False
337,CUST02375,Bitbucket,Pending Customer Response,Critical,Enterprise,,7.5,9.5,0.2666666666666666,False
338,CUST01624,Confluence,Open,High,Free,,9.0,10.5,0.16666666666666674,False
339,CUST05674,Trello,Closed,Critical,Standard,3.0,18.0,15.5,-0.13888888888888884,False
340,CUST06055,Loom,Closed,Low,Standard,1.0,4.0,11.0,1.75,False
341,CUST07020,Trello,Open,Medium,Premium,,13.0,13.5,0.03846153846153855,False
342,CUST04565,Bitbucket,Pending Customer Response,Critical,Free,,10.0,12.5,0.25,False
343,CUST00956,Loom,Closed,Low,Standard,5.0,10.0,8.5,-0.15000000000000002,False
344,CUST02845,Loom,Open,Medium,Standard,,19.0,24.0,0.26315789473684204,False
345,CUST04643,Loom,Closed,High,Free,3.0,8.0,4.0,-0.5,True
346,CUST01844,Jira,Closed,High,Standard,5.0,17.5,16.5,-0.05714285714285716,False
347,CUST01371,Confluence,Open,Low,Premium,,26.5,23.5,-0.1132075471698113,False
348,CUST02708,Loom,Open,Medium,Free,,4.5,5.0,0.11111111111111116,False
349,CUST00426,Bitbucket,Pending Customer Response,Medium,Premium,,19.5,18.0,-0.07692307692307687,False
350,CUST05158,Loom,Closed,Critical,Standard,3.0,4.0,6.5,0.625,False
351,CUST01420,Jira,Closed,Critical,Standard,2.0,24.0,27.5,0.14583333333333326,False
352,CUST01637,Bitbucket,Pending Customer Response,Medium,Premium,,14.5,10.0,-0.31034482758620685,True
353,CUST02753,Loom,Closed,High,Standard,2.0,18.5,17.0,-0.08108108108108103,False
354,CUST06538,Trello,Closed,Critical,Standard,4.0,42.5,41.0,-0.03529411764705881,False
355,CUST03490,Jira,Pending Customer Response,Medium,Premium,,11.0,11.0,0.0,False
356,CUST06002,Confluence,Pending Customer Response,High,Standard,,15.5,11.5,-0.25806451612903225,True
357,CUST03123,Trello,Closed,High,Premium,2.0,21.0,17.5,-0.16666666666666663,False
358,CUST02609,Confluence,Open,Critical,Enterprise,,7.5,10.0,0.33333333333333326,False
359,CUST01513,Bitbucket,Pending Customer Response,Low,Enterprise,,15.5,14.5,-0.06451612903225812,False
360,CUST01474,Confluence,Open,Critical,Enterprise,,25.0,27.0,0.08000000000000007,False
361,CUST07114,Confluence,Closed,Medium,Standard,5.0,23.5,24.0,0.02127659574468077,False
362,CUST00509,Jira,Closed,Medium,Free,4.0,10.5,10.5,0.0,False
363,CUST03509,Confluence,Open,Low,Standard,,11.5,9.5,-0.17391304347826086,False
364,CUST02334,Bitbucket,Open,Critical,Free,,14.5,12.5,-0.13793103448275867,False
365,CUST05569,Bitbucket,Closed,High,Premium,1.0,26.5,26.0,-0.018867924528301883,False
366,CUST03838,Jira,Closed,Medium,Free,3.0,6.0,8.5,0.41666666666666674,False
367,CUST02409,Bitbucket,Open,Critical,Premium,,19.0,15.5,-0.1842105263157895,False
368,CUST04778,Loom,Open,Critical,Enterprise,,9.5,9.0,-0.052631578947368474,False
369,CUST01583,Bitbucket,Pending Customer Response,Low,Standard,,11.5,13.5,0.17391304347826098,False
370,CUST05581,Loom,Pending Customer Response,Low,Enterprise,,8.5,11.0,0.2941176470588236,False
371,CUST07203,Loom,Closed,Medium,Standard,2.0,24.0,20.0,-0.16666666666666663,False
372,CUST07977,Bitbucket,Closed,Medium,Premium,1.0,9.5,15.0,0.5789473684210527,False
373,CUST04970,Bitbucket,Closed,Medium,Premium,5.0,57.0,65.5,0.14912280701754388,False
374,CUST01099,Jira,Closed,Critical,Standard,1.0,21.0,23.5,0.11904761904761907,False
375,CUST06436,Confluence,Pending Customer Response,Low,Standard,,26.5,26.5,0.0,False
376,CUST06331,Jira,Closed,Low,Free,1.0,17.5,14.0,-0.19999999999999996,False
377,CUST01717,Bitbucket,Pending Customer Response,Low,Standard,,27.5,24.0,-0.12727272727272732,False
378,CUST00568,Bitbucket,Open,Medium,Standard,,15.0,15.0,0.0,False
379,CUST03083,Bitbucket,Closed,Medium,Standard,4.0,10.5,7.5,-0.2857142857142857,True
380,CUST01162,Confluence,Open,Medium,Premium,,15.0,20.0,0.33333333333333326,False
381,CUST07778,Jira,Closed,Low,Standard,5.0,31.5,37.0,0.17460317460317465,False
382,CUST04849,Loom,Closed,High,Standard,4.0,20.0,17.5,-0.125,False
383,CUST05196,Jira,Open,Critical,Premium,,17.5,18.5,0.05714285714285716,False
384,CUST08123,Confluence,Closed,High,Premium,3.0,26.0,22.5,-0.13461538461538458,False
385,CUST05115,Loom,Open,Critical,Standard,,5.0,9.0,0.8,False
386,CUST04181,Bitbucket,Closed,Medium,Standard,4.0,12.5,9.5,-0.24,True
387,CUST06267,Trello,Closed,Critical,Standard,2.0,17.5,14.0,-0.19999999999999996,False
388,CUST03084,Trello,Closed,High,Standard,4.0,9.5,7.0,-0.26315789473684215,True
389,CUST04659,Bitbucket,Pending Customer Response,Medium,Premium,,49.5,46.0,-0.07070707070707072,False
390,CUST04146,Trello,Pending Customer Response,Medium,Free,,7.5,7.5,0.0,False
391,CUST06936,Loom,Closed,High,Premium,4.0,19.5,25.0,0.28205128205128216,False
392,CUST03675,Trello,Pending Customer Response,High,Premium,,18.5,22.0,0.18918918918918926,False
393,CUST05667,Bitbucket,Pending Customer Response,Critical,Premium,,29.0,26.0,-0.10344827586206895,False
394,CUST03019,Trello,Pending Customer Response,High,Enterprise,,20.0,25.0,0.25,False
395,CUST06885,Jira,Closed,Critical,Free,1.0,9.5,8.0,-0.1578947368421053,False
396,CUST00582,Bitbucket,Closed,Low,Standard,2.0,20.5,11.5,-0.4390243902439024,True
397,CUST03822,Loom,Pending Customer Response,Low,Standard,,30.5,33.0,0.08196721311475419,False
398,CUST00746,Loom,Open,Medium,Standard,,16.5,17.0,0.030303030303030276,False
399,CUST07477,Trello,Pending Customer Response,Critical,Standard,,19.5,18.5,-0.05128205128205132,False
400,CUST06090,Trello,Pending Customer Response,High,Free,,10.5,13.0,0.23809523809523814,False
401,CUST02995,Confluence,Open,Medium,Free,,10.0,7.5,-0.25,True
402,CUST05905,Jira,Pending Customer Response,Medium,Enterprise,,14.5,12.0,-0.1724137931034483,False
403,CUST05505,Confluence,Closed,Medium,Standard,3.0,18.5,21.0,0.1351351351351351,False
404,CUST04282,Bitbucket,Closed,Low,Enterprise,1.0,27.5,28.5,0.036363636363636376,False
405,CUST07984,Trello,Closed,Critical,Premium,2.0,26.0,23.0,-0.11538461538461542,False
406,CUST03962,Loom,Open,Low,Premium,,10.0,6.5,-0.35,True
407,CUST05625,Confluence,Open,High,Free,,6.5,6.0,-0.07692307692307687,False
408,CUST03265,Loom,Open,Medium,Free,,6.5,6.5,0.0,False
409,CUST06574,Loom,Closed,Critical,Free,2.0,10.0,14.5,0.44999999999999996,False
410,CUST05784,Loom,Open,Medium,Premium,,17.5,16.5,-0.05714285714285716,False
411,CUST06388,Jira,Pending Customer Response,Low,Premium,,17.0,19.5,0.1470588235294117,False
412,CUST08267,Bitbucket,Closed,Low,Premium,4.0,43.5,39.5,-0.09195402298850575,False
413,CUST07393,Bitbucket,Pending Customer Response,Medium,Standard,,17.0,13.0,-0.23529411764705888,True
414,CUST02245,Bitbucket,Open,Low,Premium,,12.5,14.5,0.15999999999999992,False
415,CUST04816,Trello,Open,Critical,Premium,,32.0,28.0,-0.125,False
416,CUST05725,Confluence,Open,Critical,Premium,,20.0,23.0,0.1499999999999999,False
417,CUST01406,Bitbucket,Open,Low,Premium,,10.5,10.0,-0.04761904761904767,False
418,CUST06047,Bitbucket,Open,Critical,Enterprise,,35.0,32.0,-0.08571428571428574,False
419,CUST01750,Jira,Closed,Low,Standard,2.0,42.0,39.0,-0.0714285714285714,False
420,CUST00377,Trello,Open,Critical,Enterprise,,25.5,23.5,-0.07843137254901966,False
421,CUST05736,Bitbucket,Pending Customer Response,Critical,Standard,,11.0,14.0,0.2727272727272727,False
422,CUST03528,Trello,Pending Customer Response,Medium,Enterprise,,26.0,24.5,-0.05769230769230771,False
423,CUST05469,Bitbucket,Pending Customer Response,Low,Standard,,22.0,24.5,0.11363636363636354,False
424,CUST05570,Bitbucket,Pending Customer Response,High,Premium,,50.0,45.0,-0.09999999999999998,False
425,CUST04890,Confluence,Pending Customer Response,High,Free,,5.5,6.0,0.09090909090909083,False
426,CUST03979,Confluence,Open,Low,Free,,5.5,6.0,0.09090909090909083,False
427,CUST05871,Bitbucket,Pending Customer Response,High,Standard,,9.5,13.0,0.368421052631579,False
428,CUST03537,Confluence,Open,Medium,Premium,,37.5,36.0,-0.040000000000000036,False
429,CUST04117,Confluence,Closed,High,Premium,3.0,32.5,30.0,-0.07692307692307687,False
430,CUST04428,Confluence,Closed,Low,Free,1.0,3.5,7.0,1.0,False
431,CUST01385,Jira,Pending Customer Response,Low,Premium,,19.0,13.5,-0.2894736842105263,True
432,CUST04383,Jira,Pending Customer Response,Low,Standard,,20.5,17.5,-0.14634146341463417,False
433,CUST06264,Confluence,Pending Customer Response,Medium,Free,,6.0,3.5,-0.41666666666666663,True
434,CUST06651,Jira,Open,Low,Standard,,21.0,17.5,-0.16666666666666663,False
435,CUST02313,Confluence,Open,Medium,Free,,10.0,6.5,-0.35,True
436,CUST05600,Jira,Pending Customer Response,Critical,Enterprise,,32.0,29.5,-0.078125,False
437,CUST04082,Loom,Open,Low,Free,,10.0,8.0,-0.19999999999999996,False
438,CUST07722,Trello,Closed,Critical,Standard,4.0,16.0,19.5,0.21875,False
439,CUST05436,Confluence,Closed,Medium,Standard,2.0,28.5,26.0,-0.08771929824561409,False
440,CUST04804,Loom,Closed,Low,Free,2.0,4.0,5.5,0.375,False
441,CUST00674,Confluence,Open,Low,Enterprise,,29.0,27.0,-0.06896551724137934,False
442,CUST07006,Bitbucket,Closed,Medium,Standard,2.0,18.0,17.0,-0.05555555555555558,False
443,CUST02769,Jira,Pending Customer Response,Low,Premium,,18.5,21.5,0.16216216216216206,False
444,CUST07475,Trello,Closed,Medium,Premium,3.0,17.0,17.0,0.0,False
445,CUST03284,Bitbucket,Closed,Medium,Premium,1.0,19.5,17.5,-0.10256410256410253,False
446,CUST04919,Trello,Open,Low,Premium,,12.5,12.5,0.0,False
447,CUST07233,Confluence,Pending Customer Response,Medium,Enterprise,,46.5,47.5,0.021505376344086002,False
448,CUST02200,Bitbucket,Pending Customer Response,High,Premium,,39.0,46.0,0.17948717948717952,False
449,CUST05627,Bitbucket,Pending Customer Response,Medium,Standard,,18.0,18.0,0.0,False
450,CUST03253,Trello,Closed,Critical,Standard,1.0,29.0,24.5,-0.15517241379310343,False
451,CUST07283,Jira,Pending Customer Response,Critical,Enterprise,,56.0,53.5,-0.044642857142857095,False
452,CUST01677,Trello,Pending Customer Response,Low,Free,,6.0,8.0,0.33333333333333326,False
453,CUST06279,Jira,Open,Critical,Premium,,12.0,9.5,-0.20833333333333337,True
454,CUST08112,Bitbucket,Closed,High,Standard,1.0,29.5,27.0,-0.0847457627118644,False
455,CUST06511,Loom,Pending Customer Response,Critical,Enterprise,,10.5,13.0,0.23809523809523814,False
456,CUST00192,Trello,Closed,Low,Enterprise,5.0,18.5,20.5,0.10810810810810811,False
457,CUST07357,Loom,Open,Low,Standard,,10.5,14.5,0.38095238095238093,False
458,CUST00072,Loom,Pending Customer Response,Critical,Standard,,17.5,16.0,-0.08571428571428574,False
459,CUST00513,Bitbucket,Closed,Low,Premium,5.0,12.5,13.0,0.040000000000000036,False
460,CUST05077,Jira,Closed,Low,Standard,1.0,11.0,18.0,0.6363636363636365,False
461,CUST04834,Jira,Open,Low,Enterprise,,45.0,44.0,-0.022222222222222254,False
462,CUST06268,Bitbucket,Closed,Critical,Free,3.0,5.5,5.5,0.0,False
463,CUST05616,Confluence,Pending Customer Response,Medium,Standard,,13.0,12.5,-0.038461538461538436,False
464,CUST01956,Trello,Closed,Medium,Standard,2.0,47.5,39.0,-0.17894736842105263,False
465,CUST05918,Confluence,Pending Customer Response,Critical,Standard,,11.0,6.0,-0.4545454545454546,True
466,CUST08117,Confluence,Pending Customer Response,High,Enterprise,,24.0,29.0,0.20833333333333326,False
467,CUST01404,Bitbucket,Open,Medium,Free,,6.5,13.5,1.076923076923077,False
468,CUST03680,Jira,Closed,Critical,Standard,5.0,21.5,21.5,0.0,False
469,CUST05240,Bitbucket,Closed,Low,Premium,2.0,27.5,29.0,0.05454545454545445,False
470,CUST04326,Bitbucket,Open,Low,Standard,,10.5,11.5,0.09523809523809534,False
471,CUST00499,Bitbucket,Closed,Critical,Standard,3.0,11.0,14.0,0.2727272727272727,False
472,CUST02114,Trello,Pending Customer Response,High,Standard,,9.5,11.0,0.1578947368421053,False
473,CUST04518,Confluence,Closed,Medium,Free,4.0,14.0,10.5,-0.25,True
474,CUST02969,Trello,Open,Medium,Free,,11.5,17.0,0.4782608695652173,False
475,CUST05610,Trello,Closed,Low,Standard,1.0,17.0,15.5,-0.08823529411764708,False
476,CUST07952,Confluence,Open,High,Premium,,10.0,16.0,0.6000000000000001,False
477,CUST06675,Loom,Open,Low,Standard,,14.0,14.5,0.03571428571428581,False
478,CUST06291,Loom,Open,Critical,Standard,,3.5,5.0,0.4285714285714286,False
479,CUST03166,Jira,Pending Customer Response,Low,Premium,,18.5,19.5,0.054054054054053946,False
480,CUST02851,Trello,Open,Critical,Premium,,34.5,33.5,-0.02898550724637683,False
481,CUST04220,Loom,Open,Medium,Free,,4.5,1.0,-0.7777777777777778,True
482,CUST01116,Confluence,Pending Customer Response,High,Premium,,16.0,11.0,-0.3125,True
483,CUST03288,Jira,Open,Medium,Standard,,25.0,25.0,0.0,False
484,CUST03236,Bitbucket,Closed,Low,Enterprise,5.0,15.0,25.0,0.6666666666666667,False
485,CUST01416,Trello,Closed,Critical,Premium,5.0,8.5,10.5,0.23529411764705888,False
486,CUST02438,Loom,Closed,Medium,Free,5.0,4.5,2.0,-0.5555555555555556,True
487,CUST07045,Trello,Pending Customer Response,High,Premium,,9.5,12.5,0.3157894736842106,False
488,CUST03633,Bitbucket,Open,Critical,Standard,,12.5,16.5,0.32000000000000006,False
489,CUST02147,Trello,Open,Medium,Premium,,10.5,8.5,-0.19047619047619047,False
490,CUST03591,Trello,Open,High,Standard,,7.0,9.0,0.2857142857142858,False
491,CUST00294,Loom,Pending Customer Response,Low,Standard,,10.5,10.5,0.0,False
492,CUST04632,Jira,Open,High,Enterprise,,20.0,20.0,0.0,False
493,CUST06867,Bitbucket,Closed,Critical,Standard,4.0,14.0,8.0,-0.4285714285714286,True
494,CUST04603,Trello,Open,Critical,Free,,10.5,15.0,0.4285714285714286,False
495,CUST06950,Bitbucket,Open,Low,Enterprise,,18.5,17.0,-0.08108108108108103,False
496,CUST07751,Confluence,Closed,Low,Free,1.0,7.0,10.0,0.4285714285714286,False
497,CUST00360,Loom,Closed,Medium,Standard,1.0,10.0,8.0,-0.19999999999999996,False
498,CUST07237,Loom,Open,Medium,Premium,,15.5,14.5,-0.06451612903225812,False
499,CUST01882,Bitbucket,Open,Critical,Standard,,19.5,22.0,0.1282051282051282,False
500,CUST06232,Bitbucket,Open,Critical,Standard,,19.5,15.5,-0.20512820512820518,True
501,CUST06782,Jira,Closed,High,Premium,5.0,19.0,18.5,-0.02631578947368418,False
502,CUST06788,Trello,Closed,Critical,Enterprise,2.0,16.0,17.0,0.0625,False
503,CUST07396,Jira,Open,High,Free,,14.0,15.5,0.1071428571428572,False
504,CUST03025,Bitbucket,Closed,Medium,Premium,3.0,19.5,24.0,0.23076923076923084,False
505,CUST00898,Loom,Pending Customer Response,Low,Premium,,17.5,16.5,-0.05714285714285716,False
506,CUST06797,Confluence,Pending Customer Response,Critical,Standard,,14.5,13.0,-0.10344827586206895,False
507,CUST00645,Jira,Pending Customer Response,Critical,Premium,,12.5,10.5,-0.16000000000000003,False
508,CUST06332,Confluence,Pending Customer Response,Critical,Standard,,35.0,32.5,-0.0714285714285714,False
509,CUST00904,Confluence,Open,Low,Free,,13.0,15.0,0.15384615384615374,False
510,CUST02371,Trello,Closed,High,Standard,5.0,10.5,13.0,0.23809523809523814,False
511,CUST08290,Bitbucket,Pending Customer Response,Low,Standard,,14.5,15.0,0.034482758620689724,False
512,CUST02265,Trello,Closed,Low,Standard,2.0,13.5,16.0,0.18518518518518512,False
513,CUST04522,Loom,Pending Customer Response,Low,Standard,,7.5,8.0,0.06666666666666665,False
514,CUST07822,Jira,Pending Customer Response,Critical,Standard,,26.5,23.0,-0.13207547169811318,False
515,CUST05351,Bitbucket,Closed,Critical,Standard,1.0,17.5,14.0,-0.19999999999999996,False
516,CUST05212,Jira,Closed,Medium,Enterprise,2.0,29.0,27.5,-0.051724137931034475,False
517,CUST08012,Loom,Closed,Critical,Standard,4.0,17.0,20.0,0.17647058823529416,False
518,CUST08263,Confluence,Open,High,Premium,,12.0,8.5,-0.29166666666666663,True
519,CUST08275,Trello,Closed,Critical,Premium,3.0,17.0,20.0,0.17647058823529416,False
520,CUST05545,Bitbucket,Open,Critical,Enterprise,,19.5,22.0,0.1282051282051282,False
521,CUST07327,Confluence,Pending Customer Response,Critical,Standard,,10.0,9.5,-0.050000000000000044,False
522,CUST01123,Confluence,Pending Customer Response,Low,Standard,,12.0,11.0,-0.08333333333333337,False
523,CUST00993,Jira,Open,High,Premium,,36.5,35.5,-0.0273972602739726,False
524,CUST00456,Jira,Open,High,Free,,24.5,29.0,0.18367346938775508,False
525,CUST08075,Bitbucket,Closed,Low,Free,3.0,12.0,16.5,0.375,False
526,CUST04587,Loom,Closed,Medium,Standard,1.0,17.5,17.5,0.0,False
527,CUST00378,Jira,Closed,Critical,Standard,1.0,16.0,11.5,-0.28125,True
528,CUST00839,Jira,Pending Customer Response,Critical,Enterprise,,20.0,19.0,-0.050000000000000044,False
529,CUST02799,Loom,Pending Customer Response,Low,Standard,,4.5,8.0,0.7777777777777777,False
530,CUST04191,Bitbucket,Pending Customer Response,Medium,Enterprise,,25.5,25.0,-0.019607843137254943,False
531,CUST02788,Jira,Open,Medium,Premium,,8.5,13.5,0.588235294117647,False
532,CUST04956,Loom,Open,Low,Enterprise,,32.5,32.0,-0.01538461538461533,False
533,CUST05157,Bitbucket,Open,High,Free,,26.5,23.5,-0.1132075471698113,False
534,CUST00577,Confluence,Pending Customer Response,Medium,Premium,,14.0,20.5,0.4642857142857142,False
535,CUST04754,Confluence,Closed,Medium,Standard,2.0,24.5,24.0,-0.020408163265306145,False
536,CUST00550,Trello,Open,Medium,Enterprise,,46.0,44.5,-0.03260869565217395,False
537,CUST06351,Jira,Closed,Medium,Enterprise,3.0,30.5,28.5,-0.06557377049180324,False
538,CUST08307,Jira,Pending Customer Response,High,Premium,,20.5,18.5,-0.09756097560975607,False
539,CUST00087,Trello,Open,Medium,Enterprise,,20.5,14.5,-0.29268292682926833,True
540,CUST02520,Trello,Closed,Medium,Premium,3.0,13.0,11.5,-0.11538461538461542,False
541,CUST04630,Trello,Pending Customer Response,Critical,Premium,,15.0,20.5,0.3666666666666667,False
542,CUST07284,Trello,Open,Medium,Premium,,16.0,17.5,0.09375,False
543,CUST07038,Jira,Open,Medium,Free,,9.5,9.5,0.0,False
544,CUST02926,Jira,Closed,Low,Standard,2.0,21.0,27.5,0.30952380952380953,False
545,CUST02625,Loom,Open,Critical,Premium,,12.0,14.5,0.20833333333333326,False
546,CUST07248,Trello,Pending Customer Response,Medium,Free,,16.0,14.5,-0.09375,False
547,CUST00152,Trello,Open,High,Premium,,26.0,25.0,-0.038461538461538436,False
548,CUST03375,Trello,Open,Low,Free,,7.5,7.5,0.0,False
549,CUST07415,Confluence,Pending Customer Response,Low,Premium,,16.5,16.5,0.0,False
550,CUST00908,Trello,Open,Low,Standard,,13.0,12.5,-0.038461538461538436,False
551,CUST02108,Confluence,Open,Low,Premium,,25.0,23.0,-0.07999999999999996,False
552,CUST07418,Loom,Pending Customer Response,Critical,Standard,,4.0,1.5,-0.625,True
553,CUST06981,Trello,Pending Customer Response,Critical,Free,,17.0,14.5,-0.1470588235294118,False
554,CUST04398,Jira,Pending Customer Response,High,Standard,,20.0,13.0,-0.35,True
555,CUST04228,Loom,Open,Critical,Enterprise,,15.0,16.5,0.10000000000000009,False
556,CUST06265,Loom,Closed,Critical,Enterprise,5.0,20.0,19.0,-0.050000000000000044,False
557,CUST05275,Jira,Open,Low,Standard,,24.5,18.0,-0.26530612244897955,True
558,CUST06564,Confluence,Open,Medium,Free,,7.5,7.0,-0.06666666666666665,False
559,CUST06679,Bitbucket,Closed,Critical,Standard,3.0,31.0,23.5,-0.24193548387096775,True
560,CUST06731,Trello,Open,Low,Standard,,14.5,17.5,0.2068965517241379,False
561,CUST03023,Loom,Pending Customer Response,Critical,Enterprise,,24.0,20.0,-0.16666666666666663,False
562,CUST00292,Loom,Closed,Medium,Standard,3.0,9.0,12.5,0.38888888888888884,False
563,CUST08084,Confluence,Pending Customer Response,Medium,Premium,,18.5,15.5,-0.16216216216216217,False
564,CUST02631,Jira,Pending Customer Response,Low,Premium,,13.0,12.0,-0.07692307692307687,False
565,CUST03028,Bitbucket,Closed,High,Premium,5.0,13.0,14.5,0.11538461538461542,False
566,CUST01971,Loom,Open,Low,Standard,,7.0,10.0,0.4285714285714286,False
567,CUST01419,Confluence,Pending Customer Response,Low,Standard,,9.0,4.5,-0.5,True
568,CUST00185,Trello,Closed,High,Standard,1.0,8.5,10.5,0.23529411764705888,False
569,CUST03819,Confluence,Closed,Low,Premium,4.0,14.5,20.0,0.3793103448275863,False
570,CUST05063,Bitbucket,Open,Critical,Premium,,21.0,20.5,-0.023809523809523836,False
571,CUST02671,Trello,Pending Customer Response,Low,Standard,,7.5,6.0,-0.19999999999999996,False
572,CUST02025,Jira,Pending Customer Response,Low,Free,,13.5,19.5,0.4444444444444444,False
573,CUST00487,Bitbucket,Open,Low,Standard,,18.5,20.5,0.10810810810810811,False
574,CUST06892,Trello,Pending Customer Response,Critical,Premium,,26.0,23.0,-0.11538461538461542,False
575,CUST04883,Trello,Closed,Medium,Enterprise,2.0,15.0,4.0,-0.7333333333333334,True
576,CUST07029,Confluence,Closed,Low,Enterprise,4.0,26.5,24.5,-0.07547169811320753,False
577,CUST03367,Jira,Closed,Low,Premium,1.0,17.0,19.5,0.1470588235294117,False
578,CUST04349,Loom,Open,High,Standard,,3.0,8.5,1.8333333333333335,False
579,CUST05396,Jira,Pending Customer Response,Medium,Standard,,19.5,19.5,0.0,False
580,CUST01672,Confluence,Open,Medium,Enterprise,,14.0,23.0,0.6428571428571428,False
581,CUST05601,Confluence,Closed,Critical,Free,2.0,11.5,9.5,-0.17391304347826086,False
582,CUST06876,Bitbucket,Pending Customer Response,Low,Premium,,19.0,17.5,-0.07894736842105265,False
583,CUST07690,Bitbucket,Open,High,Enterprise,,8.0,13.0,0.625,False
584,CUST05050,Loom,Pending Customer Response,High,Premium,,2.5,7.0,1.7999999999999998,False
585,CUST04209,Trello,Open,Critical,Standard,,16.5,18.0,0.09090909090909083,False
586,CUST00321,Loom,Closed,Critical,Premium,2.0,16.5,14.0,-0.1515151515151515,False
587,CUST02279,Bitbucket,Open,Critical,Standard,,11.5,10.5,-0.08695652173913049,False
588,CUST01454,Loom,Closed,Medium,Premium,2.0,14.0,7.5,-0.4642857142857143,True
589,CUST02775,Confluence,Pending Customer Response,Critical,Standard,,23.0,17.5,-0.23913043478260865,True
590,CUST02691,Jira,Closed,High,Standard,5.0,11.5,16.0,0.3913043478260869,False
591,CUST01745,Loom,Pending Customer Response,Low,Enterprise,,7.5,11.0,0.46666666666666656,False
592,CUST08061,Jira,Open,Medium,Enterprise,,25.5,24.5,-0.039215686274509776,False
593,CUST04275,Loom,Open,Critical,Enterprise,,33.5,28.0,-0.16417910447761197,False
594,CUST00470,Jira,Open,Low,Standard,,19.0,15.0,-0.21052631578947367,True
595,CUST05054,Loom,Open,High,Premium,,15.5,16.5,0.06451612903225801,False
596,CUST06835,Confluence,Pending Customer Response,Low,Premium,,17.0,24.5,0.4411764705882353,False
597,CUST06500,Confluence,Closed,Critical,Premium,3.0,22.0,18.0,-0.18181818181818177,False
598,CUST06053,Jira,Closed,High,Standard,4.0,19.5,22.5,0.15384615384615374,False
599,CUST03944,Bitbucket,Closed,Critical,Standard,2.0,13.0,7.0,-0.46153846153846156,True
600,CUST06266,Loom,Pending Customer Response,High,Free,,9.5,4.0,-0.5789473684210527,True
601,CUST04570,Trello,Closed,Low,Enterprise,4.0,25.0,21.5,-0.14,False
602,CUST01070,Confluence,Pending Customer Response,High,Free,,11.0,11.0,0.0,False
603,CUST01367,Confluence,Pending Customer Response,Critical,Premium,,12.5,9.5,-0.24,True
604,CUST04982,Jira,Closed,Critical,Standard,5.0,8.0,16.0,1.0,False
605,CUST07964,Loom,Closed,Critical,Premium,3.0,11.5,10.0,-0.13043478260869568,False
606,CUST07782,Jira,Open,Low,Standard,,17.5,22.5,0.2857142857142858,False
607,CUST02894,Trello,Open,Low,Premium,,10.5,15.5,0.4761904761904763,False
608,CUST01003,Jira,Open,Low,Premium,,14.5,8.5,-0.4137931034482759,True
609,CUST04264,Jira,Open,Critical,Standard,,16.0,16.5,0.03125,False
610,CUST04463,Bitbucket,Pending Customer Response,Medium,Premium,,16.0,16.5,0.03125,False
611,CUST01713,Loom,Pending Customer Response,Low,Free,,3.0,6.5,1.1666666666666665,False
612,CUST05524,Confluence,Closed,Medium,Enterprise,4.0,17.0,13.0,-0.23529411764705888,True
613,CUST06182,Loom,Pending Customer Response,Medium,Premium,,36.0,29.5,-0.18055555555555558,False
614,CUST00020,Jira,Pending Customer Response,Low,Standard,,7.0,10.5,0.5,False
615,CUST07376,Confluence,Pending Customer Response,Medium,Standard,,13.5,10.0,-0.2592592592592593,True
616,CUST06263,Trello,Pending Customer Response,Low,Standard,,14.0,14.5,0.03571428571428581,False
617,CUST05380,Confluence,Open,Medium,Enterprise,,17.5,20.5,0.17142857142857149,False
618,CUST02369,Trello,Open,Low,Standard,,13.0,16.0,0.23076923076923084,False
619,CUST07181,Loom,Pending Customer Response,High,Free,,4.0,7.0,0.75,False
620,CUST07741,Bitbucket,Closed,Low,Standard,4.0,24.5,21.0,-0.1428571428571429,False
621,CUST04065,Trello,Closed,Low,Premium,5.0,21.5,20.5,-0.046511627906976716,False
622,CUST03604,Confluence,Closed,Medium,Standard,2.0,11.0,15.0,0.36363636363636354,False
623,CUST05239,Confluence,Pending Customer Response,High,Standard,,26.0,22.0,-0.15384615384615385,False
624,CUST04080,Trello,Pending Customer Response,Critical,Standard,,15.5,16.5,0.06451612903225801,False
625,CUST08099,Trello,Pending Customer Response,Medium,Free,,3.5,4.0,0.1428571428571428,False
626,CUST06945,Confluence,Pending Customer Response,Low,Standard,,7.5,11.0,0.46666666666666656,False
627,CUST01458,Trello,Open,Critical,Premium,,21.0,19.5,-0.0714285714285714,False
628,CUST00770,Trello,Closed,High,Standard,2.0,18.5,18.0,-0.027027027027026973,False
629,CUST07425,Loom,Pending Customer Response,High,Standard,,4.0,5.5,0.375,False
630,CUST02125,Jira,Open,Critical,Enterprise,,20.0,19.5,-0.025000000000000022,False
631,CUST05281,Bitbucket,Open,Medium,Free,,4.0,4.0,0.0,False
632,CUST07560,Confluence,Pending Customer Response,Low,Premium,,20.5,20.0,-0.024390243902439046,False
633,CUST04360,Trello,Pending Customer Response,Critical,Free,,7.0,3.5,-0.5,True
634,CUST06760,Trello,Pending Customer Response,Low,Standard,,21.5,25.0,0.16279069767441867,False
635,CUST00472,Confluence,Pending Customer Response,Medium,Standard,,30.5,34.0,0.11475409836065564,False
636,CUST04223,Trello,Closed,Medium,Enterprise,3.0,11.0,14.0,0.2727272727272727,False
637,CUST02693,Confluence,Open,Critical,Enterprise,,16.5,21.0,0.2727272727272727,False
638,CUST00158,Loom,Pending Customer Response,Low,Premium,,16.5,12.5,-0.24242424242424243,True
639,CUST04585,Confluence,Pending Customer Response,Critical,Standard,,12.0,17.0,0.41666666666666674,False
640,CUST01651,Confluence,Open,High,Premium,,20.5,17.5,-0.14634146341463417,False
641,CUST02953,Confluence,Closed,Low,Premium,1.0,40.0,37.0,-0.07499999999999996,False
642,CUST02823,Jira,Pending Customer Response,Critical,Free,,17.5,19.0,0.08571428571428563,False
643,CUST06410,Confluence,Closed,High,Standard,2.0,5.5,9.0,0.6363636363636365,False
644,CUST00571,Jira,Closed,Critical,Standard,5.0,47.0,46.5,-0.010638297872340385,False
645,CUST07898,Confluence,Closed,Medium,Free,1.0,14.5,14.0,-0.03448275862068961,False
646,CUST07960,Confluence,Pending Customer Response,Low,Enterprise,,25.5,24.0,-0.05882352941176472,False
647,CUST05249,Bitbucket,Open,Medium,Enterprise,,54.0,57.5,0.06481481481481488,False
648,CUST03894,Bitbucket,Open,Low,Free,,23.0,31.5,0.36956521739130443,False
649,CUST07282,Jira,Closed,Medium,Free,3.0,8.0,11.0,0.375,False
650,CUST00758,Loom,Open,Critical,Premium,,5.5,10.5,0.9090909090909092,False
651,CUST03617,Jira,Pending Customer Response,High,Standard,,16.5,13.0,-0.21212121212121215,True
652,CUST07501,Confluence,Open,High,Standard,,22.0,21.5,-0.022727272727272707,False
653,CUST05981,Confluence,Pending Customer Response,Low,Premium,,24.0,27.5,0.14583333333333326,False
654,CUST03635,Loom,Pending Customer Response,Critical,Free,,5.5,5.0,-0.09090909090909094,False
655,CUST06469,Trello,Closed,High,Enterprise,1.0,32.5,28.0,-0.1384615384615384,False
656,CUST00481,Jira,Open,High,Enterprise,,27.5,31.0,0.1272727272727272,False
657,CUST00713,Loom,Closed,Critical,Standard,1.0,4.5,6.0,0.33333333333333326,False
658,CUST03227,Confluence,Closed,High,Free,2.0,14.0,17.5,0.25,False
659,CUST07607,Loom,Pending Customer Response,Low,Free,,5.5,9.5,0.7272727272727273,False
660,CUST03662,Loom,Open,Medium,Premium,,11.5,11.0,-0.04347826086956519,False
661,CUST01876,Jira,Pending Customer Response,Medium,Premium,,29.5,29.5,0.0,False
662,CUST06065,Trello,Open,Medium,Enterprise,,21.5,20.0,-0.06976744186046513,False
663,CUST05425,Bitbucket,Closed,High,Standard,4.0,9.0,9.0,0.0,False
664,CUST06077,Bitbucket,Open,Medium,Premium,,14.0,14.0,0.0,False
665,CUST03429,Bitbucket,Closed,Low,Free,3.0,15.5,13.5,-0.12903225806451613,False
666,CUST05392,Jira,Closed,Medium,Standard,2.0,12.0,18.5,0.5416666666666667,False
667,CUST06363,Loom,Open,Critical,Premium,,20.5,19.5,-0.04878048780487809,False
668,CUST02858,Bitbucket,Pending Customer Response,Critical,Premium,,17.5,21.5,0.22857142857142865,False
669,CUST05782,Bitbucket,Open,Low,Enterprise,,13.5,9.5,-0.2962962962962963,True
670,CUST02912,Jira,Open,Low,Premium,,15.0,12.0,-0.19999999999999996,False
671,CUST04069,Bitbucket,Closed,Medium,Enterprise,5.0,33.0,31.5,-0.045454545454545414,False
672,CUST05386,Confluence,Pending Customer Response,Low,Free,,12.0,14.0,0.16666666666666674,False
673,CUST00271,Loom,Open,Medium,Premium,,17.0,19.5,0.1470588235294117,False
674,CUST07389,Bitbucket,Closed,Medium,Standard,1.0,12.0,8.0,-0.33333333333333337,True
675,CUST05395,Loom,Open,High,Standard,,11.0,10.0,-0.09090909090909094,False
676,CUST05280,Jira,Open,High,Premium,,38.5,37.5,-0.025974025974025983,False
677,CUST06292,Loom,Open,Medium,Standard,,14.5,15.0,0.034482758620689724,False
678,CUST00368,Loom,Pending Customer Response,High,Standard,,24.0,21.5,-0.10416666666666663,False
679,CUST00063,Jira,Closed,Medium,Premium,3.0,37.5,39.5,0.05333333333333323,False
680,CUST07312,Bitbucket,Closed,Critical,Free,5.0,11.0,12.5,0.13636363636363646,False
681,CUST08032,Bitbucket,Open,Low,Premium,,19.0,24.0,0.26315789473684204,False
682,CUST07455,Confluence,Open,Low,Free,,8.5,2.0,-0.7647058823529411,True
683,CUST02633,Loom,Open,Low,Free,,6.5,4.0,-0.3846153846153846,True
684,CUST05556,Loom,Closed,Critical,Standard,3.0,5.0,10.5,1.1,False
685,CUST04732,Trello,Closed,Critical,Premium,3.0,21.5,25.0,0.16279069767441867,False
686,CUST05664,Loom,Pending Customer Response,High,Standard,,11.5,11.0,-0.04347826086956519,False
687,CUST00723,Bitbucket,Pending Customer Response,Medium,Standard,,20.0,16.5,-0.17500000000000004,False
688,CUST00997,Confluence,Open,Medium,Premium,,15.5,16.5,0.06451612903225801,False
689,CUST04269,Confluence,Closed,Medium,Free,2.0,3.5,3.0,-0.1428571428571429,False
690,CUST05711,Trello,Pending Customer Response,Medium,Free,,11.0,7.5,-0.31818181818181823,True
691,CUST08118,Trello,Closed,Medium,Premium,4.0,18.5,12.0,-0.3513513513513513,True
692,CUST01428,Trello,Closed,High,Free,1.0,10.5,15.5,0.4761904761904763,False
693,CUST02232,Bitbucket,Pending Customer Response,Critical,Standard,,33.0,32.5,-0.015151515151515138,False
694,CUST01506,Confluence,Open,Medium,Standard,,17.5,18.5,0.05714285714285716,False
695,CUST05289,Loom,Pending Customer Response,Medium,Premium,,20.0,18.5,-0.07499999999999996,False
696,CUST02115,Jira,Open,Low,Enterprise,,38.5,42.5,0.10389610389610393,False
697,CUST05334,Confluence,Pending Customer Response,High,Premium,,42.5,40.5,-0.04705882352941182,False
698,CUST00757,Jira,Closed,Critical,Free,5.0,17.0,25.0,0.47058823529411775,False
699,CUST02166,Bitbucket,Pending Customer Response,Low,Standard,,18.0,19.0,0.05555555555555558,False
700,CUST00953,Bitbucket,Closed,Medium,Premium,1.0,14.5,14.0,-0.03448275862068961,False
701,CUST07537,Trello,Open,Critical,Standard,,13.5,11.0,-0.18518518518518523,False
702,CUST05363,Bitbucket,Closed,Critical,Free,5.0,5.0,4.0,-0.19999999999999996,False
703,CUST02377,Trello,Pending Customer Response,High,Enterprise,,18.0,13.5,-0.25,True
704,CUST06002,Confluence,Closed,High,Standard,2.0,15.5,11.5,-0.25806451612903225,True
705,CUST01508,Trello,Closed,High,Enterprise,3.0,23.5,28.5,0.2127659574468086,False
706,CUST04827,Jira,Open,High,Standard,,32.0,31.0,-0.03125,False
707,CUST04308,Trello,Pending Customer Response,High,Free,,10.5,6.5,-0.38095238095238093,True
708,CUST06614,Trello,Closed,Critical,Free,5.0,4.5,7.0,0.5555555555555556,False
709,CUST03851,Jira,Open,Low,Free,,7.5,10.0,0.33333333333333326,False
710,CUST00727,Trello,Pending Customer Response,Critical,Premium,,28.0,25.5,-0.0892857142857143,False
711,CUST04952,Trello,Pending Customer Response,Critical,Standard,,27.0,24.0,-0.11111111111111116,False
712,CUST04365,Trello,Closed,High,Free,2.0,17.5,18.5,0.05714285714285716,False
713,CUST07366,Confluence,Closed,High,Standard,1.0,10.5,12.0,0.1428571428571428,False
714,CUST08092,Confluence,Open,Low,Premium,,35.0,34.0,-0.02857142857142858,False
715,CUST06045,Confluence,Closed,Critical,Free,5.0,14.0,10.0,-0.2857142857142857,True
716,CUST06809,Bitbucket,Open,High,Free,,11.5,11.0,-0.04347826086956519,False
717,CUST04523,Loom,Open,Critical,Premium,,15.5,14.0,-0.09677419354838712,False
718,CUST03336,Confluence,Closed,Low,Standard,2.0,18.5,19.5,0.054054054054053946,False
719,CUST04453,Confluence,Open,Critical,Free,,14.5,13.0,-0.10344827586206895,False
720,CUST06714,Bitbucket,Open,Critical,Free,,10.5,7.5,-0.2857142857142857,True
721,CUST01408,Trello,Closed,Critical,Premium,1.0,17.5,19.0,0.08571428571428563,False
722,CUST07551,Jira,Pending Customer Response,Low,Enterprise,,37.5,46.0,0.22666666666666657,False
723,CUST03610,Trello,Closed,Medium,Enterprise,1.0,14.5,14.5,0.0,False
724,CUST06886,Confluence,Open,Low,Standard,,27.0,27.0,0.0,False
725,CUST08133,Trello,Open,Low,Free,,14.5,20.0,0.3793103448275863,False
726,CUST02846,Jira,Open,Low,Standard,,31.0,35.0,0.12903225806451624,False
727,CUST08153,Bitbucket,Pending Customer Response,Medium,Standard,,29.0,33.0,0.13793103448275867,False
728,CUST02914,Loom,Open,Critical,Premium,,8.0,7.0,-0.125,False
729,CUST02101,Confluence,Closed,High,Standard,2.0,14.0,12.0,-0.1428571428571429,False
730,CUST00101,Bitbucket,Closed,Low,Standard,4.0,9.0,5.5,-0.38888888888888884,True
731,CUST07578,Confluence,Open,Low,Standard,,15.5,16.5,0.06451612903225801,False
732,CUST06589,Bitbucket,Pending Customer Response,Low,Standard,,24.0,21.5,-0.10416666666666663,False
733,CUST06434,Trello,Pending Customer Response,Critical,Free,,28.0,26.5,-0.0535714285714286,False
734,CUST06305,Confluence,Closed,Medium,Free,4.0,9.0,6.5,-0.2777777777777778,True
735,CUST08111,Jira,Closed,Critical,Standard,2.0,7.5,4.5,-0.4,True
736,CUST01935,Bitbucket,Closed,High,Enterprise,1.0,18.0,14.0,-0.2222222222222222,True
737,CUST07880,Loom,Open,High,Standard,,5.0,11.5,1.2999999999999998,False
738,CUST07740,Loom,Pending Customer Response,Low,Standard,,11.5,9.0,-0.21739130434782605,True
739,CUST00526,Jira,Open,High,Premium,,34.0,31.0,-0.08823529411764708,False
740,CUST07832,Confluence,Pending Customer Response,Medium,Premium,,19.0,16.5,-0.13157894736842102,False
741,CUST02230,Bitbucket,Closed,Critical,Standard,1.0,25.0,23.0,-0.07999999999999996,False
742,CUST06443,Bitbucket,Open,Critical,Standard,,22.5,21.5,-0.0444444444444444,False
743,CUST06445,Loom,Open,Critical,Premium,,11.0,12.0,0.09090909090909083,False
744,CUST04543,Bitbucket,Closed,Critical,Premium,4.0,14.0,6.5,-0.5357142857142857,True
745,CUST04681,Loom,Pending Customer Response,Low,Standard,,18.0,13.0,-0.2777777777777778,True
746,CUST08175,Jira,Pending Customer Response,Medium,Free,,19.0,17.0,-0.10526315789473684,False
747,CUST06424,Confluence,Closed,High,Free,3.0,3.0,5.5,0.8333333333333333,False
748,CUST03642,Bitbucket,Pending Customer Response,Low,Standard,,41.0,47.5,0.15853658536585358,False
749,CUST01248,Jira,Closed,Critical,Standard,2.0,12.0,17.0,0.41666666666666674,False
750,CUST05010,Confluence,Open,Critical,Standard,,13.0,12.0,-0.07692307692307687,False
751,CUST01128,Jira,Pending Customer Response,Critical,Free,,7.0,13.0,0.8571428571428572,False
752,CUST04763,Confluence,Open,Medium,Standard,,17.0,21.5,0.2647058823529411,False
753,CUST06229,Jira,Closed,Critical,Standard,5.0,9.5,8.0,-0.1578947368421053,False
754,CUST00001,Loom,Open,Low,Standard,,7.0,8.5,0.2142857142857142,False
755,CUST06915,Loom,Closed,Medium,Premium,4.0,12.0,8.5,-0.29166666666666663,True
756,CUST03384,Confluence,Closed,High,Premium,2.0,6.5,4.0,-0.3846153846153846,True
757,CUST03933,Confluence,Open,Low,Enterprise,,17.0,12.0,-0.2941176470588235,True
758,CUST06039,Bitbucket,Pending Customer Response,Medium,Premium,,11.0,8.0,-0.2727272727272727,True
759,CUST02956,Confluence,Open,Medium,Free,,8.5,8.5,0.0,False
760,CUST07268,Bitbucket,Pending Customer Response,Low,Standard,,4.0,5.5,0.375,False
761,CUST06795,Confluence,Closed,Critical,Standard,1.0,14.5,12.5,-0.13793103448275867,False
762,CUST00976,Bitbucket,Pending Customer Response,High,Enterprise,,35.0,33.5,-0.042857142857142816,False
763,CUST07369,Bitbucket,Pending Customer Response,Medium,Free,,17.0,17.5,0.02941176470588225,False
764,CUST05094,Loom,Closed,Medium,Free,5.0,9.0,6.0,-0.33333333333333337,True
765,CUST07627,Confluence,Closed,Medium,Enterprise,1.0,10.0,8.5,-0.15000000000000002,False
766,CUST03752,Trello,Closed,Critical,Standard,5.0,6.0,8.0,0.33333333333333326,False
767,CUST07272,Trello,Open,Medium,Standard,,18.0,15.5,-0.13888888888888884,False
768,CUST01847,Confluence,Pending Customer Response,Low,Premium,,29.0,25.5,-0.12068965517241381,False
769,CUST00067,Trello,Open,Medium,Standard,,19.5,24.5,0.2564102564102564,False
770,CUST04330,Trello,Closed,High,Standard,4.0,18.0,18.5,0.02777777777777768,False
771,CUST02138,Confluence,Pending Customer Response,Low,Premium,,12.0,16.0,0.33333333333333326,False
772,CUST01542,Jira,Pending Customer Response,Medium,Premium,,36.0,34.0,-0.05555555555555558,False
773,CUST06367,Trello,Closed,Medium,Standard,5.0,9.5,13.5,0.42105263157894735,False
774,CUST05698,Jira,Open,Low,Premium,,24.5,24.5,0.0,False
775,CUST03282,Trello,Open,Medium,Standard,,22.5,21.0,-0.06666666666666665,False
776,CUST00327,Confluence,Open,Low,Premium,,16.5,12.0,-0.2727272727272727,True
777,CUST06044,Trello,Closed,Critical,Standard,5.0,10.5,16.5,0.5714285714285714,False
778,CUST05580,Confluence,Open,Medium,Premium,,7.0,7.5,0.0714285714285714,False
779,CUST01897,Trello,Open,Low,Standard,,18.5,22.5,0.21621621621621623,False
780,CUST07214,Confluence,Open,Critical,Free,,8.0,10.0,0.25,False
781,CUST05226,Loom,Closed,Low,Free,4.0,7.0,5.0,-0.2857142857142857,True
782,CUST00686,Jira,Open,Medium,Standard,,10.0,10.5,0.050000000000000044,False
783,CUST04725,Loom,Open,High,Standard,,16.5,17.5,0.06060606060606055,False
784,CUST05677,Bitbucket,Pending Customer Response,Critical,Premium,,36.5,38.0,0.041095890410958846,False
785,CUST06727,Jira,Pending Customer Response,Low,Standard,,19.5,24.5,0.2564102564102564,False
786,CUST02666,Trello,Pending Customer Response,Critical,Premium,,19.0,23.0,0.21052631578947367,False
787,CUST03625,Loom,Closed,Critical,Premium,1.0,14.5,13.5,-0.06896551724137934,False
788,CUST03942,Bitbucket,Pending Customer Response,Critical,Standard,,13.0,11.5,-0.11538461538461542,False
789,CUST04698,Confluence,Open,Critical,Free,,3.5,4.0,0.1428571428571428,False
790,CUST01675,Confluence,Open,Critical,Premium,,16.5,15.0,-0.09090909090909094,False
791,CUST07499,Loom,Closed,High,Premium,4.0,5.5,6.0,0.09090909090909083,False
792,CUST04192,Trello,Closed,Critical,Enterprise,3.0,16.0,13.5,-0.15625,False
793,CUST03096,Trello,Pending Customer Response,Critical,Standard,,25.0,20.5,-0.18000000000000005,False
794,CUST06947,Confluence,Pending Customer Response,Critical,Standard,,14.0,16.5,0.1785714285714286,False
795,CUST07179,Confluence,Open,Low,Premium,,42.5,39.0,-0.08235294117647063,False
796,CUST01687,Loom,Closed,Critical,Free,1.0,3.5,3.5,0.0,False
797,CUST05012,Jira,Pending Customer Response,High,Premium,,25.0,22.0,-0.12,False
798,CUST06439,Trello,Pending Customer Response,Critical,Standard,,29.0,27.0,-0.06896551724137934,False
799,CUST06016,Loom,Closed,High,Standard,3.0,11.0,17.5,0.5909090909090908,False
800,CUST06270,Confluence,Pending Customer Response,Low,Standard,,10.5,11.5,0.09523809523809534,False
801,CUST00734,Jira,Open,Low,Free,,8.0,10.5,0.3125,False
802,CUST02432,Trello,Pending Customer Response,Critical,Premium,,17.0,19.5,0.1470588235294117,False
803,CUST00846,Bitbucket,Pending Customer Response,Medium,Free,,12.5,14.0,0.1200000000000001,False
804,CUST04446,Confluence,Open,Critical,Premium,,20.5,15.5,-0.24390243902439024,True
805,CUST06114,Jira,Pending Customer Response,Medium,Standard,,10.5,14.5,0.38095238095238093,False
806,CUST03497,Jira,Open,Low,Standard,,21.0,22.0,0.04761904761904767,False
807,CUST01169,Confluence,Closed,High,Free,2.0,13.5,11.0,-0.18518518518518523,False
808,CUST06667,Confluence,Pending Customer Response,Medium,Standard,,7.5,7.5,0.0,False
809,CUST02185,Trello,Pending Customer Response,Low,Enterprise,,13.5,12.0,-0.11111111111111116,False
810,CUST03798,Bitbucket,Closed,Medium,Standard,4.0,14.5,14.5,0.0,False
811,CUST07304,Confluence,Pending Customer Response,Medium,Premium,,22.0,25.5,0.15909090909090917,False
812,CUST02471,Jira,Open,High,Standard,,18.5,19.0,0.027027027027026973,False
813,CUST00375,Jira,Open,Medium,Standard,,24.0,29.5,0.22916666666666674,False
814,CUST02884,Bitbucket,Open,Low,Enterprise,,52.5,49.0,-0.06666666666666665,False
815,CUST05934,Jira,Open,Critical,Standard,,12.5,15.5,0.24,False
816,CUST05475,Confluence,Closed,Low,Premium,4.0,24.0,28.0,0.16666666666666674,False
817,CUST02094,Bitbucket,Open,Medium,Premium,,12.0,11.5,-0.04166666666666663,False
818,CUST07629,Bitbucket,Pending Customer Response,Low,Standard,,23.5,23.5,0.0,False
819,CUST00394,Confluence,Closed,High,Premium,3.0,6.0,5.0,-0.16666666666666663,False
820,CUST05706,Loom,Open,Medium,Standard,,13.0,17.5,0.34615384615384626,False
821,CUST00740,Jira,Open,Critical,Standard,,5.0,11.0,1.2000000000000002,False
822,CUST04706,Jira,Closed,Critical,Premium,3.0,25.0,21.5,-0.14,False
823,CUST06343,Trello,Pending Customer Response,Medium,Premium,,48.0,51.0,0.0625,False
824,CUST03345,Trello,Open,Medium,Enterprise,,39.0,34.5,-0.11538461538461542,False
825,CUST03955,Bitbucket,Pending Customer Response,Low,Standard,,31.5,30.0,-0.04761904761904767,False
826,CUST02978,Jira,Open,Medium,Premium,,13.0,16.0,0.23076923076923084,False
827,CUST01181,Confluence,Pending Customer Response,Medium,Premium,,15.5,21.0,0.35483870967741926,False
828,CUST04136,Jira,Closed,Low,Premium,4.0,22.5,20.5,-0.0888888888888889,False
829,CUST03730,Bitbucket,Pending Customer Response,High,Premium,,14.5,18.5,0.27586206896551735,False
830,CUST06354,Jira,Pending Customer Response,Critical,Standard,,15.0,14.5,-0.033333333333333326,False
831,CUST06806,Bitbucket,Pending Customer Response,Critical,Enterprise,,22.5,27.0,0.19999999999999996,False
832,CUST07941,Loom,Open,Low,Premium,,9.0,12.0,0.33333333333333326,False
833,CUST01226,Bitbucket,Open,High,Free,,20.5,19.0,-0.07317073170731703,False
834,CUST06008,Jira,Open,Medium,Standard,,11.5,12.5,0.08695652173913038,False
835,CUST04554,Jira,Closed,Critical,Standard,4.0,12.0,16.0,0.33333333333333326,False
836,CUST00860,Trello,Open,Critical,Standard,,8.0,3.0,-0.625,True
837,CUST07361,Loom,Open,Critical,Free,,5.0,6.0,0.19999999999999996,False
838,CUST07504,Bitbucket,Pending Customer Response,Critical,Free,,7.0,4.0,-0.4285714285714286,True
839,CUST01110,Trello,Closed,Medium,Premium,3.0,27.5,28.0,0.018181818181818077,False
840,CUST03424,Trello,Open,Medium,Standard,,6.0,5.0,-0.16666666666666663,False
841,CUST08302,Confluence,Closed,Critical,Enterprise,5.0,12.5,8.5,-0.31999999999999995,True
842,CUST06896,Confluence,Open,Low,Free,,4.5,6.5,0.4444444444444444,False
843,CUST02165,Trello,Pending Customer Response,Low,Standard,,10.5,12.0,0.1428571428571428,False
844,CUST02353,Confluence,Open,High,Free,,9.5,11.5,0.21052631578947367,False
845,CUST03810,Loom,Open,Low,Standard,,7.5,8.0,0.06666666666666665,False
846,CUST00506,Jira,Pending Customer Response,Low,Standard,,4.0,7.5,0.875,False
847,CUST02170,Bitbucket,Closed,High,Enterprise,4.0,25.0,30.0,0.19999999999999996,False
848,CUST02348,Trello,Pending Customer Response,Low,Premium,,27.0,29.5,0.09259259259259256,False
849,CUST07571,Trello,Pending Customer Response,Medium,Premium,,13.5,10.0,-0.2592592592592593,True
850,CUST04605,Jira,Open,Critical,Enterprise,,20.5,20.0,-0.024390243902439046,False
851,CUST01134,Trello,Closed,Low,Enterprise,1.0,27.0,22.0,-0.18518518518518523,False
852,CUST04572,Confluence,Pending Customer Response,Low,Standard,,11.5,17.5,0.5217391304347827,False
853,CUST01982,Confluence,Closed,Medium,Premium,5.0,13.0,13.0,0.0,False
854,CUST01586,Trello,Pending Customer Response,Medium,Enterprise,,20.5,21.5,0.04878048780487809,False
855,CUST05145,Trello,Closed,High,Free,3.0,13.0,8.0,-0.3846153846153846,True
856,CUST07540,Trello,Closed,High,Free,2.0,5.0,7.5,0.5,False
857,CUST08154,Loom,Pending Customer Response,High,Enterprise,,17.0,14.5,-0.1470588235294118,False
858,CUST00322,Loom,Closed,Medium,Premium,5.0,12.0,13.0,0.08333333333333326,False
859,CUST03685,Bitbucket,Open,Critical,Standard,,26.5,32.5,0.2264150943396226,False
860,CUST03425,Loom,Pending Customer Response,Medium,Premium,,11.5,12.5,0.08695652173913038,False
861,CUST03130,Jira,Pending Customer Response,High,Enterprise,,31.0,31.0,0.0,False
862,CUST01330,Jira,Closed,Medium,Premium,3.0,14.5,10.5,-0.27586206896551724,True
863,CUST01535,Trello,Closed,Low,Premium,2.0,11.0,7.0,-0.36363636363636365,True
864,CUST02351,Trello,Closed,Medium,Standard,1.0,16.0,12.0,-0.25,True
865,CUST02169,Jira,Open,High,Standard,,21.0,22.5,0.0714285714285714,False
866,CUST06454,Trello,Closed,High,Free,5.0,10.5,9.0,-0.1428571428571429,False
867,CUST02088,Trello,Closed,Critical,Standard,3.0,18.5,20.0,0.08108108108108114,False
868,CUST02639,Trello,Pending Customer Response,Low,Standard,,34.0,30.5,-0.1029411764705882,False
869,CUST03684,Loom,Pending Customer Response,Critical,Standard,,9.5,12.5,0.3157894736842106,False
870,CUST07777,Loom,Pending Customer Response,Low,Enterprise,,15.0,9.5,-0.3666666666666667,True
871,CUST02050,Bitbucket,Open,Critical,Enterprise,,29.0,22.5,-0.22413793103448276,True
872,CUST04551,Bitbucket,Pending Customer Response,Low,Premium,,18.0,15.5,-0.13888888888888884,False
873,CUST00466,Confluence,Pending Customer Response,Low,Enterprise,,33.0,35.5,0.07575757575757569,False
874,CUST00163,Loom,Pending Customer Response,Medium,Standard,,10.5,10.5,0.0,False
875,CUST00903,Trello,Open,High,Free,,24.5,23.5,-0.04081632653061229,False
876,CUST06468,Jira,Closed,Medium,Enterprise,3.0,31.0,30.0,-0.032258064516129004,False
877,CUST07965,Trello,Closed,High,Standard,5.0,12.0,9.5,-0.20833333333333337,True
878,CUST04934,Trello,Pending Customer Response,Medium,Standard,,11.0,16.5,0.5,False
879,CUST01102,Trello,Open,Critical,Standard,,24.0,26.5,0.10416666666666674,False
880,CUST01644,Bitbucket,Pending Customer Response,Medium,Premium,,11.5,9.0,-0.21739130434782605,True
881,CUST06946,Jira,Closed,High,Premium,2.0,15.5,16.0,0.032258064516129004,False
882,CUST05912,Jira,Pending Customer Response,Low,Premium,,27.5,22.5,-0.18181818181818177,False
883,CUST06066,Trello,Pending Customer Response,Low,Premium,,31.0,28.0,-0.09677419354838712,False
884,CUST08138,Confluence,Closed,Critical,Free,4.0,5.0,4.0,-0.19999999999999996,False
885,CUST01674,Bitbucket,Open,Low,Premium,,37.0,41.5,0.12162162162162171,False
886,CUST04550,Loom,Pending Customer Response,Low,Enterprise,,7.0,8.0,0.1428571428571428,False
887,CUST07444,Trello,Open,Medium,Premium,,17.0,14.5,-0.1470588235294118,False
888,CUST06190,Loom,Closed,Critical,Free,5.0,4.5,4.5,0.0,False
889,CUST05039,Confluence,Open,Medium,Standard,,16.0,21.0,0.3125,False
890,CUST01224,Bitbucket,Closed,Low,Standard,2.0,8.5,12.0,0.41176470588235303,False
891,CUST03809,Confluence,Open,Critical,Standard,,6.5,3.5,-0.46153846153846156,True
892,CUST07470,Bitbucket,Open,Low,Free,,12.0,16.0,0.33333333333333326,False
893,CUST02709,Confluence,Closed,Medium,Standard,4.0,14.0,17.5,0.25,False
894,CUST01540,Trello,Open,Low,Free,,8.0,6.5,-0.1875,False
895,CUST07399,Jira,Closed,Critical,Enterprise,2.0,24.5,21.5,-0.12244897959183676,False
896,CUST07569,Bitbucket,Closed,Low,Premium,5.0,19.5,24.5,0.2564102564102564,False
897,CUST03666,Bitbucket,Closed,High,Standard,5.0,10.0,6.0,-0.4,True
898,CUST08187,Jira,Closed,Low,Standard,4.0,18.5,19.0,0.027027027027026973,False
899,CUST01073,Trello,Open,Critical,Standard,,9.5,9.5,0.0,False
900,CUST05868,Trello,Pending Customer Response,Medium,Premium,,13.5,12.5,-0.07407407407407407,False
901,CUST04026,Jira,Open,High,Free,,13.0,14.0,0.07692307692307687,False
902,CUST06533,Confluence,Open,Low,Enterprise,,58.0,60.0,0.034482758620689724,False
903,CUST04483,Loom,Pending Customer Response,Low,Free,,6.5,6.0,-0.07692307692307687,False
904,CUST01722,Trello,Closed,Critical,Free,3.0,6.5,8.0,0.23076923076923084,False
905,CUST02962,Loom,Open,High,Standard,,16.5,12.5,-0.24242424242424243,True
906,CUST01798,Jira,Pending Customer Response,Critical,Free,,13.0,15.0,0.15384615384615374,False
907,CUST04803,Trello,Open,High,Enterprise,,11.5,14.0,0.21739130434782616,False
908,CUST08195,Loom,Closed,Critical,Standard,2.0,9.5,7.5,-0.21052631578947367,True
909,CUST01638,Jira,Pending Customer Response,Low,Premium,,25.0,20.0,-0.19999999999999996,False
910,CUST03881,Jira,Open,High,Standard,,5.0,8.0,0.6000000000000001,False
911,CUST05955,Confluence,Open,High,Premium,,25.5,24.5,-0.039215686274509776,False
912,CUST05891,Jira,Closed,Critical,Free,2.0,8.0,6.0,-0.25,True
913,CUST04149,Confluence,Open,Critical,Standard,,14.0,12.5,-0.1071428571428571,False
914,CUST04358,Trello,Closed,High,Standard,4.0,16.5,19.5,0.18181818181818188,False
915,CUST02738,Trello,Pending Customer Response,Critical,Standard,,8.5,12.0,0.41176470588235303,False
916,CUST02980,Trello,Pending Customer Response,Critical,Enterprise,,18.5,19.0,0.027027027027026973,False
917,CUST07139,Jira,Pending Customer Response,Critical,Free,,19.5,20.0,0.02564102564102555,False
918,CUST06124,Jira,Closed,Medium,Free,2.0,12.0,9.0,-0.25,True
919,CUST01150,Loom,Open,Critical,Standard,,5.5,6.0,0.09090909090909083,False
920,CUST01450,Trello,Closed,High,Premium,4.0,20.5,14.5,-0.29268292682926833,True
921,CUST02174,Confluence,Open,Low,Standard,,9.0,9.5,0.05555555555555558,False
922,CUST03058,Jira,Pending Customer Response,Low,Premium,,16.5,19.5,0.18181818181818188,False
923,CUST06862,Trello,Closed,High,Premium,3.0,15.5,14.0,-0.09677419354838712,False
924,CUST07367,Trello,Open,Critical,Standard,,11.5,10.0,-0.13043478260869568,False
925,CUST08086,Bitbucket,Pending Customer Response,Medium,Enterprise,,40.0,36.0,-0.09999999999999998,False
926,CUST00048,Bitbucket,Open,Critical,Standard,,5.0,9.0,0.8,False
927,CUST04178,Bitbucket,Closed,High,Standard,4.0,17.5,14.5,-0.17142857142857137,False
928,CUST03984,Trello,Pending Customer Response,Medium,Free,,6.5,7.5,0.15384615384615374,False
929,CUST03764,Confluence,Pending Customer Response,High,Free,,9.5,9.0,-0.052631578947368474,False
930,CUST05115,Confluence,Closed,Critical,Standard,1.0,12.5,6.5,-0.48,True
931,CUST02291,Trello,Pending Customer Response,Critical,Standard,,10.5,11.0,0.04761904761904767,False
932,CUST04164,Loom,Open,Critical,Standard,,11.0,12.0,0.09090909090909083,False
933,CUST02104,Jira,Open,High,Premium,,23.5,28.0,0.1914893617021276,False
934,CUST05596,Loom,Closed,Medium,Standard,1.0,11.5,13.5,0.17391304347826098,False
935,CUST03709,Jira,Pending Customer Response,Critical,Standard,,19.0,16.5,-0.13157894736842102,False
936,CUST01766,Confluence,Open,Critical,Enterprise,,23.0,26.5,0.15217391304347827,False
937,CUST02564,Bitbucket,Pending Customer Response,Medium,Standard,,10.5,15.5,0.4761904761904763,False
938,CUST05778,Confluence,Closed,High,Free,5.0,10.0,10.0,0.0,False
939,CUST07914,Jira,Closed,Critical,Enterprise,3.0,17.5,19.0,0.08571428571428563,False
940,CUST03182,Bitbucket,Closed,Medium,Premium,2.0,19.0,21.0,0.10526315789473695,False
941,CUST00708,Confluence,Open,Medium,Standard,,14.0,18.0,0.2857142857142858,False
942,CUST05528,Trello,Pending Customer Response,Critical,Standard,,5.0,6.5,0.30000000000000004,False
943,CUST05060,Trello,Open,High,Standard,,11.5,11.5,0.0,False
944,CUST01885,Bitbucket,Pending Customer Response,Medium,Standard,,18.0,16.5,-0.08333333333333337,False
945,CUST03676,Confluence,Closed,Low,Enterprise,5.0,16.0,16.0,0.0,False
946,CUST05840,Jira,Open,Critical,Premium,,17.5,21.5,0.22857142857142865,False
947,CUST03553,Confluence,Pending Customer Response,High,Free,,18.0,20.0,0.11111111111111116,False
948,CUST05617,Jira,Pending Customer Response,Critical,Free,,2.0,7.5,2.75,False
949,CUST02090,Bitbucket,Open,Low,Free,,14.0,13.0,-0.0714285714285714,False
950,CUST03233,Trello,Closed,Medium,Standard,4.0,5.5,8.0,0.4545454545454546,False
951,CUST07394,Jira,Closed,Medium,Enterprise,3.0,23.5,21.0,-0.1063829787234043,False
952,CUST07047,Bitbucket,Open,Critical,Standard,,18.0,16.5,-0.08333333333333337,False
953,CUST04882,Jira,Open,Low,Premium,,34.5,40.0,0.1594202898550725,False
954,CUST06722,Trello,Closed,Medium,Enterprise,5.0,28.5,33.5,0.17543859649122817,False
955,CUST06027,Loom,Closed,Low,Standard,3.0,6.5,7.0,0.07692307692307687,False
956,CUST04061,Loom,Closed,Critical,Standard,5.0,30.5,27.5,-0.09836065573770492,False
957,CUST06579,Bitbucket,Closed,Medium,Standard,1.0,12.5,14.0,0.1200000000000001,False
958,CUST04925,Confluence,Open,High,Premium,,8.5,10.0,0.17647058823529416,False
959,CUST02637,Confluence,Open,Critical,Enterprise,,13.5,15.5,0.14814814814814814,False
960,CUST03477,Trello,Closed,Medium,Free,1.0,7.5,8.5,0.1333333333333333,False
961,CUST01312,Loom,Pending Customer Response,High,Premium,,11.0,10.0,-0.09090909090909094,False
962,CUST07592,Loom,Pending Customer Response,High,Free,,10.5,9.0,-0.1428571428571429,False
963,CUST00849,Loom,Pending Customer Response,Critical,Free,,6.0,3.0,-0.5,True
964,CUST02059,Trello,Closed,Low,Free,5.0,25.0,24.0,-0.040000000000000036,False
965,CUST03710,Loom,Closed,High,Standard,5.0,22.0,22.5,0.022727272727272707,False
966,CUST06005,Jira,Pending Customer Response,Critical,Standard,,10.0,15.5,0.55,False
967,CUST03620,Bitbucket,Open,Medium,Free,,12.5,14.5,0.15999999999999992,False
968,CUST00464,Bitbucket,Pending Customer Response,Critical,Standard,,18.5,18.0,-0.027027027027026973,False
969,CUST02316,Trello,Open,Critical,Enterprise,,11.5,8.0,-0.30434782608695654,True
970,CUST01522,Trello,Open,Critical,Enterprise,,12.5,12.0,-0.040000000000000036,False
971,CUST07177,Trello,Open,High,Standard,,17.0,17.5,0.02941176470588225,False
972,CUST06483,Loom,Pending Customer Response,High,Standard,,7.5,12.5,0.6666666666666667,False
973,CUST04337,Bitbucket,Pending Customer Response,Critical,Enterprise,,19.0,15.5,-0.1842105263157895,False
974,CUST02967,Trello,Closed,Low,Standard,3.0,19.5,16.0,-0.17948717948717952,False
975,CUST03255,Confluence,Pending Customer Response,Low,Free,,8.0,9.5,0.1875,False
976,CUST04625,Confluence,Open,High,Standard,,10.5,8.5,-0.19047619047619047,False
977,CUST03964,Loom,Pending Customer Response,Critical,Premium,,9.0,14.0,0.5555555555555556,False
978,CUST08064,Loom,Open,Medium,Premium,,10.0,14.5,0.44999999999999996,False
979,CUST07003,Loom,Open,High,Standard,,8.5,8.5,0.0,False
980,CUST05062,Trello,Open,Medium,Free,,8.0,7.0,-0.125,False
981,CUST07014,Confluence,Closed,Medium,Standard,3.0,10.5,12.0,0.1428571428571428,False
982,CUST04227,Loom,Pending Customer Response,Medium,Standard,,8.5,8.5,0.0,False
983,CUST00951,Loom,Open,Medium,Standard,,17.5,16.0,-0.08571428571428574,False
984,CUST04972,Bitbucket,Open,Critical,Premium,,22.5,16.0,-0.28888888888888886,True
985,CUST02237,Confluence,Open,Critical,Standard,,8.0,10.0,0.25,False
986,CUST07088,Jira,Open,Low,Premium,,20.0,24.0,0.19999999999999996,False
987,CUST04753,Loom,Closed,Critical,Standard,4.0,15.5,12.0,-0.22580645161290325,True
988,CUST07578,Bitbucket,Pending Customer Response,Critical,Standard,,11.0,13.5,0.2272727272727273,False
989,CUST06157,Confluence,Open,Medium,Premium,,10.5,12.0,0.1428571428571428,False
990,CUST00074,Trello,Open,Low,Enterprise,,22.5,26.5,0.1777777777777778,False
991,CUST08317,Trello,Open,Medium,Free,,9.0,9.5,0.05555555555555558,False
992,CUST06023,Loom,Pending Customer Response,Critical,Free,,12.0,15.5,0.29166666666666674,False
993,CUST06609,Loom,Pending Customer Response,Medium,Enterprise,,16.5,18.5,0.1212121212121211,False
994,CUST04720,Trello,Closed,Critical,Standard,1.0,18.5,12.5,-0.32432432432432434,True
995,CUST03452,Bitbucket,Open,High,Free,,16.0,19.0,0.1875,False
996,CUST06142,Confluence,Open,Critical,Enterprise,,13.0,12.0,-0.07692307692307687,False
997,CUST03389,Confluence,Pending Customer Response,Medium,Premium,,20.5,25.0,0.2195121951219512,False
998,CUST03844,Jira,Closed,Medium,Free,4.0,6.5,7.5,0.15384615384615374,False
999,CUST06179,Bitbucket,Pending Customer Response,Medium,Standard,,18.5,14.5,-0.21621621621621623,True
1000,CUST04773,Bitbucket,Closed,High,Standard,5.0,15.5,15.0,-0.032258064516129004,False
1001,CUST07198,Trello,Open,Critical,Free,,12.5,12.0,-0.040000000000000036,False
1002,CUST04132,Trello,Open,Critical,Enterprise,,18.0,19.5,0.08333333333333326,False
1003,CUST06729,Confluence,Open,Medium,Premium,,18.5,16.5,-0.10810810810810811,False
1004,CUST06139,Bitbucket,Open,High,Standard,,9.0,9.5,0.05555555555555558,False
1005,CUST07629,Jira,Closed,Medium,Standard,3.0,19.0,13.5,-0.2894736842105263,True
1006,CUST02861,Confluence,Pending Customer Response,Critical,Premium,,32.5,25.5,-0.2153846153846154,True
1007,CUST02285,Bitbucket,Closed,Critical,Premium,4.0,11.0,11.5,0.045454545454545414,False
1008,CUST06678,Jira,Open,Medium,Standard,,21.5,21.0,-0.023255813953488413,False
1009,CUST07048,Trello,Closed,Medium,Standard,3.0,19.5,22.5,0.15384615384615374,False
1010,CUST01980,Jira,Closed,High,Standard,2.0,31.5,30.5,-0.031746031746031744,False
1011,CUST06523,Loom,Closed,Low,Premium,5.0,11.5,12.5,0.08695652173913038,False
1012,CUST06107,Bitbucket,Pending Customer Response,Low,Enterprise,,19.5,19.0,-0.02564102564102566,False
1013,CUST04485,Jira,Closed,High,Standard,4.0,11.5,14.5,0.26086956521739135,False
1014,CUST02335,Jira,Pending Customer Response,High,Free,,13.0,12.5,-0.038461538461538436,False
1015,CUST07490,Loom,Pending Customer Response,Critical,Standard,,9.0,12.5,0.38888888888888884,False
1016,CUST06600,Confluence,Closed,Critical,Free,1.0,6.5,2.5,-0.6153846153846154,True
1017,CUST07286,Bitbucket,Pending Customer Response,Low,Free,,8.0,9.5,0.1875,False
1018,CUST07070,Trello,Closed,Medium,Free,2.0,10.0,10.5,0.050000000000000044,False
1019,CUST00996,Confluence,Pending Customer Response,Low,Standard,,18.0,13.0,-0.2777777777777778,True
1020,CUST07583,Jira,Closed,Critical,Enterprise,2.0,23.0,23.0,0.0,False
1021,CUST00773,Bitbucket,Pending Customer Response,Critical,Standard,,16.5,17.5,0.06060606060606055,False
1022,CUST03462,Trello,Closed,Critical,Premium,5.0,31.5,28.5,-0.09523809523809523,False
1023,CUST07123,Bitbucket,Pending Customer Response,High,Standard,,15.0,9.5,-0.3666666666666667,True
1024,CUST03438,Trello,Open,Medium,Standard,,22.5,25.5,0.1333333333333333,False
1025,CUST03632,Loom,Open,Critical,Standard,,12.5,18.5,0.48,False
1026,CUST05535,Trello,Open,Medium,Enterprise,,12.5,8.5,-0.31999999999999995,True
1027,CUST04141,Confluence,Open,High,Standard,,6.5,8.5,0.3076923076923077,False
1028,CUST02154,Confluence,Open,High,Enterprise,,11.5,15.5,0.34782608695652173,False
1029,CUST05251,Trello,Pending Customer Response,Low,Standard,,12.0,10.0,-0.16666666666666663,False
1030,CUST01327,Jira,Closed,Critical,Standard,1.0,22.5,13.0,-0.4222222222222223,True
1031,CUST03521,Bitbucket,Closed,Medium,Premium,1.0,19.0,16.5,-0.13157894736842102,False
1032,CUST01796,Jira,Open,Critical,Free,,5.5,6.0,0.09090909090909083,False
1033,CUST03880,Loom,Closed,Medium,Premium,5.0,10.0,12.5,0.25,False
1034,CUST07734,Bitbucket,Open,Medium,Standard,,18.5,18.5,0.0,False
1035,CUST00151,Loom,Closed,Low,Standard,4.0,7.5,10.0,0.33333333333333326,False
1036,CUST00419,Confluence,Pending Customer Response,High,Standard,,10.5,11.0,0.04761904761904767,False
1037,CUST00572,Bitbucket,Open,High,Premium,,22.0,21.0,-0.045454545454545414,False
1038,CUST00972,Bitbucket,Closed,Low,Standard,5.0,17.5,23.0,0.3142857142857143,False
1039,CUST01707,Trello,Open,Medium,Enterprise,,29.5,33.0,0.11864406779661008,False
1040,CUST06805,Jira,Closed,High,Premium,2.0,54.0,50.0,-0.07407407407407407,False
1041,CUST03667,Bitbucket,Closed,Medium,Enterprise,1.0,31.0,25.5,-0.17741935483870963,False
1042,CUST08186,Confluence,Open,High,Enterprise,,9.0,13.0,0.4444444444444444,False
1043,CUST06522,Confluence,Closed,High,Premium,4.0,20.0,18.0,-0.09999999999999998,False
1044,CUST00356,Bitbucket,Open,Critical,Standard,,32.0,36.0,0.125,False
1045,CUST04785,Bitbucket,Open,Medium,Premium,,31.0,28.5,-0.08064516129032262,False
1046,CUST04462,Bitbucket,Closed,High,Enterprise,2.0,18.0,24.0,0.33333333333333326,False
1047,CUST04665,Loom,Open,Medium,Free,,12.0,14.0,0.16666666666666674,False
1048,CUST02532,Jira,Closed,High,Standard,4.0,12.0,10.0,-0.16666666666666663,False
1049,CUST01314,Confluence,Closed,Critical,Premium,2.0,20.5,19.5,-0.04878048780487809,False
1050,CUST08309,Loom,Pending Customer Response,High,Standard,,6.0,12.5,1.0833333333333335,False
1051,CUST03749,Trello,Pending Customer Response,High,Standard,,30.0,25.5,-0.15000000000000002,False
1052,CUST03430,Confluence,Open,Low,Enterprise,,21.5,20.0,-0.06976744186046513,False
1053,CUST05914,Bitbucket,Open,Medium,Standard,,16.0,11.5,-0.28125,True
1054,CUST00037,Bitbucket,Pending Customer Response,Medium,Enterprise,,40.0,35.5,-0.11250000000000004,False
1055,CUST07364,Trello,Open,Medium,Premium,,18.5,24.5,0.32432432432432434,False
1056,CUST07066,Jira,Open,High,Enterprise,,61.0,59.5,-0.024590163934426257,False
1057,CUST06216,Trello,Open,High,Enterprise,,48.5,47.5,-0.020618556701030966,False
1058,CUST03027,Jira,Pending Customer Response,High,Premium,,22.5,17.5,-0.2222222222222222,True
1059,CUST07616,Trello,Open,Medium,Free,,15.5,16.5,0.06451612903225801,False
1060,CUST01846,Loom,Pending Customer Response,High,Premium,,13.0,10.0,-0.23076923076923073,True
1061,CUST06974,Jira,Closed,High,Premium,3.0,17.0,12.5,-0.2647058823529411,True
1062,CUST07145,Loom,Pending Customer Response,Low,Free,,5.0,6.0,0.19999999999999996,False
1063,CUST07359,Bitbucket,Closed,Medium,Premium,4.0,33.5,28.0,-0.16417910447761197,False
1064,CUST07303,Loom,Closed,Medium,Premium,2.0,8.5,11.0,0.2941176470588236,False
1065,CUST03985,Jira,Pending Customer Response,Low,Standard,,39.5,30.0,-0.240506329113924,True
1066,CUST01751,Jira,Pending Customer Response,Medium,Standard,,10.0,15.5,0.55,False
1067,CUST06183,Confluence,Pending Customer Response,Low,Enterprise,,21.0,18.5,-0.11904761904761907,False
1068,CUST00451,Jira,Closed,Low,Standard,5.0,18.0,20.0,0.11111111111111116,False
1069,CUST04495,Jira,Closed,Low,Free,4.0,18.0,16.0,-0.11111111111111116,False
1070,CUST04261,Confluence,Closed,Medium,Standard,4.0,10.5,14.5,0.38095238095238093,False
1071,CUST03012,Loom,Open,Low,Standard,,9.0,7.5,-0.16666666666666663,False
1072,CUST07445,Jira,Closed,Low,Standard,5.0,41.5,47.5,0.14457831325301207,False
1073,CUST04023,Loom,Closed,Medium,Premium,1.0,17.0,16.5,-0.02941176470588236,False
1074,CUST02037,Bitbucket,Closed,Medium,Standard,2.0,12.0,8.0,-0.33333333333333337,True
1075,CUST08104,Loom,Open,High,Standard,,25.5,25.5,0.0,False
1076,CUST00213,Trello,Pending Customer Response,Low,Enterprise,,24.0,21.0,-0.125,False
1077,CUST03315,Jira,Open,Low,Premium,,13.5,14.5,0.07407407407407418,False
1078,CUST02203,Bitbucket,Pending Customer Response,Medium,Standard,,29.0,24.0,-0.1724137931034483,False
1079,CUST05139,Jira,Pending Customer Response,Medium,Premium,,27.0,26.0,-0.03703703703703709,False
1080,CUST07811,Jira,Open,High,Standard,,14.5,10.5,-0.27586206896551724,True
1081,CUST01214,Loom,Open,Medium,Free,,14.0,12.0,-0.1428571428571429,False
1082,CUST04691,Confluence,Open,Critical,Free,,11.0,8.0,-0.2727272727272727,True
1083,CUST03357,Loom,Pending Customer Response,Low,Premium,,7.5,8.0,0.06666666666666665,False
1084,CUST05731,Loom,Open,Medium,Premium,,22.0,26.5,0.20454545454545459,False
1085,CUST07144,Loom,Pending Customer Response,Medium,Free,,7.5,9.5,0.2666666666666666,False
1086,CUST05676,Loom,Open,High,Standard,,18.5,16.0,-0.1351351351351351,False
1087,CUST05407,Bitbucket,Open,Low,Premium,,17.5,19.5,0.11428571428571432,False
1088,CUST03715,Bitbucket,Pending Customer Response,Low,Standard,,18.5,16.5,-0.10810810810810811,False
1089,CUST03039,Jira,Pending Customer Response,High,Standard,,1.5,4.0,1.6666666666666665,False
1090,CUST06626,Confluence,Closed,Low,Free,3.0,6.0,4.0,-0.33333333333333337,True
1091,CUST07917,Loom,Open,Low,Standard,,4.0,7.0,0.75,False
1092,CUST00245,Jira,Closed,Low,Free,3.0,12.0,14.5,0.20833333333333326,False
1093,CUST04877,Trello,Open,Critical,Standard,,7.0,6.5,-0.0714285714285714,False
1094,CUST03396,Trello,Pending Customer Response,Critical,Premium,,14.5,12.0,-0.1724137931034483,False
1095,CUST07955,Loom,Closed,Low,Premium,2.0,11.5,12.5,0.08695652173913038,False
1096,CUST03940,Loom,Open,Medium,Standard,,16.5,11.0,-0.33333333333333337,True
1097,CUST06991,Loom,Open,Medium,Free,,2.0,7.5,2.75,False
1098,CUST03607,Trello,Pending Customer Response,Critical,Enterprise,,29.0,30.0,0.034482758620689724,False
1099,CUST07191,Trello,Pending Customer Response,Low,Standard,,16.0,18.0,0.125,False
1100,CUST01491,Confluence,Open,Medium,Standard,,29.5,30.0,0.016949152542372836,False
1101,CUST06585,Trello,Pending Customer Response,Low,Enterprise,,35.0,38.5,0.10000000000000009,False
1102,CUST05100,Trello,Closed,Critical,Enterprise,4.0,9.5,7.5,-0.21052631578947367,True
1103,CUST06999,Trello,Open,Low,Enterprise,,8.0,14.5,0.8125,False
1104,CUST02463,Loom,Pending Customer Response,Critical,Enterprise,,21.5,19.0,-0.11627906976744184,False
1105,CUST03131,Confluence,Closed,Critical,Premium,5.0,17.5,17.0,-0.02857142857142858,False
1106,CUST02766,Bitbucket,Pending Customer Response,Medium,Enterprise,,34.0,37.5,0.10294117647058831,False
1107,CUST02211,Bitbucket,Pending Customer Response,Low,Standard,,12.5,11.5,-0.07999999999999996,False
1108,CUST05662,Confluence,Pending Customer Response,High,Free,,8.5,11.5,0.3529411764705883,False
1109,CUST07730,Bitbucket,Open,Critical,Premium,,18.5,21.5,0.16216216216216206,False
1110,CUST04636,Trello,Closed,Low,Standard,1.0,13.0,10.0,-0.23076923076923073,True
1111,CUST01653,Bitbucket,Closed,Low,Premium,4.0,12.0,12.0,0.0,False
1112,CUST02413,Bitbucket,Pending Customer Response,Low,Standard,,19.5,19.0,-0.02564102564102566,False
1113,CUST06174,Confluence,Pending Customer Response,Low,Standard,,20.0,15.0,-0.25,True
1114,CUST00270,Loom,Closed,Critical,Standard,4.0,10.0,12.0,0.19999999999999996,False
1115,CUST07069,Confluence,Pending Customer Response,High,Standard,,9.0,7.5,-0.16666666666666663,False
1116,CUST05170,Confluence,Open,High,Premium,,16.5,18.5,0.1212121212121211,False
1117,CUST07769,Confluence,Open,Medium,Free,,25.0,21.0,-0.16000000000000003,False
1118,CUST03663,Bitbucket,Closed,Critical,Standard,5.0,14.5,14.0,-0.03448275862068961,False
1119,CUST04025,Bitbucket,Open,Critical,Free,,4.5,5.0,0.11111111111111116,False
1120,CUST01658,Trello,Pending Customer Response,High,Free,,15.0,8.0,-0.4666666666666667,True
1121,CUST04844,Confluence,Open,Low,Standard,,8.5,15.5,0.8235294117647058,False
1122,CUST06822,Trello,Pending Customer Response,Critical,Standard,,7.0,8.0,0.1428571428571428,False
1123,CUST03376,Jira,Pending Customer Response,Critical,Premium,,16.5,21.5,0.303030303030303,False
1124,CUST04946,Confluence,Pending Customer Response,Critical,Free,,24.5,27.5,0.12244897959183665,False
1125,CUST02835,Trello,Closed,High,Standard,5.0,27.0,23.0,-0.14814814814814814,False
1126,CUST00240,Confluence,Pending Customer Response,Low,Free,,9.0,3.5,-0.6111111111111112,True
1127,CUST05312,Confluence,Closed,High,Standard,4.0,9.0,18.0,1.0,False
1128,CUST01838,Confluence,Open,High,Premium,,17.5,13.0,-0.2571428571428571,True
1129,CUST04430,Loom,Open,Low,Premium,,7.0,10.5,0.5,False
1130,CUST03708,Trello,Closed,Medium,Standard,1.0,10.0,13.0,0.30000000000000004,False
1131,CUST00479,Confluence,Pending Customer Response,Medium,Enterprise,,23.0,25.0,0.08695652173913038,False
1132,CUST05886,Jira,Open,Medium,Free,,14.0,11.5,-0.1785714285714286,False
1133,CUST00315,Confluence,Pending Customer Response,Medium,Free,,20.0,22.5,0.125,False
1134,CUST01135,Bitbucket,Pending Customer Response,Critical,Standard,,19.5,17.0,-0.1282051282051282,False
1135,CUST08115,Bitbucket,Open,Critical,Premium,,32.0,31.5,-0.015625,False
1136,CUST02333,Confluence,Closed,Medium,Premium,2.0,18.5,22.0,0.18918918918918926,False
1137,CUST02168,Jira,Pending Customer Response,Medium,Free,,30.5,31.0,0.016393442622950838,False
1138,CUST01763,Jira,Open,Medium,Standard,,31.5,24.0,-0.23809523809523814,True
1139,CUST01154,Jira,Pending Customer Response,Critical,Free,,3.0,6.5,1.1666666666666665,False
1140,CUST07195,Loom,Pending Customer Response,Low,Standard,,14.5,12.0,-0.1724137931034483,False
1141,CUST03274,Confluence,Open,Critical,Standard,,14.0,14.0,0.0,False
1142,CUST07768,Bitbucket,Pending Customer Response,High,Free,,6.5,11.5,0.7692307692307692,False
1143,CUST00339,Jira,Closed,Critical,Standard,2.0,10.0,11.5,0.1499999999999999,False
1144,CUST07685,Loom,Pending Customer Response,Critical,Standard,,17.0,14.0,-0.17647058823529416,False
1145,CUST02462,Loom,Pending Customer Response,Low,Free,,2.5,8.0,2.2,False
1146,CUST03044,Loom,Closed,High,Free,4.0,6.0,7.5,0.25,False
1147,CUST02654,Confluence,Pending Customer Response,High,Premium,,19.0,15.5,-0.1842105263157895,False
1148,CUST07185,Confluence,Open,High,Standard,,11.5,11.5,0.0,False
1149,CUST01744,Confluence,Pending Customer Response,Medium,Standard,,6.0,6.5,0.08333333333333326,False
1150,CUST06217,Trello,Pending Customer Response,Critical,Free,,6.0,8.5,0.41666666666666674,False
1151,CUST03910,Confluence,Closed,High,Free,2.0,8.5,7.5,-0.11764705882352944,False
1152,CUST00173,Confluence,Pending Customer Response,Low,Premium,,14.0,12.5,-0.1071428571428571,False
1153,CUST03137,Loom,Pending Customer Response,High,Premium,,10.0,7.0,-0.30000000000000004,True
1154,CUST08030,Loom,Closed,High,Standard,2.0,5.0,3.5,-0.30000000000000004,True
1155,CUST04633,Confluence,Pending Customer Response,Critical,Premium,,12.5,10.5,-0.16000000000000003,False
1156,CUST00229,Loom,Open,Medium,Premium,,15.0,11.0,-0.2666666666666667,True
1157,CUST07169,Trello,Pending Customer Response,Low,Free,,10.0,16.0,0.6000000000000001,False
1158,CUST05142,Jira,Closed,Low,Premium,2.0,14.0,17.0,0.2142857142857142,False
1159,CUST01679,Confluence,Pending Customer Response,Critical,Standard,,16.5,9.5,-0.4242424242424242,True
1160,CUST02047,Trello,Open,Low,Premium,,16.0,17.5,0.09375,False
1161,CUST02678,Bitbucket,Pending Customer Response,Medium,Free,,11.5,10.5,-0.08695652173913049,False
1162,CUST03355,Jira,Pending Customer Response,Critical,Free,,12.0,13.0,0.08333333333333326,False
1163,CUST01704,Bitbucket,Pending Customer Response,Medium,Standard,,15.5,13.0,-0.16129032258064513,False
1164,CUST04576,Bitbucket,Pending Customer Response,Critical,Standard,,11.5,15.5,0.34782608695652173,False
1165,CUST06860,Jira,Closed,Critical,Standard,5.0,14.5,13.0,-0.10344827586206895,False
1166,CUST03678,Confluence,Closed,Medium,Enterprise,5.0,17.0,15.5,-0.08823529411764708,False
1167,CUST07298,Confluence,Closed,Medium,Standard,5.0,8.0,17.0,1.125,False
1168,CUST07134,Confluence,Pending Customer Response,High,Standard,,13.5,16.0,0.18518518518518512,False
1169,CUST06297,Trello,Closed,Medium,Premium,4.0,19.0,17.5,-0.07894736842105265,False
1170,CUST03774,Trello,Pending Customer Response,Critical,Free,,11.5,6.5,-0.4347826086956522,True
1171,CUST07810,Confluence,Pending Customer Response,Medium,Premium,,15.5,20.0,0.29032258064516125,False
1172,CUST05637,Bitbucket,Closed,High,Free,2.0,5.0,1.0,-0.8,True
1173,CUST08311,Jira,Pending Customer Response,Critical,Free,,11.5,9.5,-0.17391304347826086,False
1174,CUST00862,Trello,Open,Low,Premium,,17.5,10.5,-0.4,True
1175,CUST01121,Bitbucket,Closed,High,Standard,1.0,29.5,26.5,-0.10169491525423724,False
1176,CUST06120,Confluence,Open,High,Standard,,18.5,23.5,0.2702702702702702,False
1177,CUST06930,Bitbucket,Open,Low,Standard,,11.0,10.5,-0.045454545454545414,False
1178,CUST06971,Bitbucket,Closed,Low,Premium,4.0,14.5,12.0,-0.1724137931034483,False
1179,CUST02090,Trello,Open,Low,Free,,9.0,8.0,-0.11111111111111116,False
1180,CUST01582,Loom,Pending Customer Response,High,Premium,,17.5,16.5,-0.05714285714285716,False
1181,CUST01859,Bitbucket,Open,Critical,Enterprise,,48.0,53.5,0.11458333333333326,False
1182,CUST00527,Trello,Pending Customer Response,Medium,Free,,6.0,7.5,0.25,False
1183,CUST05357,Loom,Closed,Medium,Premium,2.0,25.0,19.5,-0.21999999999999997,True
1184,CUST00625,Loom,Closed,High,Standard,5.0,14.5,16.0,0.10344827586206895,False
1185,CUST03041,Loom,Pending Customer Response,High,Standard,,8.0,14.0,0.75,False
1186,CUST03565,Jira,Closed,High,Standard,4.0,27.5,30.5,0.10909090909090913,False
1187,CUST01619,Loom,Open,Critical,Free,,4.0,6.5,0.625,False
1188,CUST04648,Loom,Closed,Medium,Standard,5.0,19.0,18.5,-0.02631578947368418,False
1189,CUST07481,Trello,Closed,Critical,Standard,3.0,7.0,11.5,0.6428571428571428,False
1190,CUST03808,Bitbucket,Closed,Medium,Standard,5.0,16.0,19.5,0.21875,False
1191,CUST06225,Jira,Closed,Low,Free,2.0,8.5,9.0,0.05882352941176472,False
1192,CUST06147,Loom,Open,Critical,Standard,,11.0,10.5,-0.045454545454545414,False
1193,CUST03071,Confluence,Open,Low,Free,,15.0,13.0,-0.1333333333333333,False
1194,CUST08103,Trello,Closed,Critical,Enterprise,4.0,42.0,37.5,-0.1071428571428571,False
1195,CUST06657,Trello,Open,Low,Standard,,14.0,13.0,-0.0714285714285714,False
1196,CUST05687,Bitbucket,Open,Low,Enterprise,,30.5,34.0,0.11475409836065564,False
1197,CUST01305,Bitbucket,Open,Medium,Premium,,10.0,8.5,-0.15000000000000002,False
1198,CUST04297,Loom,Open,Low,Free,,7.0,7.0,0.0,False
1199,CUST05771,Loom,Closed,Low,Standard,5.0,14.0,18.5,0.3214285714285714,False
1200,CUST07252,Jira,Open,Critical,Standard,,16.5,16.5,0.0,False
1201,CUST03562,Loom,Open,Medium,Standard,,15.5,18.0,0.16129032258064524,False
1202,CUST02031,Trello,Open,Medium,Standard,,17.0,18.5,0.08823529411764697,False
1203,CUST01788,Confluence,Pending Customer Response,High,Standard,,32.0,29.0,-0.09375,False
1204,CUST02033,Trello,Pending Customer Response,Critical,Enterprise,,41.0,35.5,-0.13414634146341464,False
1205,CUST06912,Loom,Pending Customer Response,Low,Free,,6.5,8.0,0.23076923076923084,False
1206,CUST05882,Confluence,Closed,Low,Enterprise,5.0,51.0,54.0,0.05882352941176472,False
1207,CUST04180,Bitbucket,Open,High,Standard,,25.0,27.5,0.10000000000000009,False
1208,CUST06798,Confluence,Closed,Medium,Standard,5.0,6.0,6.0,0.0,False
1209,CUST04499,Bitbucket,Closed,Medium,Free,3.0,29.5,35.0,0.18644067796610164,False
1210,CUST08282,Jira,Pending Customer Response,Medium,Premium,,12.0,10.0,-0.16666666666666663,False
1211,CUST05214,Confluence,Pending Customer Response,Medium,Standard,,15.0,24.0,0.6000000000000001,False
1212,CUST04686,Bitbucket,Open,High,Standard,,20.0,22.5,0.125,False
1213,CUST02355,Jira,Closed,High,Standard,4.0,21.0,19.5,-0.0714285714285714,False
1214,CUST00603,Bitbucket,Pending Customer Response,Medium,Premium,,24.5,23.5,-0.04081632653061229,False
1215,CUST06863,Loom,Open,High,Free,,7.5,5.5,-0.2666666666666667,True
1216,CUST07495,Bitbucket,Pending Customer Response,Low,Free,,13.5,10.5,-0.2222222222222222,True
1217,CUST00477,Confluence,Closed,Critical,Free,5.0,8.5,13.0,0.5294117647058822,False
1218,CUST04248,Trello,Closed,Medium,Premium,5.0,26.0,27.5,0.05769230769230771,False
1219,CUST01843,Jira,Open,Low,Premium,,20.0,16.5,-0.17500000000000004,False
1220,CUST07859,Loom,Pending Customer Response,High,Free,,6.0,6.5,0.08333333333333326,False
1221,CUST01515,Confluence,Open,Low,Free,,8.5,11.5,0.3529411764705883,False
1222,CUST05437,Bitbucket,Pending Customer Response,Critical,Standard,,22.5,21.5,-0.0444444444444444,False
1223,CUST01191,Confluence,Open,Critical,Free,,10.0,12.0,0.19999999999999996,False
1224,CUST06615,Jira,Closed,Low,Enterprise,5.0,36.5,38.5,0.0547945205479452,False
1225,CUST00438,Loom,Open,Critical,Enterprise,,22.0,16.0,-0.2727272727272727,True
1226,CUST06962,Jira,Pending Customer Response,Low,Enterprise,,16.5,14.5,-0.12121212121212122,False
1227,CUST00615,Jira,Pending Customer Response,Low,Enterprise,,20.0,19.0,-0.050000000000000044,False
1228,CUST00648,Jira,Open,High,Premium,,18.5,17.5,-0.05405405405405406,False
1229,CUST01828,Confluence,Closed,Critical,Free,4.0,25.5,25.0,-0.019607843137254943,False
1230,CUST02027,Bitbucket,Pending Customer Response,Low,Standard,,21.0,18.0,-0.1428571428571429,False
1231,CUST07643,Confluence,Pending Customer Response,Medium,Standard,,29.0,30.5,0.051724137931034475,False
1232,CUST01666,Trello,Closed,Critical,Free,1.0,14.0,14.5,0.03571428571428581,False
1233,CUST03631,Trello,Pending Customer Response,Medium,Standard,,12.0,14.5,0.20833333333333326,False
1234,CUST07326,Loom,Open,High,Free,,10.0,8.5,-0.15000000000000002,False
1235,CUST06703,Loom,Open,High,Premium,,10.5,12.0,0.1428571428571428,False
1236,CUST02509,Trello,Open,High,Enterprise,,17.0,24.5,0.4411764705882353,False
1237,CUST00802,Confluence,Open,Critical,Premium,,19.5,21.0,0.07692307692307687,False
1238,CUST06272,Bitbucket,Open,High,Standard,,9.0,7.0,-0.2222222222222222,True
1239,CUST01676,Loom,Pending Customer Response,High,Standard,,19.0,20.5,0.07894736842105265,False
1240,CUST05427,Loom,Closed,Critical,Standard,1.0,11.5,9.0,-0.21739130434782605,True
1241,CUST07129,Jira,Pending Customer Response,Critical,Standard,,47.0,46.0,-0.021276595744680882,False
1242,CUST02989,Loom,Open,Critical,Premium,,11.0,12.5,0.13636363636363646,False
1243,CUST05865,Loom,Closed,Low,Standard,5.0,9.5,12.5,0.3157894736842106,False
1244,CUST07288,Confluence,Open,Low,Standard,,5.0,11.5,1.2999999999999998,False
1245,CUST00310,Trello,Pending Customer Response,High,Premium,,26.5,28.5,0.07547169811320753,False
1246,CUST07039,Jira,Open,Low,Standard,,10.5,6.5,-0.38095238095238093,True
1247,CUST05167,Jira,Open,Medium,Standard,,17.5,17.0,-0.02857142857142858,False
1248,CUST00282,Bitbucket,Closed,High,Free,1.0,9.5,8.0,-0.1578947368421053,False
1249,CUST02402,Confluence,Open,Critical,Premium,,19.0,17.5,-0.07894736842105265,False
1250,CUST02026,Confluence,Closed,High,Premium,3.0,18.0,18.0,0.0,False
1251,CUST08101,Bitbucket,Pending Customer Response,Low,Premium,,18.5,14.5,-0.21621621621621623,True
1252,CUST05075,Loom,Open,High,Free,,3.5,4.5,0.2857142857142858,False
1253,CUST02507,Loom,Open,Critical,Standard,,21.5,16.5,-0.2325581395348837,True
1254,CUST05019,Trello,Open,Critical,Premium,,19.0,20.0,0.05263157894736836,False
1255,CUST01678,Loom,Open,High,Free,,6.0,3.0,-0.5,True
1256,CUST05216,Jira,Closed,High,Premium,2.0,21.5,24.5,0.13953488372093026,False
1257,CUST00255,Loom,Closed,Medium,Standard,5.0,12.0,12.5,0.04166666666666674,False
1258,CUST03915,Bitbucket,Open,Medium,Premium,,9.0,6.0,-0.33333333333333337,True
1259,CUST03196,Loom,Pending Customer Response,Low,Premium,,28.5,27.0,-0.052631578947368474,False
1260,CUST07886,Bitbucket,Pending Customer Response,Low,Premium,,15.5,9.5,-0.3870967741935484,True
1261,CUST03589,Loom,Pending Customer Response,High,Standard,,18.5,17.0,-0.08108108108108103,False
1262,CUST01837,Confluence,Open,High,Standard,,16.0,14.5,-0.09375,False
1263,CUST05144,Trello,Open,Critical,Premium,,27.5,27.5,0.0,False
1264,CUST04647,Jira,Pending Customer Response,Low,Free,,7.0,10.5,0.5,False
1265,CUST02897,Confluence,Closed,Low,Premium,5.0,10.5,11.0,0.04761904761904767,False
1266,CUST02731,Jira,Closed,Critical,Standard,5.0,15.5,22.5,0.4516129032258065,False
1267,CUST05399,Loom,Closed,Low,Premium,5.0,14.5,11.5,-0.2068965517241379,True
1268,CUST04818,Jira,Open,Medium,Standard,,16.0,16.5,0.03125,False
1269,CUST02053,Bitbucket,Open,High,Free,,11.5,15.0,0.30434782608695654,False
1270,CUST06165,Trello,Closed,High,Standard,4.0,26.0,30.5,0.17307692307692313,False
1271,CUST04186,Bitbucket,Pending Customer Response,Medium,Standard,,83.5,80.5,-0.0359281437125748,False
1272,CUST06204,Confluence,Closed,Critical,Premium,1.0,15.0,16.5,0.10000000000000009,False
1273,CUST05456,Bitbucket,Pending Customer Response,Low,Premium,,7.5,9.5,0.2666666666666666,False
1274,CUST03082,Confluence,Pending Customer Response,High,Standard,,13.0,10.5,-0.1923076923076923,False
1275,CUST00786,Loom,Pending Customer Response,Low,Standard,,18.5,12.5,-0.32432432432432434,True
1276,CUST04045,Trello,Pending Customer Response,High,Standard,,9.0,8.5,-0.05555555555555558,False
1277,CUST04805,Trello,Closed,Critical,Standard,2.0,13.0,11.0,-0.15384615384615385,False
1278,CUST07724,Bitbucket,Closed,Critical,Premium,1.0,27.5,24.0,-0.12727272727272732,False
1279,CUST04728,Loom,Closed,Medium,Standard,4.0,9.0,10.0,0.11111111111111116,False
1280,CUST05836,Loom,Pending Customer Response,Low,Standard,,10.5,8.0,-0.23809523809523814,True
1281,CUST02979,Trello,Closed,Medium,Enterprise,1.0,18.0,18.0,0.0,False
1282,CUST07209,Bitbucket,Pending Customer Response,Low,Standard,,7.5,7.0,-0.06666666666666665,False
1283,CUST04486,Bitbucket,Closed,Critical,Free,1.0,8.0,7.0,-0.125,False
1284,CUST02758,Jira,Open,High,Premium,,22.0,20.0,-0.09090909090909094,False
1285,CUST05168,Bitbucket,Open,Low,Standard,,29.0,24.5,-0.15517241379310343,False
1286,CUST04245,Loom,Pending Customer Response,High,Standard,,17.0,17.5,0.02941176470588225,False
1287,CUST02233,Loom,Pending Customer Response,Medium,Premium,,3.0,9.5,2.1666666666666665,False
1288,CUST06890,Confluence,Pending Customer Response,Critical,Premium,,23.0,24.0,0.04347826086956519,False
1289,CUST01323,Loom,Open,Low,Standard,,10.0,15.5,0.55,False
1290,CUST01986,Loom,Pending Customer Response,Medium,Premium,,6.5,10.5,0.6153846153846154,False
1291,CUST06428,Jira,Pending Customer Response,Medium,Enterprise,,33.0,30.5,-0.0757575757575758,False
1292,CUST00833,Trello,Open,Critical,Premium,,29.5,31.5,0.06779661016949157,False
1293,CUST07233,Loom,Open,High,Enterprise,,11.5,15.5,0.34782608695652173,False
1294,CUST05342,Trello,Closed,Critical,Premium,2.0,19.5,20.0,0.02564102564102555,False
1295,CUST02492,Jira,Pending Customer Response,Medium,Standard,,28.0,28.0,0.0,False
1296,CUST06451,Loom,Closed,Medium,Standard,5.0,11.0,16.0,0.4545454545454546,False
1297,CUST04848,Bitbucket,Closed,Low,Standard,2.0,18.5,21.5,0.16216216216216206,False
1298,CUST07238,Jira,Pending Customer Response,High,Premium,,36.5,34.0,-0.06849315068493156,False
1299,CUST03308,Jira,Closed,High,Standard,4.0,19.0,21.5,0.13157894736842102,False
1300,CUST03609,Confluence,Pending Customer Response,Low,Premium,,43.0,35.5,-0.17441860465116277,False
1301,CUST08009,Confluence,Closed,Low,Premium,2.0,15.5,17.0,0.09677419354838701,False
1302,CUST05681,Loom,Pending Customer Response,Low,Free,,13.0,10.0,-0.23076923076923073,True
1303,CUST07271,Jira,Pending Customer Response,Low,Standard,,18.0,19.0,0.05555555555555558,False
1304,CUST07365,Jira,Pending Customer Response,Critical,Free,,22.0,20.5,-0.06818181818181823,False
1305,CUST01777,Confluence,Pending Customer Response,Low,Premium,,17.0,17.0,0.0,False
1306,CUST03905,Loom,Closed,High,Premium,4.0,10.0,11.0,0.10000000000000009,False
1307,CUST01138,Confluence,Closed,Critical,Enterprise,3.0,31.5,30.5,-0.031746031746031744,False
1308,CUST06655,Bitbucket,Open,High,Premium,,20.5,22.5,0.09756097560975618,False
1309,CUST00678,Bitbucket,Pending Customer Response,High,Enterprise,,18.0,22.0,0.22222222222222232,False
1310,CUST01147,Loom,Closed,Medium,Standard,5.0,8.0,7.5,-0.0625,False
1311,CUST08163,Jira,Closed,Critical,Enterprise,4.0,26.5,23.5,-0.1132075471698113,False
1312,CUST04627,Confluence,Closed,Medium,Premium,1.0,11.0,10.0,-0.09090909090909094,False
1313,CUST06566,Loom,Pending Customer Response,Critical,Enterprise,,21.5,18.5,-0.13953488372093026,False
1314,CUST07098,Loom,Closed,Critical,Enterprise,3.0,25.0,23.5,-0.06000000000000005,False
1315,CUST02042,Bitbucket,Open,High,Premium,,22.0,25.0,0.13636363636363646,False
1316,CUST01952,Confluence,Closed,High,Premium,5.0,17.0,21.0,0.23529411764705888,False
1317,CUST02672,Trello,Closed,Medium,Enterprise,1.0,51.5,49.5,-0.03883495145631066,False
1318,CUST00574,Trello,Pending Customer Response,Low,Standard,,13.5,16.0,0.18518518518518512,False
1319,CUST02190,Confluence,Open,Critical,Premium,,10.0,13.5,0.3500000000000001,False
1320,CUST02665,Bitbucket,Closed,Low,Enterprise,1.0,22.5,24.0,0.06666666666666665,False
1321,CUST07610,Bitbucket,Open,High,Premium,,30.5,28.5,-0.06557377049180324,False
1322,CUST05730,Jira,Pending Customer Response,Critical,Standard,,15.0,18.5,0.2333333333333334,False
1323,CUST01915,Trello,Open,Low,Enterprise,,13.0,17.0,0.3076923076923077,False
1324,CUST06085,Bitbucket,Pending Customer Response,High,Premium,,37.0,41.5,0.12162162162162171,False
1325,CUST05228,Bitbucket,Pending Customer Response,Critical,Free,,2.5,5.5,1.2000000000000002,False
1326,CUST01348,Bitbucket,Open,High,Standard,,21.0,12.5,-0.40476190476190477,True
1327,CUST07503,Confluence,Open,Critical,Premium,,23.5,24.0,0.02127659574468077,False
1328,CUST03256,Confluence,Pending Customer Response,High,Standard,,15.0,14.5,-0.033333333333333326,False
1329,CUST07424,Trello,Closed,Medium,Premium,2.0,25.0,26.0,0.040000000000000036,False
1330,CUST03453,Jira,Closed,Medium,Standard,3.0,32.0,26.5,-0.171875,False
1331,CUST04503,Bitbucket,Open,High,Premium,,16.5,10.5,-0.36363636363636365,True
1332,CUST06929,Bitbucket,Closed,Low,Standard,3.0,30.5,27.0,-0.11475409836065575,False
1333,CUST04814,Loom,Closed,Low,Premium,5.0,19.0,21.0,0.10526315789473695,False
1334,CUST04566,Jira,Closed,High,Standard,5.0,17.5,17.5,0.0,False
1335,CUST03953,Bitbucket,Open,High,Standard,,12.5,16.5,0.32000000000000006,False
1336,CUST07476,Trello,Closed,Low,Free,5.0,10.0,11.0,0.10000000000000009,False
1337,CUST00988,Jira,Closed,Critical,Free,5.0,15.0,10.0,-0.33333333333333337,True
1338,CUST06360,Confluence,Open,Critical,Premium,,14.0,11.5,-0.1785714285714286,False
1339,CUST01372,Trello,Pending Customer Response,Low,Standard,,42.0,42.5,0.011904761904761862,False
1340,CUST07250,Loom,Closed,Critical,Premium,5.0,10.5,15.5,0.4761904761904763,False
1341,CUST02213,Jira,Pending Customer Response,Medium,Standard,,15.0,14.0,-0.06666666666666665,False
1342,CUST04978,Bitbucket,Closed,Low,Enterprise,2.0,45.5,46.0,0.01098901098901095,False
1343,CUST06193,Confluence,Pending Customer Response,Critical,Standard,,24.5,26.0,0.061224489795918435,False
1344,CUST05557,Confluence,Closed,Critical,Standard,2.0,14.0,12.0,-0.1428571428571429,False
1345,CUST01387,Confluence,Pending Customer Response,Low,Enterprise,,22.0,23.5,0.06818181818181812,False
1346,CUST07258,Bitbucket,Pending Customer Response,High,Enterprise,,36.0,41.5,0.15277777777777768,False
1347,CUST02871,Trello,Closed,High,Standard,4.0,19.5,18.5,-0.05128205128205132,False
1348,CUST03956,Jira,Pending Customer Response,Critical,Premium,,13.5,13.5,0.0,False
1349,CUST07505,Loom,Open,Critical,Standard,,11.5,6.0,-0.4782608695652174,True
1350,CUST00382,Confluence,Open,High,Premium,,7.5,8.0,0.06666666666666665,False
1351,CUST03070,Loom,Closed,High,Standard,1.0,8.0,7.0,-0.125,False
1352,CUST07770,Confluence,Closed,Critical,Standard,4.0,23.0,18.5,-0.19565217391304346,False
1353,CUST06245,Loom,Open,Medium,Standard,,9.0,11.0,0.22222222222222232,False
1354,CUST04288,Confluence,Closed,Low,Enterprise,5.0,19.5,24.5,0.2564102564102564,False
1355,CUST07664,Trello,Closed,High,Standard,3.0,19.0,20.5,0.07894736842105265,False
1356,CUST00018,Loom,Closed,High,Enterprise,1.0,15.0,13.5,-0.09999999999999998,False
1357,CUST06849,Loom,Closed,Low,Enterprise,2.0,18.5,23.5,0.2702702702702702,False
1358,CUST04780,Confluence,Closed,High,Premium,3.0,42.5,45.5,0.07058823529411762,False
1359,CUST06255,Loom,Open,High,Standard,,13.0,12.5,-0.038461538461538436,False
1360,CUST00731,Loom,Open,Low,Standard,,13.5,17.0,0.2592592592592593,False
1361,CUST03707,Confluence,Open,Low,Standard,,12.5,13.5,0.08000000000000007,False
1362,CUST04366,Trello,Closed,Medium,Free,3.0,9.0,3.0,-0.6666666666666667,True
1363,CUST07500,Confluence,Pending Customer Response,Medium,Free,,16.0,15.0,-0.0625,False
1364,CUST06604,Trello,Pending Customer Response,Medium,Enterprise,,12.0,15.0,0.25,False
1365,CUST02437,Bitbucket,Open,Medium,Enterprise,,19.5,19.0,-0.02564102564102566,False
1366,CUST01923,Bitbucket,Open,Medium,Standard,,40.0,38.0,-0.050000000000000044,False
1367,CUST06748,Confluence,Open,Low,Standard,,18.0,18.5,0.02777777777777768,False
1368,CUST03874,Trello,Open,Low,Standard,,32.0,31.5,-0.015625,False
1369,CUST03109,Confluence,Open,Medium,Standard,,21.0,22.0,0.04761904761904767,False
1370,CUST07508,Bitbucket,Open,Low,Premium,,16.0,16.0,0.0,False
1371,CUST03578,Bitbucket,Closed,Critical,Standard,5.0,25.0,31.0,0.24,False
1372,CUST01635,Confluence,Pending Customer Response,High,Premium,,25.5,24.0,-0.05882352941176472,False
1373,CUST08077,Confluence,Closed,Low,Enterprise,1.0,38.5,42.5,0.10389610389610393,False
1374,CUST06408,Bitbucket,Closed,Medium,Premium,3.0,38.5,40.0,0.03896103896103886,False
1375,CUST04942,Loom,Pending Customer Response,Critical,Premium,,31.0,25.0,-0.19354838709677424,False
1376,CUST04854,Loom,Pending Customer Response,Low,Standard,,18.0,12.5,-0.3055555555555556,True
1377,CUST04802,Loom,Pending Customer Response,High,Free,,17.5,17.5,0.0,False
1378,CUST01459,Jira,Closed,High,Standard,3.0,20.5,19.0,-0.07317073170731703,False
1379,CUST07136,Jira,Closed,High,Premium,1.0,18.0,20.0,0.11111111111111116,False
1380,CUST01841,Bitbucket,Open,Medium,Free,,5.0,5.0,0.0,False
1381,CUST05605,Trello,Open,Medium,Premium,,18.5,15.5,-0.16216216216216217,False
1382,CUST06587,Confluence,Open,High,Premium,,14.0,13.5,-0.0357142857142857,False
1383,CUST02623,Confluence,Closed,Critical,Enterprise,5.0,28.0,28.5,0.017857142857142794,False
1384,CUST05028,Bitbucket,Closed,Low,Standard,2.0,14.5,13.5,-0.06896551724137934,False
1385,CUST08254,Confluence,Open,Critical,Standard,,10.0,9.0,-0.09999999999999998,False
1386,CUST03292,Loom,Pending Customer Response,Medium,Free,,11.0,5.0,-0.5454545454545454,True
1387,CUST00897,Trello,Open,Critical,Free,,14.5,11.5,-0.2068965517241379,True
1388,CUST03704,Confluence,Pending Customer Response,Medium,Premium,,36.0,31.0,-0.13888888888888884,False
1389,CUST02071,Jira,Open,Medium,Standard,,17.5,20.0,0.1428571428571428,False
1390,CUST04731,Confluence,Open,High,Standard,,14.5,16.0,0.10344827586206895,False
1391,CUST03513,Loom,Closed,High,Standard,1.0,12.0,14.0,0.16666666666666674,False
1392,CUST00218,Jira,Open,Critical,Enterprise,,9.0,10.5,0.16666666666666674,False
1393,CUST05373,Confluence,Pending Customer Response,Medium,Standard,,11.5,15.5,0.34782608695652173,False
1394,CUST03864,Trello,Pending Customer Response,Medium,Free,,8.0,6.5,-0.1875,False
1395,CUST06986,Jira,Pending Customer Response,Critical,Premium,,13.0,9.5,-0.2692307692307693,True
1396,CUST06973,Jira,Closed,Low,Standard,2.0,12.5,6.5,-0.48,True
1397,CUST03454,Jira,Open,Critical,Standard,,26.5,19.5,-0.26415094339622647,True
1398,CUST05271,Bitbucket,Closed,Low,Premium,4.0,44.0,44.0,0.0,False
1399,CUST00231,Loom,Open,Low,Standard,,7.5,9.5,0.2666666666666666,False
1400,CUST04267,Bitbucket,Closed,Medium,Free,2.0,8.0,8.5,0.0625,False
1401,CUST07570,Jira,Open,Critical,Free,,11.0,8.0,-0.2727272727272727,True
1402,CUST05530,Confluence,Pending Customer Response,High,Enterprise,,19.5,17.0,-0.1282051282051282,False
1403,CUST04845,Confluence,Open,Medium,Standard,,12.5,11.5,-0.07999999999999996,False
1404,CUST02590,Trello,Open,Low,Standard,,10.5,16.0,0.5238095238095237,False
1405,CUST04413,Confluence,Open,Critical,Standard,,13.0,10.5,-0.1923076923076923,False
1406,CUST06278,Confluence,Closed,Medium,Premium,4.0,21.0,32.5,0.5476190476190477,False
1407,CUST03411,Loom,Open,Critical,Standard,,25.5,21.5,-0.1568627450980392,False
1408,CUST01024,Trello,Pending Customer Response,Critical,Premium,,18.0,15.5,-0.13888888888888884,False
1409,CUST04781,Jira,Pending Customer Response,High,Free,,8.5,1.5,-0.8235294117647058,True
1410,CUST06257,Bitbucket,Open,Low,Free,,5.0,11.0,1.2000000000000002,False
1411,CUST02929,Jira,Open,Low,Premium,,45.5,46.5,0.0219780219780219,False
1412,CUST03952,Trello,Closed,Critical,Free,5.0,10.5,7.5,-0.2857142857142857,True
1413,CUST07196,Confluence,Pending Customer Response,Medium,Standard,,10.5,14.0,0.33333333333333326,False
1414,CUST05250,Jira,Open,Critical,Enterprise,,45.5,46.0,0.01098901098901095,False
1415,CUST03932,Jira,Pending Customer Response,High,Premium,,21.0,19.5,-0.0714285714285714,False
1416,CUST03142,Loom,Open,Low,Standard,,25.5,22.0,-0.13725490196078427,False
1417,CUST02362,Jira,Closed,Medium,Standard,1.0,19.5,19.0,-0.02564102564102566,False
1418,CUST00743,Jira,Closed,High,Premium,5.0,21.0,23.0,0.09523809523809534,False
1419,CUST00785,Bitbucket,Pending Customer Response,Medium,Enterprise,,42.0,44.5,0.059523809523809534,False
1420,CUST04237,Jira,Open,Medium,Standard,,22.0,24.0,0.09090909090909083,False
1421,CUST01760,Trello,Pending Customer Response,Low,Standard,,12.0,15.5,0.29166666666666674,False
1422,CUST03860,Confluence,Open,Low,Free,,9.5,7.5,-0.21052631578947367,True
1423,CUST01681,Bitbucket,Pending Customer Response,Critical,Enterprise,,19.0,19.5,0.026315789473684292,False
1424,CUST01434,Trello,Open,High,Free,,13.0,11.0,-0.15384615384615385,False
1425,CUST04931,Jira,Pending Customer Response,High,Standard,,11.0,9.0,-0.18181818181818177,False
1426,CUST08040,Loom,Open,Low,Standard,,13.5,10.5,-0.2222222222222222,True
1427,CUST05970,Jira,Closed,Critical,Free,3.0,16.0,14.0,-0.125,False
1428,CUST00801,Confluence,Closed,High,Enterprise,5.0,28.0,22.0,-0.2142857142857143,True
1429,CUST05845,Confluence,Open,Medium,Premium,,8.0,6.5,-0.1875,False
1430,CUST03772,Jira,Pending Customer Response,Medium,Free,,24.0,24.0,0.0,False
1431,CUST05374,Jira,Open,Critical,Enterprise,,29.5,26.5,-0.10169491525423724,False
1432,CUST03616,Trello,Open,Medium,Standard,,37.5,37.0,-0.013333333333333308,False
1433,CUST08199,Trello,Closed,Low,Free,2.0,9.0,9.0,0.0,False
1434,CUST06939,Loom,Closed,Low,Premium,1.0,18.0,16.0,-0.11111111111111116,False
1435,CUST00850,Trello,Closed,Medium,Premium,5.0,13.0,10.5,-0.1923076923076923,False
1436,CUST03724,Bitbucket,Pending Customer Response,Medium,Standard,,9.0,10.0,0.11111111111111116,False
1437,CUST06210,Loom,Pending Customer Response,Low,Premium,,28.5,29.5,0.03508771929824572,False
1438,CUST00453,Loom,Pending Customer Response,Critical,Premium,,15.0,15.5,0.03333333333333344,False
1439,CUST00542,Trello,Open,Low,Free,,5.5,6.0,0.09090909090909083,False
1440,CUST06426,Bitbucket,Open,Critical,Free,,14.0,15.0,0.0714285714285714,False
1441,CUST05516,Confluence,Open,Low,Free,,8.0,12.5,0.5625,False
1442,CUST05841,Confluence,Open,High,Premium,,30.0,34.5,0.1499999999999999,False
1443,CUST03021,Jira,Pending Customer Response,Low,Premium,,8.0,9.0,0.125,False
1444,CUST01862,Loom,Closed,Critical,Standard,3.0,18.5,14.0,-0.2432432432432432,True
1445,CUST08001,Confluence,Closed,Low,Standard,3.0,13.0,9.5,-0.2692307692307693,True
1446,CUST02853,Bitbucket,Pending Customer Response,High,Free,,12.5,13.5,0.08000000000000007,False
1447,CUST08045,Trello,Open,High,Premium,,23.0,15.0,-0.34782608695652173,True
1448,CUST03934,Trello,Open,High,Standard,,42.0,38.5,-0.08333333333333337,False
1449,CUST03139,Loom,Pending Customer Response,Medium,Premium,,6.0,13.0,1.1666666666666665,False
1450,CUST06308,Bitbucket,Pending Customer Response,Medium,Standard,,41.5,43.0,0.03614457831325302,False
1451,CUST04871,Trello,Closed,High,Free,2.0,6.0,3.5,-0.41666666666666663,True
1452,CUST07850,Bitbucket,Pending Customer Response,Critical,Standard,,36.5,29.5,-0.1917808219178082,False
1453,CUST00630,Loom,Closed,Critical,Free,4.0,9.5,8.0,-0.1578947368421053,False
1454,CUST00894,Jira,Open,Critical,Standard,,38.5,41.5,0.07792207792207795,False
1455,CUST01659,Trello,Pending Customer Response,Medium,Standard,,17.0,20.0,0.17647058823529416,False
1456,CUST02228,Confluence,Open,Medium,Free,,5.5,4.0,-0.2727272727272727,True
1457,CUST06123,Loom,Closed,High,Standard,5.0,19.0,21.5,0.13157894736842102,False
1458,CUST03494,Confluence,Closed,Low,Standard,2.0,11.0,12.0,0.09090909090909083,False
1459,CUST05454,Bitbucket,Pending Customer Response,Critical,Enterprise,,21.5,19.5,-0.09302325581395354,False
1460,CUST01618,Bitbucket,Open,Low,Standard,,28.5,28.0,-0.01754385964912286,False
1461,CUST02345,Loom,Pending Customer Response,Low,Free,,13.0,12.0,-0.07692307692307687,False
1462,CUST08308,Confluence,Open,High,Standard,,14.0,10.5,-0.25,True
1463,CUST00187,Jira,Pending Customer Response,High,Premium,,40.5,38.5,-0.04938271604938271,False
1464,CUST06197,Loom,Pending Customer Response,Critical,Standard,,15.0,16.5,0.10000000000000009,False
1465,CUST01129,Loom,Open,Critical,Standard,,18.0,9.0,-0.5,True
1466,CUST04156,Loom,Closed,Medium,Premium,5.0,9.5,11.0,0.1578947368421053,False
1467,CUST07650,Jira,Pending Customer Response,Critical,Premium,,17.5,16.0,-0.08571428571428574,False
1468,CUST02385,Jira,Closed,Medium,Free,5.0,7.5,14.5,0.9333333333333333,False
1469,CUST06212,Jira,Closed,Critical,Premium,4.0,34.5,35.0,0.01449275362318847,False
1470,CUST08165,Jira,Pending Customer Response,High,Premium,,16.5,17.5,0.06060606060606055,False
1471,CUST04339,Trello,Open,Low,Free,,13.0,12.0,-0.07692307692307687,False
1472,CUST05220,Loom,Pending Customer Response,Low,Standard,,15.0,13.0,-0.1333333333333333,False
1473,CUST02620,Jira,Open,Medium,Free,,7.0,14.5,1.0714285714285716,False
1474,CUST00138,Jira,Open,Critical,Premium,,15.5,18.5,0.19354838709677424,False
1475,CUST03937,Trello,Pending Customer Response,High,Enterprise,,26.5,29.5,0.1132075471698113,False
1476,CUST00153,Trello,Pending Customer Response,Critical,Premium,,25.5,18.0,-0.2941176470588235,True
1477,CUST07479,Loom,Pending Customer Response,High,Premium,,21.0,21.5,0.023809523809523725,False
1478,CUST00241,Bitbucket,Open,Critical,Standard,,18.5,21.0,0.1351351351351351,False
1479,CUST00631,Jira,Pending Customer Response,Medium,Standard,,32.5,29.5,-0.09230769230769231,False
1480,CUST02777,Jira,Pending Customer Response,High,Enterprise,,15.5,17.5,0.12903225806451624,False
1481,CUST00861,Loom,Closed,Medium,Standard,4.0,18.0,24.5,0.36111111111111116,False
1482,CUST03799,Confluence,Closed,Medium,Premium,4.0,12.5,9.5,-0.24,True
1483,CUST05362,Confluence,Pending Customer Response,Medium,Standard,,12.5,13.0,0.040000000000000036,False
1484,CUST07464,Bitbucket,Closed,Critical,Premium,2.0,13.0,13.5,0.03846153846153855,False
1485,CUST06233,Jira,Pending Customer Response,Low,Premium,,23.0,22.5,-0.021739130434782594,False
1486,CUST04162,Bitbucket,Pending Customer Response,Low,Premium,,11.0,14.5,0.3181818181818181,False
1487,CUST06519,Jira,Closed,High,Standard,3.0,17.0,19.0,0.11764705882352944,False
1488,CUST00632,Loom,Closed,Low,Premium,4.0,16.0,12.5,-0.21875,True
1489,CUST06812,Confluence,Pending Customer Response,Medium,Standard,,28.0,25.5,-0.0892857142857143,False
1490,CUST03871,Trello,Closed,Low,Enterprise,3.0,46.5,49.0,0.053763440860215006,False
1491,CUST05369,Jira,Closed,High,Standard,1.0,15.5,10.5,-0.32258064516129037,True
1492,CUST05993,Confluence,Closed,Critical,Premium,5.0,10.5,12.0,0.1428571428571428,False
1493,CUST01566,Jira,Closed,Medium,Standard,3.0,25.5,20.5,-0.196078431372549,False
1494,CUST03499,Trello,Closed,Low,Enterprise,4.0,25.0,29.0,0.15999999999999992,False
1495,CUST00818,Trello,Pending Customer Response,High,Standard,,29.5,25.0,-0.15254237288135597,False
1496,CUST02163,Confluence,Closed,Low,Standard,5.0,18.0,16.0,-0.11111111111111116,False
1497,CUST02243,Bitbucket,Open,Medium,Premium,,16.0,17.0,0.0625,False
1498,CUST05166,Jira,Pending Customer Response,Low,Premium,,11.0,7.5,-0.31818181818181823,True
1499,CUST02893,Bitbucket,Closed,High,Premium,2.0,7.0,10.5,0.5,False
1500,CUST06881,Jira,Pending Customer Response,Critical,Enterprise,,18.5,18.0,-0.027027027027026973,False
1501,CUST03665,Confluence,Open,Critical,Premium,,18.0,18.5,0.02777777777777768,False
1502,CUST07940,Jira,Pending Customer Response,High,Standard,,13.0,13.0,0.0,False
1503,CUST01563,Jira,Pending Customer Response,Critical,Premium,,13.0,10.0,-0.23076923076923073,True
1504,CUST02352,Bitbucket,Closed,High,Standard,2.0,22.5,25.0,0.11111111111111116,False
1505,CUST06775,Confluence,Pending Customer Response,Critical,Standard,,28.0,26.5,-0.0535714285714286,False
1506,CUST02920,Trello,Open,Medium,Enterprise,,7.0,13.0,0.8571428571428572,False
1507,CUST04515,Jira,Pending Customer Response,High,Enterprise,,34.5,34.0,-0.01449275362318836,False
1508,CUST06683,Bitbucket,Pending Customer Response,Medium,Standard,,19.0,16.5,-0.13157894736842102,False
1509,CUST04660,Trello,Pending Customer Response,Low,Premium,,16.5,15.5,-0.06060606060606055,False
1510,CUST07801,Trello,Open,Critical,Standard,,5.0,5.0,0.0,False
1511,CUST07828,Confluence,Open,Medium,Standard,,16.0,14.0,-0.125,False
1512,CUST02011,Confluence,Open,Medium,Premium,,23.0,22.5,-0.021739130434782594,False
1513,CUST04311,Trello,Pending Customer Response,Low,Standard,,14.0,13.5,-0.0357142857142857,False
1514,CUST07362,Trello,Closed,Low,Free,3.0,10.5,8.0,-0.23809523809523814,True
1515,CUST05929,Loom,Open,Low,Premium,,23.0,23.0,0.0,False
1516,CUST00174,Loom,Pending Customer Response,Critical,Standard,,11.0,9.0,-0.18181818181818177,False
1517,CUST00844,Confluence,Open,High,Premium,,15.5,16.5,0.06451612903225801,False
1518,CUST00933,Confluence,Pending Customer Response,High,Free,,9.5,9.5,0.0,False
1519,CUST07758,Confluence,Open,Low,Free,,9.5,7.0,-0.26315789473684215,True
1520,CUST07064,Confluence,Pending Customer Response,High,Premium,,25.5,28.5,0.11764705882352944,False
1521,CUST01673,Confluence,Open,High,Free,,11.0,5.5,-0.5,True
1522,CUST04295,Loom,Open,High,Enterprise,,15.5,17.0,0.09677419354838701,False
1523,CUST04241,Confluence,Pending Customer Response,Critical,Premium,,21.0,24.5,0.16666666666666674,False
1524,CUST04833,Bitbucket,Closed,Critical,Standard,5.0,9.0,12.5,0.38888888888888884,False
1525,CUST03612,Jira,Pending Customer Response,Low,Standard,,33.5,33.5,0.0,False
1526,CUST06698,Jira,Pending Customer Response,Critical,Enterprise,,10.5,12.0,0.1428571428571428,False
1527,CUST00886,Confluence,Closed,High,Enterprise,4.0,18.0,20.0,0.11111111111111116,False
1528,CUST06919,Bitbucket,Closed,Low,Standard,5.0,10.5,10.0,-0.04761904761904767,False
1529,CUST03000,Bitbucket,Closed,High,Premium,1.0,26.0,22.5,-0.13461538461538458,False
1530,CUST05409,Trello,Closed,Low,Standard,1.0,17.5,11.5,-0.34285714285714286,True
1531,CUST03237,Trello,Open,Critical,Premium,,16.0,19.0,0.1875,False
1532,CUST06353,Trello,Open,Low,Enterprise,,17.5,22.5,0.2857142857142858,False
1533,CUST03102,Bitbucket,Closed,Low,Free,4.0,20.0,21.0,0.050000000000000044,False
1534,CUST00724,Jira,Pending Customer Response,Critical,Enterprise,,22.0,21.0,-0.045454545454545414,False
1535,CUST01382,Confluence,Open,Low,Premium,,21.0,20.0,-0.04761904761904767,False
1536,CUST01839,Jira,Closed,Medium,Free,4.0,16.0,16.0,0.0,False
1537,CUST05468,Bitbucket,Pending Customer Response,Low,Free,,9.5,9.0,-0.052631578947368474,False
1538,CUST03913,Jira,Open,Low,Standard,,14.5,16.5,0.13793103448275867,False
1539,CUST01719,Confluence,Open,Low,Standard,,18.5,24.0,0.29729729729729737,False
1540,CUST06702,Trello,Pending Customer Response,High,Enterprise,,21.0,22.5,0.0714285714285714,False
1541,CUST03259,Bitbucket,Closed,Medium,Standard,5.0,45.5,50.0,0.098901098901099,False
1542,CUST02356,Loom,Open,Critical,Standard,,7.5,6.5,-0.1333333333333333,False
1543,CUST03475,Bitbucket,Open,High,Standard,,28.0,24.5,-0.125,False
1544,CUST03148,Trello,Pending Customer Response,Medium,Standard,,5.0,8.0,0.6000000000000001,False
1545,CUST05774,Confluence,Closed,Critical,Enterprise,1.0,15.5,12.0,-0.22580645161290325,True
1546,CUST05237,Confluence,Open,Critical,Standard,,9.5,9.0,-0.052631578947368474,False
1547,CUST05217,Confluence,Closed,High,Standard,3.0,12.5,11.5,-0.07999999999999996,False
1548,CUST05336,Loom,Pending Customer Response,Medium,Premium,,17.5,13.0,-0.2571428571428571,True
1549,CUST04935,Trello,Closed,Critical,Free,3.0,6.0,10.5,0.75,False
1550,CUST02956,Confluence,Pending Customer Response,Medium,Free,,8.5,8.5,0.0,False
1551,CUST03778,Loom,Pending Customer Response,Medium,Premium,,7.0,11.5,0.6428571428571428,False
1552,CUST00408,Confluence,Open,High,Enterprise,,20.5,20.5,0.0,False
1553,CUST01061,Jira,Pending Customer Response,Medium,Standard,,20.5,19.5,-0.04878048780487809,False
1554,CUST03719,Jira,Closed,High,Standard,2.0,22.5,18.0,-0.19999999999999996,False
1555,CUST07896,Loom,Open,High,Standard,,18.0,14.5,-0.19444444444444442,False
1556,CUST08279,Bitbucket,Open,High,Standard,,13.5,13.0,-0.03703703703703709,False
1557,CUST04923,Loom,Pending Customer Response,Critical,Free,,5.0,5.0,0.0,False
1558,CUST07096,Trello,Closed,High,Standard,3.0,37.5,39.5,0.05333333333333323,False
1559,CUST07631,Jira,Open,Medium,Standard,,7.5,8.0,0.06666666666666665,False
1560,CUST07863,Trello,Pending Customer Response,Low,Free,,5.5,8.0,0.4545454545454546,False
1561,CUST00864,Bitbucket,Pending Customer Response,High,Standard,,10.0,14.5,0.44999999999999996,False
1562,CUST05470,Confluence,Pending Customer Response,High,Premium,,25.5,27.0,0.05882352941176472,False
1563,CUST03653,Trello,Open,High,Standard,,8.0,8.5,0.0625,False
1564,CUST06820,Jira,Closed,High,Premium,4.0,39.5,35.5,-0.10126582278481011,False
1565,CUST03405,Trello,Open,Medium,Free,,10.0,12.5,0.25,False
1566,CUST03720,Jira,Pending Customer Response,High,Free,,8.0,13.0,0.625,False
1567,CUST00325,Jira,Pending Customer Response,Critical,Standard,,15.0,25.0,0.6666666666666667,False
1568,CUST07319,Trello,Open,Critical,Standard,,24.5,23.5,-0.04081632653061229,False
1569,CUST04168,Jira,Closed,Critical,Premium,1.0,27.0,22.5,-0.16666666666666663,False
1570,CUST06287,Loom,Open,Low,Standard,,24.5,27.0,0.1020408163265305,False
1571,CUST02905,Loom,Open,Low,Premium,,10.0,11.5,0.1499999999999999,False
1572,CUST05487,Loom,Pending Customer Response,High,Premium,,27.0,28.0,0.03703703703703698,False
1573,CUST07473,Bitbucket,Open,Critical,Standard,,14.5,13.5,-0.06896551724137934,False
1574,CUST05866,Confluence,Closed,High,Premium,4.0,30.5,32.5,0.06557377049180335,False
1575,CUST07176,Jira,Open,Low,Free,,23.0,17.5,-0.23913043478260865,True
1576,CUST02604,Jira,Pending Customer Response,Medium,Standard,,22.5,17.5,-0.2222222222222222,True
1577,CUST08184,Trello,Pending Customer Response,Medium,Premium,,23.0,25.0,0.08695652173913038,False
1578,CUST03738,Trello,Closed,Medium,Standard,2.0,14.5,19.0,0.31034482758620685,False
1579,CUST05121,Loom,Pending Customer Response,Low,Enterprise,,10.5,5.0,-0.5238095238095238,True
1580,CUST01578,Confluence,Open,Medium,Premium,,9.5,16.0,0.6842105263157894,False
1581,CUST00029,Jira,Closed,Medium,Standard,3.0,26.0,27.0,0.03846153846153855,False
1582,CUST02372,Bitbucket,Open,High,Premium,,39.0,36.0,-0.07692307692307687,False
1583,CUST02075,Loom,Closed,Low,Standard,4.0,14.5,11.5,-0.2068965517241379,True
1584,CUST07024,Trello,Closed,Critical,Standard,2.0,14.0,10.0,-0.2857142857142857,True
1585,CUST03702,Confluence,Pending Customer Response,Low,Standard,,17.0,17.0,0.0,False
1586,CUST07642,Jira,Pending Customer Response,Medium,Premium,,24.5,26.0,0.061224489795918435,False
1587,CUST04667,Bitbucket,Open,High,Standard,,15.5,13.5,-0.12903225806451613,False
1588,CUST00298,Bitbucket,Open,Low,Enterprise,,19.5,16.0,-0.17948717948717952,False
1589,CUST01165,Bitbucket,Closed,Low,Standard,1.0,9.5,11.5,0.21052631578947367,False
1590,CUST04701,Bitbucket,Closed,Low,Premium,5.0,25.5,27.0,0.05882352941176472,False
1591,CUST08310,Bitbucket,Closed,Low,Free,1.0,7.0,6.0,-0.1428571428571429,False
1592,CUST05161,Confluence,Open,Medium,Premium,,19.5,17.5,-0.10256410256410253,False
1593,CUST04235,Trello,Pending Customer Response,Critical,Standard,,10.5,11.5,0.09523809523809534,False
1594,CUST00879,Trello,Closed,High,Standard,1.0,10.5,13.0,0.23809523809523814,False
1595,CUST06905,Jira,Open,High,Enterprise,,23.5,27.5,0.17021276595744683,False
1596,CUST02387,Loom,Closed,Medium,Standard,5.0,10.5,15.0,0.4285714285714286,False
1597,CUST01913,Loom,Closed,High,Standard,4.0,10.0,10.5,0.050000000000000044,False
1598,CUST00629,Confluence,Open,Low,Enterprise,,29.5,30.0,0.016949152542372836,False
1599,CUST01004,Trello,Closed,High,Standard,3.0,9.5,11.0,0.1578947368421053,False
1600,CUST08222,Loom,Open,Medium,Standard,,10.0,11.0,0.10000000000000009,False
1601,CUST02274,Jira,Pending Customer Response,Low,Premium,,24.0,19.0,-0.20833333333333337,True
1602,CUST00780,Jira,Closed,Critical,Premium,1.0,18.5,19.5,0.054054054054053946,False
1603,CUST05477,Confluence,Closed,Critical,Standard,4.0,35.5,35.5,0.0,False
1604,CUST01685,Bitbucket,Closed,Low,Enterprise,5.0,8.5,2.0,-0.7647058823529411,True
1605,CUST04809,Trello,Pending Customer Response,Medium,Standard,,12.0,16.0,0.33333333333333326,False
1606,CUST07370,Bitbucket,Open,Low,Standard,,20.5,26.5,0.29268292682926833,False
1607,CUST07635,Loom,Open,Medium,Free,,10.0,11.0,0.10000000000000009,False
1608,CUST08230,Loom,Pending Customer Response,Medium,Enterprise,,26.5,25.0,-0.05660377358490565,False
1609,CUST00253,Trello,Open,Low,Standard,,19.5,10.5,-0.46153846153846156,True
1610,CUST00353,Loom,Open,Medium,Enterprise,,22.0,21.0,-0.045454545454545414,False
1611,CUST03868,Trello,Pending Customer Response,Medium,Premium,,16.5,17.5,0.06060606060606055,False
1612,CUST00226,Jira,Closed,Medium,Standard,3.0,23.5,18.5,-0.21276595744680848,True
1613,CUST03946,Bitbucket,Closed,Medium,Standard,2.0,12.5,11.5,-0.07999999999999996,False
1614,CUST06314,Bitbucket,Closed,Critical,Standard,1.0,19.0,18.0,-0.052631578947368474,False
1615,CUST01014,Confluence,Closed,Low,Premium,3.0,12.5,15.0,0.19999999999999996,False
1616,CUST00798,Bitbucket,Pending Customer Response,Medium,Enterprise,,13.0,16.0,0.23076923076923084,False
1617,CUST03692,Loom,Pending Customer Response,High,Premium,,20.5,19.0,-0.07317073170731703,False
1618,CUST00779,Loom,Closed,Critical,Standard,1.0,9.0,15.0,0.6666666666666667,False
1619,CUST04906,Trello,Closed,Critical,Enterprise,1.0,14.0,17.0,0.2142857142857142,False
1620,CUST06429,Bitbucket,Open,Medium,Enterprise,,15.5,16.5,0.06451612903225801,False
1621,CUST07124,Trello,Open,Critical,Premium,,15.5,16.0,0.032258064516129004,False
1622,CUST06012,Trello,Pending Customer Response,High,Standard,,14.5,11.5,-0.2068965517241379,True
1623,CUST04038,Loom,Closed,Low,Free,5.0,6.5,7.0,0.07692307692307687,False
1624,CUST06864,Jira,Closed,High,Premium,4.0,33.5,38.0,0.13432835820895517,False
1625,CUST03529,Trello,Pending Customer Response,High,Enterprise,,18.5,22.5,0.21621621621621623,False
1626,CUST05074,Trello,Pending Customer Response,Medium,Premium,,28.5,22.0,-0.22807017543859653,True
1627,CUST05623,Trello,Open,Critical,Free,,17.5,19.0,0.08571428571428563,False
1628,CUST03914,Bitbucket,Pending Customer Response,Medium,Enterprise,,47.5,46.5,-0.021052631578947323,False
1629,CUST06104,Jira,Closed,Critical,Standard,2.0,19.0,19.5,0.026315789473684292,False
1630,CUST06980,Loom,Closed,Critical,Enterprise,4.0,15.5,14.5,-0.06451612903225812,False
1631,CUST04239,Bitbucket,Open,Critical,Standard,,13.5,7.5,-0.4444444444444444,True
1632,CUST01158,Trello,Open,Low,Enterprise,,19.0,17.5,-0.07894736842105265,False
1633,CUST03976,Loom,Open,Low,Standard,,18.0,17.5,-0.02777777777777779,False
1634,CUST06294,Confluence,Open,High,Free,,10.5,5.5,-0.47619047619047616,True
1635,CUST01313,Trello,Open,Critical,Free,,6.0,5.0,-0.16666666666666663,False
1636,CUST02427,Confluence,Pending Customer Response,Medium,Standard,,18.0,21.0,0.16666666666666674,False
1637,CUST07363,Jira,Pending Customer Response,High,Free,,18.0,19.0,0.05555555555555558,False
1638,CUST00203,Trello,Pending Customer Response,Low,Premium,,20.5,26.0,0.2682926829268293,False
1639,CUST05266,Jira,Open,High,Standard,,26.5,28.5,0.07547169811320753,False
1640,CUST06378,Trello,Open,Critical,Standard,,10.5,12.5,0.19047619047619047,False
1641,CUST00114,Loom,Closed,Critical,Premium,4.0,19.0,23.5,0.23684210526315796,False
1642,CUST06997,Confluence,Pending Customer Response,Medium,Standard,,15.5,13.0,-0.16129032258064513,False
1643,CUST07893,Jira,Pending Customer Response,High,Enterprise,,19.5,18.0,-0.07692307692307687,False
1644,CUST03652,Bitbucket,Pending Customer Response,Low,Free,,7.0,10.0,0.4285714285714286,False
1645,CUST00836,Trello,Open,Medium,Enterprise,,21.0,22.0,0.04761904761904767,False
1646,CUST07684,Loom,Open,High,Premium,,7.5,6.0,-0.19999999999999996,False
1647,CUST02398,Trello,Open,Low,Premium,,22.0,19.0,-0.13636363636363635,False
1648,CUST08289,Trello,Closed,High,Premium,1.0,25.5,18.5,-0.27450980392156865,True
1649,CUST04540,Bitbucket,Pending Customer Response,Critical,Standard,,9.0,5.5,-0.38888888888888884,True
1650,CUST02423,Confluence,Closed,Critical,Premium,1.0,16.0,8.5,-0.46875,True
1651,CUST05995,Jira,Pending Customer Response,High,Premium,,13.5,15.0,0.11111111111111116,False
1652,CUST03608,Confluence,Closed,Low,Standard,2.0,4.5,10.0,1.2222222222222223,False
1653,CUST07460,Loom,Closed,Low,Standard,2.0,7.0,11.0,0.5714285714285714,False
1654,CUST04224,Loom,Closed,Low,Free,4.0,8.0,8.0,0.0,False
1655,CUST01752,Loom,Open,High,Free,,25.0,19.5,-0.21999999999999997,True
1656,CUST02519,Jira,Closed,High,Free,4.0,18.5,20.5,0.10810810810810811,False
1657,CUST04352,Bitbucket,Open,Low,Enterprise,,15.0,12.0,-0.19999999999999996,False
1658,CUST00677,Jira,Pending Customer Response,Medium,Standard,,11.5,11.5,0.0,False
1659,CUST06789,Loom,Pending Customer Response,High,Premium,,14.0,15.5,0.1071428571428572,False
1660,CUST03594,Loom,Closed,Critical,Standard,4.0,11.0,8.5,-0.2272727272727273,True
1661,CUST02760,Jira,Closed,High,Standard,5.0,26.5,27.5,0.037735849056603765,False
1662,CUST00085,Confluence,Open,Low,Premium,,12.5,18.0,0.43999999999999995,False
1663,CUST01587,Trello,Closed,Medium,Premium,1.0,37.0,33.0,-0.10810810810810811,False
1664,CUST02162,Trello,Pending Customer Response,Critical,Free,,17.0,13.5,-0.20588235294117652,True
1665,CUST02072,Confluence,Closed,Medium,Standard,5.0,6.5,5.0,-0.23076923076923073,True
1666,CUST01700,Jira,Pending Customer Response,High,Standard,,8.0,9.5,0.1875,False
1667,CUST07180,Confluence,Open,Medium,Premium,,15.5,18.0,0.16129032258064524,False
1668,CUST07568,Confluence,Open,High,Standard,,7.0,4.0,-0.4285714285714286,True
1669,CUST01075,Trello,Closed,Medium,Premium,4.0,29.5,29.0,-0.016949152542372836,False
1670,CUST04119,Bitbucket,Closed,High,Enterprise,4.0,37.5,37.5,0.0,False
1671,CUST05103,Trello,Open,Critical,Free,,5.0,4.0,-0.19999999999999996,False
1672,CUST06192,Trello,Pending Customer Response,Low,Standard,,28.5,27.5,-0.03508771929824561,False
1673,CUST03747,Confluence,Open,Medium,Standard,,13.5,11.5,-0.14814814814814814,False
1674,CUST04112,Confluence,Closed,High,Premium,5.0,11.5,7.5,-0.34782608695652173,True
1675,CUST01140,Confluence,Closed,Low,Premium,5.0,16.5,13.5,-0.18181818181818177,False
1676,CUST01453,Trello,Pending Customer Response,Medium,Standard,,26.0,23.0,-0.11538461538461542,False
1677,CUST06800,Jira,Closed,Low,Free,4.0,15.5,16.5,0.06451612903225801,False
1678,CUST08170,Bitbucket,Pending Customer Response,Critical,Standard,,28.0,30.0,0.0714285714285714,False
1679,CUST00033,Bitbucket,Open,Critical,Standard,,9.0,3.5,-0.6111111111111112,True
1680,CUST01427,Jira,Closed,Critical,Free,2.0,16.0,16.5,0.03125,False
1681,CUST01487,Loom,Open,Low,Free,,7.0,7.5,0.0714285714285714,False
1682,CUST01985,Trello,Open,Critical,Standard,,16.0,16.0,0.0,False
1683,CUST06465,Jira,Open,Critical,Standard,,13.0,11.5,-0.11538461538461542,False
1684,CUST03449,Jira,Open,Medium,Free,,16.0,16.5,0.03125,False
1685,CUST06249,Loom,Open,High,Free,,11.5,5.5,-0.5217391304347826,True
1686,CUST01018,Bitbucket,Closed,Low,Standard,3.0,16.0,17.0,0.0625,False
1687,CUST08168,Confluence,Closed,Medium,Standard,2.0,27.5,27.5,0.0,False
1688,CUST00165,Trello,Open,Medium,Standard,,10.0,11.5,0.1499999999999999,False
1689,CUST04315,Confluence,Pending Customer Response,Medium,Premium,,9.0,8.5,-0.05555555555555558,False
1690,CUST04493,Jira,Pending Customer Response,Medium,Standard,,12.5,12.5,0.0,False
1691,CUST03645,Bitbucket,Pending Customer Response,Medium,Standard,,20.0,13.5,-0.32499999999999996,True
1692,CUST08051,Loom,Closed,High,Free,3.0,10.0,6.5,-0.35,True
1693,CUST06359,Confluence,Open,High,Enterprise,,16.0,21.0,0.3125,False
1694,CUST04519,Confluence,Open,Low,Premium,,10.0,11.0,0.10000000000000009,False
1695,CUST01286,Confluence,Open,Medium,Standard,,29.0,33.0,0.13793103448275867,False
1696,CUST02120,Bitbucket,Open,Medium,Enterprise,,23.0,18.5,-0.19565217391304346,False
1697,CUST05051,Loom,Open,Critical,Standard,,30.0,28.0,-0.06666666666666665,False
1698,CUST05883,Jira,Open,Low,Enterprise,,17.5,17.0,-0.02857142857142858,False
1699,CUST06690,Trello,Pending Customer Response,Medium,Standard,,22.0,23.5,0.06818181818181812,False
1700,CUST04264,Confluence,Closed,Low,Standard,2.0,9.5,9.5,0.0,False
1701,CUST04182,Confluence,Closed,Medium,Standard,5.0,27.0,26.0,-0.03703703703703709,False
1702,CUST01693,Trello,Pending Customer Response,High,Standard,,13.0,12.5,-0.038461538461538436,False
1703,CUST05353,Trello,Closed,Medium,Enterprise,2.0,16.5,17.0,0.030303030303030276,False
1704,CUST02217,Jira,Closed,Medium,Standard,4.0,13.0,15.0,0.15384615384615374,False
1705,CUST02790,Trello,Open,High,Premium,,30.0,24.5,-0.18333333333333335,False
1706,CUST01184,Loom,Closed,Low,Free,2.0,15.5,11.5,-0.25806451612903225,True
1707,CUST03559,Loom,Pending Customer Response,High,Standard,,11.5,13.5,0.17391304347826098,False
1708,CUST04153,Confluence,Pending Customer Response,High,Enterprise,,15.5,13.5,-0.12903225806451613,False
1709,CUST01909,Bitbucket,Pending Customer Response,Low,Standard,,20.5,17.0,-0.1707317073170732,False
1710,CUST02472,Bitbucket,Closed,High,Standard,4.0,19.0,15.5,-0.1842105263157895,False
1711,CUST02901,Loom,Closed,High,Standard,2.0,12.0,13.5,0.125,False
1712,CUST00177,Loom,Pending Customer Response,Critical,Standard,,14.5,7.5,-0.48275862068965514,True
1713,CUST00186,Confluence,Open,Medium,Enterprise,,43.5,39.0,-0.10344827586206895,False
1714,CUST05165,Confluence,Pending Customer Response,Low,Free,,4.5,12.0,1.6666666666666665,False
1715,CUST04231,Loom,Closed,Critical,Standard,2.0,23.0,19.5,-0.15217391304347827,False
1716,CUST06395,Loom,Closed,Low,Enterprise,1.0,22.5,21.5,-0.0444444444444444,False
1717,CUST05515,Jira,Open,Medium,Enterprise,,17.0,20.0,0.17647058823529416,False
1718,CUST07847,Loom,Closed,Medium,Standard,3.0,11.0,10.5,-0.045454545454545414,False
1719,CUST08283,Confluence,Closed,Medium,Standard,5.0,29.5,33.0,0.11864406779661008,False
1720,CUST05630,Trello,Open,Medium,Enterprise,,21.5,25.5,0.18604651162790709,False
1721,CUST00569,Bitbucket,Open,High,Premium,,22.0,22.0,0.0,False
1722,CUST06256,Trello,Closed,Low,Premium,1.0,32.0,26.5,-0.171875,False
1723,CUST06521,Bitbucket,Closed,High,Standard,1.0,19.5,18.0,-0.07692307692307687,False
1724,CUST01960,Jira,Open,Low,Standard,,24.0,25.5,0.0625,False
1725,CUST05745,Trello,Closed,Critical,Premium,1.0,13.5,10.0,-0.2592592592592593,True
1726,CUST03444,Loom,Open,Low,Premium,,17.0,15.0,-0.11764705882352944,False
1727,CUST05413,Bitbucket,Closed,Critical,Enterprise,1.0,49.5,48.0,-0.030303030303030276,False
1728,CUST03005,Trello,Pending Customer Response,Critical,Standard,,10.5,12.5,0.19047619047619047,False
1729,CUST06786,Confluence,Open,Critical,Free,,10.0,8.5,-0.15000000000000002,False
1730,CUST03225,Confluence,Open,High,Standard,,21.5,16.5,-0.2325581395348837,True
1731,CUST02205,Bitbucket,Pending Customer Response,Critical,Standard,,5.5,7.5,0.36363636363636354,False
1732,CUST04959,Confluence,Closed,High,Premium,2.0,22.5,20.5,-0.0888888888888889,False
1733,CUST00233,Jira,Closed,Medium,Standard,2.0,8.0,4.0,-0.5,True
1734,CUST04927,Jira,Pending Customer Response,Medium,Premium,,4.5,4.0,-0.11111111111111116,False
1735,CUST02650,Confluence,Closed,Medium,Premium,3.0,12.5,16.0,0.28,False
1736,CUST03829,Bitbucket,Pending Customer Response,Medium,Standard,,25.0,25.5,0.020000000000000018,False
1737,CUST06449,Bitbucket,Closed,High,Standard,5.0,21.5,20.5,-0.046511627906976716,False
1738,CUST03814,Bitbucket,Open,High,Premium,,26.0,28.0,0.07692307692307687,False
1739,CUST03390,Jira,Pending Customer Response,High,Free,,12.5,15.0,0.19999999999999996,False
1740,CUST02489,Loom,Open,High,Enterprise,,17.0,16.5,-0.02941176470588236,False
1741,CUST02460,Bitbucket,Open,High,Premium,,32.0,31.0,-0.03125,False
1742,CUST02081,Jira,Closed,High,Premium,3.0,23.0,26.0,0.13043478260869557,False
1743,CUST04372,Confluence,Closed,Medium,Standard,5.0,15.5,18.5,0.19354838709677424,False
1744,CUST04086,Loom,Open,Critical,Free,,7.0,6.0,-0.1428571428571429,False
1745,CUST00732,Loom,Pending Customer Response,Medium,Premium,,11.5,12.0,0.04347826086956519,False
1746,CUST06895,Trello,Pending Customer Response,Critical,Premium,,28.0,26.5,-0.0535714285714286,False
1747,CUST00393,Bitbucket,Pending Customer Response,High,Enterprise,,13.5,18.5,0.37037037037037046,False
1748,CUST07911,Loom,Closed,High,Free,1.0,8.0,7.0,-0.125,False
1749,CUST01647,Jira,Open,Critical,Premium,,24.5,26.5,0.08163265306122458,False
1750,CUST01786,Bitbucket,Open,High,Standard,,20.5,17.0,-0.1707317073170732,False
1751,CUST05562,Jira,Pending Customer Response,Critical,Free,,7.0,13.0,0.8571428571428572,False
1752,CUST07417,Trello,Open,Low,Premium,,17.0,18.5,0.08823529411764697,False
1753,CUST01098,Loom,Closed,Critical,Standard,5.0,4.5,5.5,0.22222222222222232,False
1754,CUST01774,Loom,Open,Medium,Standard,,6.5,9.0,0.3846153846153846,False
1755,CUST07189,Loom,Closed,High,Enterprise,5.0,17.0,12.5,-0.2647058823529411,True
1756,CUST05083,Trello,Closed,Low,Premium,3.0,19.5,15.5,-0.20512820512820518,True
1757,CUST03729,Bitbucket,Open,Medium,Enterprise,,17.5,16.5,-0.05714285714285716,False
1758,CUST03398,Bitbucket,Open,Low,Standard,,35.0,32.0,-0.08571428571428574,False
1759,CUST04353,Loom,Open,Medium,Standard,,8.0,9.0,0.125,False
1760,CUST06868,Loom,Pending Customer Response,Low,Enterprise,,13.0,12.5,-0.038461538461538436,False
1761,CUST03480,Jira,Open,Low,Premium,,10.5,10.5,0.0,False
1762,CUST02562,Trello,Closed,Medium,Free,5.0,13.5,11.0,-0.18518518518518523,False
1763,CUST00199,Loom,Pending Customer Response,Medium,Standard,,11.0,12.5,0.13636363636363646,False
1764,CUST05985,Confluence,Pending Customer Response,Critical,Standard,,19.5,22.0,0.1282051282051282,False
1765,CUST05206,Jira,Closed,Low,Enterprise,2.0,23.0,14.0,-0.3913043478260869,True
1766,CUST02030,Confluence,Closed,High,Standard,5.0,11.5,13.5,0.17391304347826098,False
1767,CUST01715,Loom,Pending Customer Response,High,Free,,4.5,3.0,-0.33333333333333337,True
1768,CUST03235,Bitbucket,Closed,Low,Standard,4.0,7.0,11.5,0.6428571428571428,False
1769,CUST02782,Trello,Pending Customer Response,Critical,Free,,15.5,9.5,-0.3870967741935484,True
1770,CUST06201,Confluence,Pending Customer Response,Low,Free,,15.5,13.5,-0.12903225806451613,False
1771,CUST00007,Loom,Pending Customer Response,Critical,Free,,16.0,16.5,0.03125,False
1772,CUST02446,Confluence,Open,Critical,Standard,,13.0,15.5,0.1923076923076923,False
1773,CUST06283,Trello,Closed,Low,Premium,3.0,22.0,18.5,-0.15909090909090906,False
1774,CUST00034,Loom,Open,High,Premium,,10.0,12.5,0.25,False
1775,CUST07783,Confluence,Pending Customer Response,Low,Free,,15.5,15.5,0.0,False
1776,CUST03619,Confluence,Open,High,Standard,,12.0,15.5,0.29166666666666674,False
1777,CUST07993,Bitbucket,Pending Customer Response,High,Standard,,17.5,19.5,0.11428571428571432,False
1778,CUST06130,Bitbucket,Open,High,Enterprise,,20.5,25.0,0.2195121951219512,False
1779,CUST06966,Loom,Closed,High,Premium,3.0,27.5,22.5,-0.18181818181818177,False
1780,CUST06430,Confluence,Pending Customer Response,Critical,Standard,,7.5,6.0,-0.19999999999999996,False
1781,CUST02557,Jira,Pending Customer Response,Low,Standard,,14.0,14.0,0.0,False
1782,CUST00437,Bitbucket,Closed,High,Premium,3.0,48.5,52.5,0.08247422680412364,False
1783,CUST07919,Confluence,Closed,Low,Standard,2.0,10.5,13.5,0.2857142857142858,False
1784,CUST02554,Trello,Closed,Critical,Enterprise,3.0,23.0,22.5,-0.021739130434782594,False
1785,CUST05270,Confluence,Closed,Medium,Enterprise,3.0,20.0,15.5,-0.22499999999999998,True
1786,CUST02015,Bitbucket,Closed,Low,Enterprise,4.0,16.0,17.0,0.0625,False
1787,CUST07468,Confluence,Open,High,Standard,,10.5,13.0,0.23809523809523814,False
1788,CUST00065,Bitbucket,Open,Medium,Free,,8.0,7.0,-0.125,False
1789,CUST02973,Bitbucket,Pending Customer Response,Medium,Premium,,27.0,21.5,-0.20370370370370372,True
1790,CUST03017,Jira,Pending Customer Response,High,Standard,,18.0,16.0,-0.11111111111111116,False
1791,CUST04057,Trello,Open,Critical,Premium,,19.5,16.5,-0.15384615384615385,False
1792,CUST08162,Confluence,Open,Low,Free,,7.0,3.5,-0.5,True
1793,CUST01870,Jira,Open,Critical,Enterprise,,12.0,6.0,-0.5,True
1794,CUST04325,Loom,Pending Customer Response,Critical,Enterprise,,39.5,41.5,0.05063291139240511,False
1795,CUST04880,Jira,Open,Critical,Standard,,13.5,12.0,-0.11111111111111116,False
1796,CUST07938,Jira,Open,High,Free,,5.5,7.0,0.2727272727272727,False
1797,CUST05591,Confluence,Open,High,Free,,4.5,6.5,0.4444444444444444,False
1798,CUST02049,Loom,Pending Customer Response,High,Standard,,13.5,12.0,-0.11111111111111116,False
1799,CUST07143,Jira,Pending Customer Response,Low,Free,,10.5,13.5,0.2857142857142858,False
1800,CUST05672,Confluence,Pending Customer Response,High,Premium,,14.0,14.0,0.0,False
1801,CUST06458,Jira,Pending Customer Response,Low,Standard,,29.5,30.0,0.016949152542372836,False
1802,CUST00725,Trello,Open,Low,Premium,,39.5,37.5,-0.05063291139240511,False
1803,CUST08003,Trello,Pending Customer Response,Medium,Standard,,13.0,15.5,0.1923076923076923,False
1804,CUST01395,Bitbucket,Open,High,Free,,12.0,9.5,-0.20833333333333337,True
1805,CUST04467,Confluence,Closed,Critical,Standard,1.0,12.0,11.5,-0.04166666666666663,False
1806,CUST03651,Bitbucket,Closed,Low,Premium,1.0,18.5,17.5,-0.05405405405405406,False
1807,CUST01299,Confluence,Closed,Medium,Standard,5.0,26.5,26.0,-0.018867924528301883,False
1808,CUST03090,Jira,Closed,Medium,Standard,5.0,15.5,16.5,0.06451612903225801,False
1809,CUST03069,Jira,Pending Customer Response,Medium,Premium,,29.5,27.0,-0.0847457627118644,False
1810,CUST00442,Confluence,Pending Customer Response,High,Enterprise,,10.5,15.5,0.4761904761904763,False
1811,CUST01033,Loom,Open,Low,Enterprise,,25.5,18.0,-0.2941176470588235,True
1812,CUST06755,Confluence,Open,High,Premium,,16.0,14.0,-0.125,False
1813,CUST04355,Confluence,Closed,Critical,Standard,5.0,4.5,10.0,1.2222222222222223,False
1814,CUST07936,Loom,Pending Customer Response,High,Enterprise,,17.0,14.0,-0.17647058823529416,False
1815,CUST07052,Bitbucket,Open,Medium,Enterprise,,25.0,29.5,0.17999999999999994,False
1816,CUST03756,Loom,Pending Customer Response,Medium,Standard,,12.0,15.0,0.25,False
1817,CUST08251,Bitbucket,Open,Critical,Premium,,28.0,21.5,-0.2321428571428571,True
1818,CUST08141,Bitbucket,Pending Customer Response,Low,Standard,,16.0,15.0,-0.0625,False
1819,CUST04613,Confluence,Pending Customer Response,Medium,Premium,,15.5,13.0,-0.16129032258064513,False
1820,CUST06791,Trello,Closed,High,Standard,1.0,11.5,11.5,0.0,False
1821,CUST08190,Confluence,Open,Medium,Free,,7.5,8.5,0.1333333333333333,False
1822,CUST07760,Loom,Pending Customer Response,Low,Premium,,7.0,10.0,0.4285714285714286,False
1823,CUST08134,Confluence,Open,High,Premium,,18.0,23.0,0.2777777777777777,False
1824,CUST07638,Jira,Open,High,Premium,,14.0,16.0,0.1428571428571428,False
1825,CUST02000,Jira,Closed,High,Premium,1.0,20.5,16.0,-0.2195121951219512,True
1826,CUST03786,Loom,Closed,High,Standard,2.0,4.5,5.0,0.11111111111111116,False
1827,CUST01179,Confluence,Pending Customer Response,High,Standard,,18.0,19.0,0.05555555555555558,False
1828,CUST01729,Bitbucket,Closed,Critical,Standard,2.0,18.5,17.5,-0.05405405405405406,False
1829,CUST04789,Loom,Pending Customer Response,Low,Standard,,16.0,16.0,0.0,False
1830,CUST04603,Jira,Open,Medium,Free,,15.0,11.5,-0.23333333333333328,True
1831,CUST04556,Bitbucket,Pending Customer Response,High,Enterprise,,29.0,28.5,-0.017241379310344862,False
1832,CUST01972,Confluence,Pending Customer Response,Low,Standard,,17.0,17.5,0.02941176470588225,False
1833,CUST00602,Confluence,Open,Low,Premium,,7.0,5.5,-0.2142857142857143,True
1834,CUST00712,Trello,Open,Medium,Standard,,17.0,17.5,0.02941176470588225,False
1835,CUST03115,Jira,Open,Critical,Enterprise,,46.0,40.5,-0.11956521739130432,False
1836,CUST06238,Loom,Closed,Critical,Standard,4.0,10.5,12.0,0.1428571428571428,False
1837,CUST06837,Trello,Open,Critical,Enterprise,,14.0,21.5,0.5357142857142858,False
1838,CUST07601,Loom,Closed,Medium,Premium,5.0,27.5,28.0,0.018181818181818077,False
1839,CUST04786,Loom,Closed,Low,Premium,4.0,11.0,15.0,0.36363636363636354,False
1840,CUST03303,Trello,Open,High,Standard,,10.5,11.5,0.09523809523809534,False
1841,CUST01282,Bitbucket,Open,Medium,Premium,,9.0,12.0,0.33333333333333326,False
1842,CUST06110,Confluence,Open,Medium,Standard,,24.5,26.5,0.08163265306122458,False
1843,CUST04599,Bitbucket,Open,Critical,Premium,,15.0,16.0,0.06666666666666665,False
1844,CUST07680,Confluence,Open,High,Standard,,11.0,12.5,0.13636363636363646,False
1845,CUST01810,Trello,Open,Critical,Standard,,14.0,16.5,0.1785714285714286,False
1846,CUST07556,Bitbucket,Closed,Low,Premium,4.0,24.5,26.0,0.061224489795918435,False
1847,CUST03401,Jira,Closed,High,Premium,3.0,12.0,13.0,0.08333333333333326,False
1848,CUST00028,Bitbucket,Open,Critical,Free,,7.0,9.5,0.3571428571428572,False
1849,CUST05272,Trello,Open,Medium,Premium,,18.5,12.0,-0.3513513513513513,True
1850,CUST07653,Loom,Open,Low,Standard,,10.5,13.5,0.2857142857142858,False
1851,CUST03795,Loom,Pending Customer Response,Medium,Premium,,11.5,13.5,0.17391304347826098,False
1852,CUST00005,Bitbucket,Open,Medium,Standard,,10.5,7.5,-0.2857142857142857,True
1853,CUST03516,Confluence,Closed,Low,Free,2.0,7.0,5.0,-0.2857142857142857,True
1854,CUST01441,Trello,Closed,High,Enterprise,2.0,18.5,16.0,-0.1351351351351351,False
1855,CUST04150,Jira,Pending Customer Response,Medium,Premium,,11.5,18.0,0.5652173913043479,False
1856,CUST03349,Loom,Pending Customer Response,High,Standard,,13.0,9.5,-0.2692307692307693,True
1857,CUST00739,Jira,Pending Customer Response,Critical,Free,,10.5,9.0,-0.1428571428571429,False
1858,CUST04232,Bitbucket,Closed,Critical,Enterprise,2.0,18.5,18.0,-0.027027027027026973,False
1859,CUST06663,Bitbucket,Pending Customer Response,High,Standard,,4.0,5.0,0.25,False
1860,CUST05908,Jira,Pending Customer Response,Critical,Standard,,38.0,39.0,0.026315789473684292,False
1861,CUST07261,Trello,Open,Medium,Free,,7.0,5.5,-0.2142857142857143,True
1862,CUST05756,Loom,Closed,Medium,Standard,5.0,13.5,10.0,-0.2592592592592593,True
1863,CUST03479,Confluence,Open,Medium,Standard,,25.5,27.0,0.05882352941176472,False
1864,CUST03682,Trello,Open,Low,Premium,,18.0,22.0,0.22222222222222232,False
1865,CUST02601,Bitbucket,Closed,Medium,Standard,3.0,23.5,18.0,-0.23404255319148937,True
1866,CUST01350,Trello,Closed,Critical,Enterprise,4.0,30.5,29.5,-0.032786885245901676,False
1867,CUST02533,Confluence,Closed,Low,Standard,2.0,16.5,17.5,0.06060606060606055,False
1868,CUST07341,Confluence,Pending Customer Response,High,Enterprise,,39.5,42.0,0.06329113924050622,False
1869,CUST06728,Bitbucket,Open,Medium,Standard,,8.0,13.0,0.625,False
1870,CUST05563,Confluence,Open,Critical,Premium,,17.0,14.5,-0.1470588235294118,False
1871,CUST06709,Bitbucket,Pending Customer Response,Medium,Enterprise,,18.5,19.5,0.054054054054053946,False
1872,CUST03466,Trello,Pending Customer Response,Low,Free,,17.5,15.0,-0.1428571428571429,False
1873,CUST02685,Loom,Pending Customer Response,Low,Premium,,13.5,11.5,-0.14814814814814814,False
1874,CUST06923,Jira,Open,Medium,Enterprise,,25.0,30.5,0.21999999999999997,False
1875,CUST02266,Confluence,Pending Customer Response,Critical,Free,,5.0,3.5,-0.30000000000000004,True
1876,CUST05359,Loom,Closed,Low,Enterprise,4.0,25.5,25.0,-0.019607843137254943,False
1877,CUST04787,Loom,Pending Customer Response,High,Free,,6.5,7.0,0.07692307692307687,False
1878,CUST05777,Confluence,Pending Customer Response,Medium,Standard,,19.0,18.0,-0.052631578947368474,False
1879,CUST03510,Trello,Open,Medium,Enterprise,,17.5,13.0,-0.2571428571428571,True
1880,CUST04230,Confluence,Pending Customer Response,High,Enterprise,,29.5,24.5,-0.1694915254237288,False
1881,CUST03615,Jira,Open,Low,Free,,6.5,9.5,0.46153846153846145,False
1882,CUST00095,Confluence,Pending Customer Response,Low,Free,,13.0,12.0,-0.07692307692307687,False
1883,CUST03086,Confluence,Closed,High,Premium,2.0,20.5,22.5,0.09756097560975618,False
1884,CUST01576,Loom,Open,Critical,Premium,,10.0,6.0,-0.4,True
1885,CUST01347,Jira,Closed,High,Standard,1.0,9.0,10.5,0.16666666666666674,False
1886,CUST07421,Loom,Pending Customer Response,Medium,Free,,14.0,10.0,-0.2857142857142857,True
1887,CUST01270,Confluence,Closed,High,Premium,1.0,18.0,14.0,-0.2222222222222222,True
1888,CUST01101,Bitbucket,Closed,High,Premium,2.0,22.5,17.0,-0.24444444444444446,True
1889,CUST05801,Confluence,Pending Customer Response,Medium,Premium,,12.0,10.5,-0.125,False
1890,CUST06843,Trello,Pending Customer Response,Critical,Standard,,16.5,15.0,-0.09090909090909094,False
1891,CUST05444,Trello,Pending Customer Response,Low,Enterprise,,28.0,26.0,-0.0714285714285714,False
1892,CUST08121,Confluence,Open,High,Free,,6.5,8.0,0.23076923076923084,False
1893,CUST07001,Bitbucket,Open,Medium,Standard,,13.0,11.0,-0.15384615384615385,False
1894,CUST03386,Bitbucket,Pending Customer Response,Low,Standard,,25.5,27.0,0.05882352941176472,False
1895,CUST07274,Trello,Open,Low,Free,,17.5,15.0,-0.1428571428571429,False
1896,CUST04206,Confluence,Closed,Medium,Free,3.0,14.0,9.5,-0.3214285714285714,True
1897,CUST03586,Trello,Closed,Medium,Free,3.0,17.0,19.0,0.11764705882352944,False
1898,CUST06893,Trello,Closed,Medium,Enterprise,3.0,22.0,21.0,-0.045454545454545414,False
1899,CUST03893,Loom,Pending Customer Response,Critical,Standard,,12.5,10.5,-0.16000000000000003,False
1900,CUST05438,Jira,Pending Customer Response,High,Standard,,30.5,35.0,0.14754098360655732,False
1901,CUST00383,Loom,Pending Customer Response,Low,Free,,11.0,15.5,0.40909090909090917,False
1902,CUST00529,Loom,Closed,Low,Enterprise,3.0,11.0,15.5,0.40909090909090917,False
1903,CUST07339,Confluence,Closed,Medium,Premium,3.0,10.5,4.5,-0.5714285714285714,True
1904,CUST05692,Jira,Pending Customer Response,Low,Enterprise,,13.0,9.0,-0.3076923076923077,True
1905,CUST03728,Bitbucket,Pending Customer Response,Low,Standard,,13.5,10.0,-0.2592592592592593,True
1906,CUST06117,Jira,Closed,Critical,Standard,4.0,15.5,12.5,-0.19354838709677424,False
1907,CUST05190,Confluence,Pending Customer Response,High,Premium,,13.5,14.5,0.07407407407407418,False
1908,CUST04429,Confluence,Pending Customer Response,Low,Premium,,19.0,16.5,-0.13157894736842102,False
1909,CUST02344,Bitbucket,Open,Critical,Free,,11.5,9.0,-0.21739130434782605,True
1910,CUST06603,Confluence,Pending Customer Response,Low,Standard,,12.5,13.5,0.08000000000000007,False
1911,CUST03496,Trello,Open,Medium,Standard,,12.0,11.0,-0.08333333333333337,False
1912,CUST04751,Jira,Pending Customer Response,Low,Premium,,46.0,41.0,-0.10869565217391308,False
1913,CUST06720,Jira,Pending Customer Response,High,Premium,,15.0,10.5,-0.30000000000000004,True
1914,CUST06387,Confluence,Pending Customer Response,Low,Premium,,25.5,29.0,0.13725490196078427,False
1915,CUST01825,Loom,Pending Customer Response,High,Enterprise,,10.5,13.5,0.2857142857142858,False
1916,CUST03460,Jira,Pending Customer Response,Low,Premium,,38.0,34.5,-0.09210526315789469,False
1917,CUST00750,Jira,Closed,Medium,Standard,5.0,19.5,20.0,0.02564102564102555,False
1918,CUST07471,Jira,Closed,High,Standard,3.0,11.5,8.5,-0.26086956521739135,True
1919,CUST07090,Trello,Closed,Critical,Free,5.0,8.5,11.0,0.2941176470588236,False
1920,CUST00176,Loom,Closed,High,Enterprise,2.0,17.0,17.0,0.0,False
1921,CUST06972,Jira,Open,Critical,Free,,18.5,17.5,-0.05405405405405406,False
1922,CUST03681,Trello,Closed,Critical,Standard,1.0,20.0,23.5,0.17500000000000004,False
1923,CUST04697,Loom,Open,Low,Free,,11.0,11.5,0.045454545454545414,False
1924,CUST06799,Loom,Open,Critical,Premium,,18.0,12.5,-0.3055555555555556,True
1925,CUST02349,Loom,Open,High,Premium,,12.5,11.0,-0.12,False
1926,CUST01663,Trello,Closed,High,Standard,1.0,20.0,21.0,0.050000000000000044,False
1927,CUST06595,Bitbucket,Pending Customer Response,Low,Standard,,23.5,22.5,-0.04255319148936165,False
1928,CUST04622,Confluence,Closed,Medium,Premium,5.0,6.5,9.0,0.3846153846153846,False
1929,CUST02326,Trello,Open,Critical,Standard,,12.0,12.0,0.0,False
1930,CUST04920,Bitbucket,Pending Customer Response,Low,Standard,,7.0,4.5,-0.3571428571428571,True
1931,CUST00961,Loom,Pending Customer Response,Critical,Premium,,11.5,14.0,0.21739130434782616,False
1932,CUST03322,Loom,Pending Customer Response,Medium,Enterprise,,25.5,21.0,-0.17647058823529416,False
1933,CUST04638,Trello,Closed,High,Standard,5.0,9.5,13.0,0.368421052631579,False
1934,CUST02043,Bitbucket,Pending Customer Response,Medium,Standard,,8.5,8.0,-0.05882352941176472,False
1935,CUST00017,Trello,Open,Critical,Premium,,16.5,12.5,-0.24242424242424243,True
1936,CUST01230,Confluence,Closed,High,Premium,2.0,28.0,24.0,-0.1428571428571429,False
1937,CUST08029,Jira,Pending Customer Response,High,Premium,,6.0,7.0,0.16666666666666674,False
1938,CUST02909,Trello,Open,High,Standard,,12.5,11.0,-0.12,False
1939,CUST04690,Bitbucket,Closed,Critical,Enterprise,5.0,25.0,26.0,0.040000000000000036,False
1940,CUST01947,Trello,Pending Customer Response,High,Free,,16.5,13.0,-0.21212121212121215,True
1941,CUST03474,Trello,Closed,High,Standard,5.0,16.0,16.0,0.0,False
1942,CUST04076,Bitbucket,Open,Low,Standard,,18.5,29.0,0.5675675675675675,False
1943,CUST02339,Confluence,Pending Customer Response,Critical,Enterprise,,5.0,7.5,0.5,False
1944,CUST04815,Bitbucket,Pending Customer Response,Critical,Premium,,16.0,14.5,-0.09375,False
1945,CUST04831,Trello,Closed,High,Free,2.0,11.5,11.0,-0.04347826086956519,False
1946,CUST06464,Trello,Open,Low,Standard,,22.0,25.0,0.13636363636363646,False
1947,CUST02482,Jira,Open,Medium,Standard,,19.5,18.5,-0.05128205128205132,False
1948,CUST06857,Bitbucket,Open,Medium,Premium,,16.0,15.5,-0.03125,False
1949,CUST02812,Bitbucket,Open,High,Standard,,27.0,22.0,-0.18518518518518523,False
1950,CUST05254,Loom,Closed,High,Free,2.0,10.5,6.0,-0.4285714285714286,True
1951,CUST07200,Confluence,Closed,High,Standard,1.0,15.5,15.5,0.0,False
1952,CUST01058,Bitbucket,Open,Low,Standard,,17.5,15.0,-0.1428571428571429,False
1953,CUST01026,Loom,Pending Customer Response,High,Premium,,12.0,13.5,0.125,False
1954,CUST06745,Bitbucket,Open,Low,Premium,,26.0,23.5,-0.09615384615384615,False
1955,CUST07060,Bitbucket,Closed,Medium,Standard,5.0,17.0,18.0,0.05882352941176472,False
1956,CUST07727,Confluence,Pending Customer Response,High,Standard,,10.0,4.5,-0.55,True
1957,CUST01253,Trello,Closed,Medium,Standard,1.0,6.5,9.0,0.3846153846153846,False
1958,CUST01668,Loom,Closed,Medium,Enterprise,3.0,29.5,29.0,-0.016949152542372836,False
1959,CUST02215,Confluence,Open,Critical,Enterprise,,42.5,39.5,-0.07058823529411762,False
1960,CUST05799,Trello,Open,High,Premium,,32.0,27.0,-0.15625,False
1961,CUST05496,Confluence,Pending Customer Response,Medium,Standard,,29.5,28.5,-0.03389830508474578,False
1962,CUST07189,Confluence,Closed,Medium,Enterprise,1.0,18.0,19.5,0.08333333333333326,False
1963,CUST00646,Confluence,Open,Low,Standard,,38.0,43.5,0.14473684210526305,False
1964,CUST06427,Jira,Pending Customer Response,Medium,Enterprise,,22.5,23.0,0.022222222222222143,False
1965,CUST00722,Trello,Pending Customer Response,Medium,Standard,,12.5,14.0,0.1200000000000001,False
1966,CUST00916,Jira,Closed,Medium,Standard,4.0,21.5,21.5,0.0,False
1967,CUST08047,Bitbucket,Open,High,Premium,,44.5,38.5,-0.1348314606741573,False
1968,CUST05584,Bitbucket,Closed,Critical,Free,2.0,11.5,10.0,-0.13043478260869568,False
1969,CUST02212,Jira,Pending Customer Response,High,Standard,,19.0,17.5,-0.07894736842105265,False
1970,CUST06743,Trello,Pending Customer Response,High,Premium,,62.5,62.5,0.0,False
1971,CUST04998,Jira,Pending Customer Response,Critical,Standard,,13.0,21.5,0.6538461538461537,False
1972,CUST07292,Loom,Pending Customer Response,High,Enterprise,,14.5,15.5,0.06896551724137923,False
1973,CUST04758,Bitbucket,Pending Customer Response,High,Standard,,10.5,13.0,0.23809523809523814,False
1974,CUST01632,Bitbucket,Open,High,Free,,7.5,11.5,0.5333333333333334,False
1975,CUST06346,Trello,Pending Customer Response,High,Standard,,10.5,11.5,0.09523809523809534,False
1976,CUST01821,Confluence,Open,High,Premium,,18.0,20.0,0.11111111111111116,False
1977,CUST01089,Confluence,Open,Medium,Free,,5.5,9.0,0.6363636363636365,False
1978,CUST06530,Confluence,Closed,High,Premium,3.0,22.0,25.5,0.15909090909090917,False
1979,CUST05379,Trello,Closed,Low,Enterprise,4.0,17.5,15.5,-0.11428571428571432,False
1980,CUST00432,Bitbucket,Open,Low,Standard,,13.0,12.0,-0.07692307692307687,False
1981,CUST05769,Bitbucket,Closed,Low,Free,1.0,14.0,13.5,-0.0357142857142857,False
1982,CUST01568,Bitbucket,Open,High,Premium,,31.0,28.0,-0.09677419354838712,False
1983,CUST02761,Jira,Open,Medium,Enterprise,,39.0,41.5,0.0641025641025641,False
1984,CUST01962,Loom,Open,Low,Standard,,3.5,3.5,0.0,False
1985,CUST03644,Confluence,Closed,High,Standard,3.0,14.5,15.5,0.06896551724137923,False
1986,CUST07346,Jira,Open,Low,Enterprise,,43.0,39.5,-0.08139534883720934,False
1987,CUST03827,Confluence,Pending Customer Response,Critical,Enterprise,,10.5,13.0,0.23809523809523814,False
1988,CUST01311,Bitbucket,Pending Customer Response,Medium,Premium,,13.5,18.0,0.33333333333333326,False
1989,CUST00537,Confluence,Open,Low,Premium,,16.0,6.5,-0.59375,True
1990,CUST07887,Trello,Pending Customer Response,High,Enterprise,,18.0,19.5,0.08333333333333326,False
1991,CUST01769,Trello,Pending Customer Response,High,Standard,,13.0,14.0,0.07692307692307687,False
1992,CUST00257,Loom,Closed,Low,Free,2.0,7.0,7.0,0.0,False
1993,CUST03735,Confluence,Pending Customer Response,Critical,Free,,3.5,6.5,0.8571428571428572,False
1994,CUST07188,Jira,Closed,Medium,Standard,1.0,15.5,17.0,0.09677419354838701,False
1995,CUST08153,Loom,Closed,Medium,Standard,4.0,13.5,14.5,0.07407407407407418,False
1996,CUST05544,Jira,Open,Medium,Premium,,25.0,28.0,0.1200000000000001,False
1997,CUST04685,Loom,Pending Customer Response,Critical,Standard,,11.5,6.5,-0.4347826086956522,True
1998,CUST07256,Confluence,Closed,Medium,Premium,2.0,10.0,8.5,-0.15000000000000002,False
1999,CUST00843,Jira,Pending Customer Response,High,Enterprise,,17.0,18.0,0.05882352941176472,False
2000,CUST06744,Confluence,Pending Customer Response,Medium,Standard,,13.5,15.5,0.14814814814814814,False
2001,CUST01493,Confluence,Open,Low,Standard,,31.5,30.0,-0.04761904761904767,False
2002,CUST01027,Trello,Pending Customer Response,Medium,Premium,,14.0,10.5,-0.25,True
2003,CUST02828,Loom,Pending Customer Response,High,Enterprise,,17.0,13.0,-0.23529411764705888,True
2004,CUST01497,Bitbucket,Closed,Critical,Free,1.0,5.5,5.0,-0.09090909090909094,False
2005,CUST01213,Confluence,Pending Customer Response,High,Premium,,24.5,30.0,0.22448979591836737,False
2006,CUST00381,Trello,Pending Customer Response,Low,Standard,,14.5,14.5,0.0,False
2007,CUST05685,Jira,Open,High,Enterprise,,53.5,64.5,0.20560747663551404,False
2008,CUST04899,Trello,Closed,Critical,Free,3.0,11.5,8.5,-0.26086956521739135,True
2009,CUST00659,Confluence,Open,Medium,Free,,7.0,6.0,-0.1428571428571429,False
2010,CUST05522,Trello,Open,Critical,Standard,,11.0,13.0,0.18181818181818188,False
2011,CUST07390,Loom,Open,High,Premium,,9.0,12.5,0.38888888888888884,False
2012,CUST00295,Confluence,Closed,Critical,Premium,1.0,30.0,25.5,-0.15000000000000002,False
2013,CUST03126,Loom,Open,Medium,Standard,,13.5,9.5,-0.2962962962962963,True
2014,CUST02948,Confluence,Open,Medium,Free,,11.0,8.5,-0.2272727272727273,True
2015,CUST06322,Trello,Open,Critical,Enterprise,,23.5,24.5,0.042553191489361764,False
2016,CUST07007,Loom,Pending Customer Response,Low,Premium,,11.0,12.0,0.09090909090909083,False
2017,CUST05663,Jira,Pending Customer Response,Critical,Premium,,12.0,14.5,0.20833333333333326,False
2018,CUST03378,Bitbucket,Pending Customer Response,High,Standard,,13.5,13.5,0.0,False
2019,CUST06009,Loom,Open,Medium,Free,,10.5,8.5,-0.19047619047619047,False
2020,CUST00120,Loom,Open,Low,Premium,,11.5,12.5,0.08695652173913038,False
2021,CUST05645,Loom,Pending Customer Response,Critical,Standard,,13.0,12.5,-0.038461538461538436,False
2022,CUST05790,Trello,Pending Customer Response,High,Premium,,28.0,26.5,-0.0535714285714286,False
2023,CUST04768,Loom,Closed,High,Standard,4.0,12.5,15.0,0.19999999999999996,False
2024,CUST00945,Bitbucket,Open,Critical,Standard,,19.0,18.5,-0.02631578947368418,False
2025,CUST03416,Loom,Open,Low,Standard,,7.5,10.0,0.33333333333333326,False
2026,CUST01080,Confluence,Pending Customer Response,High,Standard,,13.0,14.5,0.11538461538461542,False
2027,CUST04538,Bitbucket,Pending Customer Response,Low,Free,,10.5,8.0,-0.23809523809523814,True
2028,CUST05693,Jira,Pending Customer Response,Critical,Free,,4.0,7.5,0.875,False
2029,CUST06648,Confluence,Pending Customer Response,High,Standard,,24.5,22.0,-0.10204081632653061,False
2030,CUST08005,Jira,Open,Medium,Standard,,21.0,23.0,0.09523809523809534,False
2031,CUST06281,Confluence,Closed,Critical,Standard,4.0,10.5,5.5,-0.47619047619047616,True
2032,CUST06390,Confluence,Pending Customer Response,Medium,Enterprise,,16.0,14.0,-0.125,False
2033,CUST02583,Loom,Open,High,Standard,,6.5,4.5,-0.3076923076923077,True
2034,CUST02258,Trello,Pending Customer Response,Medium,Premium,,16.0,19.0,0.1875,False
2035,CUST04356,Bitbucket,Open,Low,Standard,,21.5,20.0,-0.06976744186046513,False
2036,CUST01688,Trello,Closed,Medium,Premium,3.0,12.5,14.0,0.1200000000000001,False
2037,CUST03293,Trello,Closed,Critical,Free,4.0,6.0,6.5,0.08333333333333326,False
2038,CUST02585,Jira,Open,Critical,Standard,,24.5,21.0,-0.1428571428571429,False
2039,CUST03046,Bitbucket,Open,Medium,Enterprise,,14.0,16.0,0.1428571428571428,False
2040,CUST02956,Jira,Pending Customer Response,High,Free,,29.0,27.5,-0.051724137931034475,False
2041,CUST03244,Jira,Open,Medium,Premium,,46.5,41.0,-0.11827956989247312,False
2042,CUST02521,Jira,Pending Customer Response,Medium,Free,,7.0,5.5,-0.2142857142857143,True
2043,CUST07985,Confluence,Pending Customer Response,Medium,Free,,12.5,12.5,0.0,False
2044,CUST01758,Trello,Pending Customer Response,Medium,Premium,,10.5,11.0,0.04761904761904767,False
2045,CUST04226,Trello,Pending Customer Response,High,Free,,13.5,14.5,0.07407407407407418,False
2046,CUST03306,Bitbucket,Open,High,Standard,,6.5,6.0,-0.07692307692307687,False
2047,CUST07786,Loom,Pending Customer Response,Critical,Standard,,3.5,3.0,-0.1428571428571429,False
2048,CUST07081,Loom,Pending Customer Response,Medium,Free,,5.0,12.0,1.4,False
2049,CUST03866,Jira,Open,Critical,Standard,,24.0,23.5,-0.02083333333333337,False
2050,CUST01524,Confluence,Open,Medium,Enterprise,,29.5,31.0,0.05084745762711873,False
2051,CUST06420,Bitbucket,Pending Customer Response,Medium,Standard,,24.0,27.0,0.125,False
2052,CUST05586,Confluence,Open,Critical,Standard,,14.5,6.0,-0.5862068965517242,True
2053,CUST07402,Bitbucket,Open,Critical,Free,,15.0,15.0,0.0,False
2054,CUST07848,Trello,Pending Customer Response,Critical,Free,,7.5,8.5,0.1333333333333333,False
2055,CUST03931,Loom,Open,High,Standard,,21.5,24.5,0.13953488372093026,False
2056,CUST00508,Bitbucket,Pending Customer Response,Low,Enterprise,,16.5,16.0,-0.030303030303030276,False
2057,CUST02661,Trello,Open,Medium,Standard,,25.5,25.5,0.0,False
2058,CUST03204,Jira,Open,Low,Premium,,16.5,18.5,0.1212121212121211,False
2059,CUST07897,Bitbucket,Open,Critical,Premium,,14.5,14.5,0.0,False
2060,CUST03365,Loom,Open,Low,Free,,7.5,6.5,-0.1333333333333333,False
2061,CUST05709,Jira,Pending Customer Response,Critical,Free,,8.0,5.5,-0.3125,True
2062,CUST04688,Confluence,Closed,High,Premium,5.0,37.5,28.0,-0.2533333333333333,True
2063,CUST06125,Confluence,Open,High,Enterprise,,29.0,26.5,-0.08620689655172409,False
2064,CUST06499,Confluence,Closed,Low,Enterprise,4.0,22.5,20.5,-0.0888888888888889,False
2065,CUST08287,Loom,Open,Medium,Premium,,17.5,16.5,-0.05714285714285716,False
2066,CUST03368,Jira,Closed,High,Free,5.0,17.5,18.0,0.02857142857142847,False
2067,CUST02149,Bitbucket,Pending Customer Response,Medium,Premium,,20.0,23.0,0.1499999999999999,False
2068,CUST05507,Bitbucket,Closed,High,Standard,5.0,15.0,14.0,-0.06666666666666665,False
2069,CUST03975,Bitbucket,Pending Customer Response,Critical,Free,,13.0,14.5,0.11538461538461542,False
2070,CUST03224,Confluence,Open,Critical,Enterprise,,29.0,26.5,-0.08620689655172409,False
2071,CUST03603,Trello,Open,Medium,Premium,,28.0,23.5,-0.1607142857142857,False
2072,CUST00206,Bitbucket,Closed,High,Premium,4.0,26.0,22.5,-0.13461538461538458,False
2073,CUST05029,Jira,Pending Customer Response,Medium,Free,,9.0,7.0,-0.2222222222222222,True
2074,CUST05675,Bitbucket,Open,Critical,Free,,16.0,7.0,-0.5625,True
2075,CUST02054,Loom,Closed,Critical,Standard,3.0,17.5,19.0,0.08571428571428563,False
2076,CUST02380,Confluence,Pending Customer Response,Medium,Free,,6.5,10.0,0.5384615384615385,False
2077,CUST03338,Trello,Pending Customer Response,Medium,Standard,,21.5,19.5,-0.09302325581395354,False
2078,CUST06967,Bitbucket,Closed,Critical,Standard,4.0,16.0,12.5,-0.21875,True
2079,CUST01807,Trello,Open,Medium,Free,,11.5,12.0,0.04347826086956519,False
2080,CUST06903,Jira,Pending Customer Response,Critical,Premium,,52.0,54.0,0.03846153846153855,False
2081,CUST03351,Bitbucket,Open,High,Standard,,9.0,6.0,-0.33333333333333337,True
2082,CUST05761,Trello,Pending Customer Response,Critical,Premium,,14.0,13.0,-0.0714285714285714,False
2083,CUST00347,Trello,Closed,Critical,Enterprise,5.0,18.0,18.5,0.02777777777777768,False
2084,CUST05432,Jira,Pending Customer Response,Critical,Standard,,16.5,14.5,-0.12121212121212122,False
2085,CUST06028,Confluence,Open,Medium,Premium,,45.0,45.0,0.0,False
2086,CUST00618,Bitbucket,Closed,High,Premium,4.0,20.0,20.5,0.02499999999999991,False
2087,CUST04424,Bitbucket,Pending Customer Response,High,Free,,10.5,13.0,0.23809523809523814,False
2088,CUST00041,Bitbucket,Pending Customer Response,Critical,Free,,6.5,5.0,-0.23076923076923073,True
2089,CUST06151,Jira,Pending Customer Response,Medium,Standard,,25.0,21.5,-0.14,False
2090,CUST00084,Confluence,Closed,Low,Standard,4.0,25.5,35.5,0.392156862745098,False
2091,CUST08044,Bitbucket,Pending Customer Response,Medium,Standard,,14.5,14.0,-0.03448275862068961,False
2092,CUST05744,Loom,Closed,Medium,Enterprise,5.0,19.5,20.0,0.02564102564102555,False
2093,CUST00865,Confluence,Pending Customer Response,Low,Free,,9.5,7.0,-0.26315789473684215,True
2094,CUST08299,Confluence,Open,Low,Standard,,11.0,18.0,0.6363636363636365,False
2095,CUST08277,Loom,Closed,High,Premium,3.0,14.5,16.5,0.13793103448275867,False
2096,CUST06884,Trello,Pending Customer Response,High,Standard,,9.5,12.5,0.3157894736842106,False
2097,CUST06034,Bitbucket,Closed,Critical,Premium,3.0,20.0,15.0,-0.25,True
2098,CUST02236,Jira,Closed,Medium,Premium,3.0,18.0,21.5,0.19444444444444442,False
2099,CUST05343,Jira,Pending Customer Response,Medium,Standard,,47.0,42.0,-0.1063829787234043,False
2100,CUST07295,Confluence,Pending Customer Response,Critical,Standard,,9.5,8.5,-0.10526315789473684,False
2101,CUST05665,Bitbucket,Closed,Medium,Premium,5.0,18.0,20.5,0.13888888888888884,False
2102,CUST00684,Confluence,Closed,Critical,Standard,4.0,22.5,29.0,0.288888888888889,False
2103,CUST08094,Jira,Open,High,Premium,,12.0,11.0,-0.08333333333333337,False
2104,CUST04058,Confluence,Closed,Medium,Premium,2.0,31.0,26.0,-0.16129032258064513,False
2105,CUST05752,Bitbucket,Closed,Medium,Free,1.0,10.5,10.0,-0.04761904761904767,False
2106,CUST07519,Jira,Open,High,Standard,,27.0,28.0,0.03703703703703698,False
2107,CUST01337,Trello,Closed,Medium,Standard,1.0,18.5,19.0,0.027027027027026973,False
2108,CUST05309,Jira,Pending Customer Response,High,Standard,,12.0,11.0,-0.08333333333333337,False
2109,CUST07668,Trello,Open,High,Enterprise,,23.5,17.5,-0.25531914893617025,True
2110,CUST05795,Jira,Closed,Low,Standard,4.0,8.5,10.5,0.23529411764705888,False
2111,CUST04663,Jira,Open,Medium,Standard,,19.5,18.5,-0.05128205128205132,False
2112,CUST01561,Bitbucket,Pending Customer Response,Critical,Standard,,33.5,42.0,0.25373134328358216,False
2113,CUST00030,Bitbucket,Pending Customer Response,Medium,Premium,,22.0,21.5,-0.022727272727272707,False
2114,CUST06894,Jira,Open,High,Free,,10.0,9.0,-0.09999999999999998,False
2115,CUST06042,Jira,Pending Customer Response,Low,Premium,,12.0,13.0,0.08333333333333326,False
2116,CUST03629,Trello,Closed,Low,Standard,3.0,13.0,15.5,0.1923076923076923,False
2117,CUST06303,Confluence,Open,Critical,Enterprise,,16.0,19.5,0.21875,False
2118,CUST02032,Trello,Open,High,Enterprise,,21.5,25.0,0.16279069767441867,False
2119,CUST02152,Confluence,Pending Customer Response,Low,Enterprise,,49.5,43.0,-0.13131313131313127,False
2120,CUST03826,Jira,Pending Customer Response,Critical,Standard,,15.5,21.5,0.3870967741935485,False
2121,CUST06164,Jira,Open,High,Enterprise,,8.0,10.0,0.25,False
2122,CUST07436,Jira,Pending Customer Response,Critical,Standard,,24.5,20.0,-0.18367346938775508,False
2123,CUST08067,Bitbucket,Pending Customer Response,Medium,Premium,,19.5,15.5,-0.20512820512820518,True
2124,CUST03332,Loom,Open,Medium,Enterprise,,27.5,27.0,-0.018181818181818188,False
2125,CUST00609,Confluence,Closed,High,Free,3.0,9.0,7.0,-0.2222222222222222,True
2126,CUST00006,Bitbucket,Open,High,Standard,,28.0,29.0,0.03571428571428581,False
2127,CUST05944,Loom,Pending Customer Response,Low,Standard,,14.5,12.0,-0.1724137931034483,False
2128,CUST02315,Confluence,Closed,Low,Standard,2.0,21.0,20.5,-0.023809523809523836,False
2129,CUST03548,Confluence,Closed,Medium,Enterprise,3.0,13.0,14.5,0.11538461538461542,False
2130,CUST01260,Trello,Closed,Critical,Standard,5.0,15.0,15.0,0.0,False
2131,CUST01192,Bitbucket,Pending Customer Response,Low,Enterprise,,22.5,22.5,0.0,False
2132,CUST05607,Bitbucket,Closed,Critical,Premium,1.0,37.5,35.0,-0.06666666666666665,False
2133,CUST02701,Bitbucket,Open,Medium,Enterprise,,17.0,17.0,0.0,False
2134,CUST04124,Trello,Pending Customer Response,Critical,Standard,,14.5,11.0,-0.24137931034482762,True
2135,CUST06716,Jira,Closed,Low,Premium,4.0,9.5,10.0,0.05263157894736836,False
2136,CUST05933,Bitbucket,Open,High,Standard,,28.0,24.5,-0.125,False
2137,CUST04532,Confluence,Open,Critical,Free,,13.5,14.0,0.03703703703703698,False
2138,CUST03737,Loom,Pending Customer Response,Low,Free,,11.5,8.5,-0.26086956521739135,True
2139,CUST06662,Bitbucket,Closed,Critical,Premium,3.0,24.5,23.5,-0.04081632653061229,False
2140,CUST07633,Trello,Closed,Critical,Premium,2.0,20.0,17.5,-0.125,False
2141,CUST05529,Loom,Open,Low,Standard,,8.5,12.5,0.47058823529411775,False
2142,CUST07201,Confluence,Open,High,Free,,11.0,13.5,0.2272727272727273,False
2143,CUST04953,Trello,Closed,Critical,Premium,5.0,13.0,13.5,0.03846153846153855,False
2144,CUST07620,Confluence,Pending Customer Response,High,Standard,,5.5,5.0,-0.09090909090909094,False
2145,CUST08200,Loom,Closed,High,Standard,2.0,10.0,7.0,-0.30000000000000004,True
2146,CUST05635,Confluence,Open,Low,Free,,7.0,9.5,0.3571428571428572,False
2147,CUST03636,Loom,Open,Critical,Standard,,31.5,29.0,-0.07936507936507942,False
2148,CUST05512,Confluence,Open,Critical,Standard,,15.0,11.0,-0.2666666666666667,True
2149,CUST03467,Confluence,Open,High,Standard,,23.0,23.5,0.021739130434782705,False
2150,CUST04375,Bitbucket,Pending Customer Response,Medium,Standard,,8.5,8.5,0.0,False
2151,CUST01608,Confluence,Pending Customer Response,Critical,Premium,,14.0,8.5,-0.3928571428571429,True
2152,CUST05531,Confluence,Pending Customer Response,Low,Standard,,15.0,21.5,0.43333333333333335,False
2153,CUST07716,Bitbucket,Closed,Medium,Premium,3.0,33.0,34.5,0.045454545454545414,False
2154,CUST02729,Jira,Pending Customer Response,High,Premium,,31.5,29.5,-0.06349206349206349,False
2155,CUST07544,Trello,Closed,Medium,Enterprise,5.0,42.5,41.0,-0.03529411764705881,False
2156,CUST04170,Confluence,Closed,High,Standard,5.0,12.0,12.5,0.04166666666666674,False
2157,CUST02776,Loom,Open,Low,Standard,,7.0,7.0,0.0,False
2158,CUST00707,Loom,Pending Customer Response,Critical,Standard,,9.0,11.5,0.2777777777777777,False
2159,CUST01613,Trello,Pending Customer Response,Critical,Premium,,12.5,11.5,-0.07999999999999996,False
2160,CUST02750,Loom,Pending Customer Response,Low,Standard,,5.5,4.0,-0.2727272727272727,True
2161,CUST01728,Jira,Closed,Medium,Enterprise,4.0,54.0,54.5,0.0092592592592593,False
2162,CUST04055,Confluence,Open,High,Standard,,8.0,9.0,0.125,False
2163,CUST00604,Trello,Closed,Low,Standard,5.0,24.0,24.5,0.02083333333333326,False
2164,CUST00401,Confluence,Open,Low,Premium,,18.5,13.5,-0.2702702702702703,True
2165,CUST06592,Jira,Open,Critical,Premium,,31.0,29.5,-0.048387096774193505,False
2166,CUST00441,Jira,Open,Low,Premium,,37.0,34.5,-0.06756756756756754,False
2167,CUST08202,Confluence,Closed,Low,Standard,5.0,7.0,11.0,0.5714285714285714,False
2168,CUST00752,Bitbucket,Pending Customer Response,High,Premium,,16.5,17.0,0.030303030303030276,False
2169,CUST07527,Jira,Open,Critical,Standard,,21.5,15.5,-0.2790697674418605,True
2170,CUST05238,Trello,Open,Medium,Standard,,37.0,32.5,-0.1216216216216216,False
2171,CUST07558,Jira,Pending Customer Response,Medium,Enterprise,,18.0,17.0,-0.05555555555555558,False
2172,CUST06761,Loom,Pending Customer Response,Medium,Standard,,9.5,7.5,-0.21052631578947367,True
2173,CUST07983,Loom,Pending Customer Response,Critical,Premium,,22.5,18.5,-0.1777777777777778,False
2174,CUST04001,Confluence,Closed,Low,Standard,5.0,13.0,15.5,0.1923076923076923,False
2175,CUST06839,Loom,Pending Customer Response,High,Free,,4.0,9.0,1.25,False
2176,CUST08106,Confluence,Pending Customer Response,Low,Standard,,37.0,34.0,-0.08108108108108103,False
2177,CUST01433,Confluence,Open,High,Free,,7.0,4.5,-0.3571428571428571,True
2178,CUST00825,Loom,Closed,High,Premium,2.0,20.0,23.5,0.17500000000000004,False
2179,CUST04501,Trello,Open,Low,Standard,,10.5,7.0,-0.33333333333333337,True
2180,CUST04127,Bitbucket,Closed,High,Enterprise,4.0,35.0,34.0,-0.02857142857142858,False
2181,CUST05058,Bitbucket,Open,High,Premium,,43.5,46.0,0.05747126436781613,False
2182,CUST07576,Confluence,Open,Critical,Free,,7.0,14.0,1.0,False
2183,CUST02310,Bitbucket,Pending Customer Response,High,Enterprise,,13.0,11.5,-0.11538461538461542,False
2184,CUST02187,Bitbucket,Open,High,Standard,,17.0,19.0,0.11764705882352944,False
2185,CUST00481,Bitbucket,Closed,Medium,Enterprise,4.0,12.0,5.5,-0.5416666666666667,True
2186,CUST07591,Confluence,Open,Medium,Premium,,14.5,17.5,0.2068965517241379,False
2187,CUST01186,Trello,Open,High,Standard,,8.5,6.5,-0.23529411764705888,True
2188,CUST04489,Bitbucket,Closed,Low,Enterprise,2.0,6.0,10.0,0.6666666666666667,False
2189,CUST07586,Confluence,Pending Customer Response,Medium,Free,,13.5,11.5,-0.14814814814814814,False
2190,CUST03149,Confluence,Open,High,Standard,,13.5,16.0,0.18518518518518512,False
2191,CUST02768,Jira,Open,High,Premium,,19.0,19.5,0.026315789473684292,False
2192,CUST02706,Confluence,Pending Customer Response,Low,Free,,17.5,17.0,-0.02857142857142858,False
2193,CUST02119,Confluence,Pending Customer Response,Medium,Enterprise,,16.0,17.5,0.09375,False
2194,CUST00046,Jira,Closed,Medium,Premium,5.0,25.0,28.0,0.1200000000000001,False
2195,CUST04407,Loom,Open,Critical,Premium,,8.5,5.0,-0.4117647058823529,True
2196,CUST02682,Jira,Pending Customer Response,Critical,Premium,,28.0,28.5,0.017857142857142794,False
2197,CUST05180,Loom,Pending Customer Response,Medium,Free,,15.0,10.0,-0.33333333333333337,True
2198,CUST01401,Trello,Closed,Low,Premium,4.0,13.5,15.0,0.11111111111111116,False
2199,CUST05286,Trello,Open,Critical,Free,,8.5,10.5,0.23529411764705888,False
2200,CUST05880,Trello,Closed,Medium,Standard,3.0,19.0,20.5,0.07894736842105265,False
2201,CUST06902,Trello,Pending Customer Response,Critical,Premium,,22.0,20.0,-0.09090909090909094,False
2202,CUST01955,Bitbucket,Pending Customer Response,Low,Premium,,20.5,21.0,0.024390243902439046,False
2203,CUST07126,Confluence,Closed,Medium,Standard,4.0,9.0,10.5,0.16666666666666674,False
2204,CUST03943,Bitbucket,Open,Critical,Premium,,21.5,19.5,-0.09302325581395354,False
2205,CUST06888,Loom,Open,Medium,Standard,,14.5,18.5,0.27586206896551735,False
2206,CUST00496,Bitbucket,Pending Customer Response,High,Standard,,15.0,11.0,-0.2666666666666667,True
2207,CUST05337,Jira,Closed,Medium,Standard,4.0,12.0,13.5,0.125,False
2208,CUST06525,Confluence,Closed,Medium,Free,2.0,18.5,17.5,-0.05405405405405406,False
2209,CUST03534,Bitbucket,Pending Customer Response,Low,Premium,,21.0,24.5,0.16666666666666674,False
2210,CUST03694,Confluence,Pending Customer Response,Medium,Enterprise,,20.5,20.5,0.0,False
2211,CUST07537,Trello,Pending Customer Response,Medium,Standard,,13.5,11.0,-0.18518518518518523,False
2212,CUST05485,Bitbucket,Closed,High,Standard,3.0,18.0,19.0,0.05555555555555558,False
2213,CUST02936,Bitbucket,Open,High,Premium,,15.5,18.0,0.16129032258064524,False
2214,CUST08273,Confluence,Open,Medium,Premium,,7.5,7.5,0.0,False
2215,CUST07891,Bitbucket,Open,Critical,Enterprise,,16.0,19.5,0.21875,False
2216,CUST05926,Confluence,Closed,High,Standard,3.0,19.5,17.5,-0.10256410256410253,False
2217,CUST00480,Jira,Closed,Critical,Premium,5.0,33.0,30.0,-0.09090909090909094,False
2218,CUST02202,Bitbucket,Open,Critical,Premium,,42.0,41.5,-0.011904761904761862,False
2219,CUST06708,Bitbucket,Open,High,Standard,,22.5,22.5,0.0,False
2220,CUST00932,Confluence,Pending Customer Response,Medium,Free,,6.0,9.0,0.5,False
2221,CUST05848,Jira,Open,Low,Enterprise,,22.0,13.5,-0.38636363636363635,True
2222,CUST07104,Confluence,Closed,High,Standard,1.0,19.5,17.5,-0.10256410256410253,False
2223,CUST03584,Bitbucket,Closed,High,Standard,3.0,9.5,8.5,-0.10526315789473684,False
2224,CUST06597,Jira,Pending Customer Response,Critical,Standard,,19.0,17.5,-0.07894736842105265,False
2225,CUST02501,Loom,Pending Customer Response,Critical,Premium,,18.0,15.0,-0.16666666666666663,False
2226,CUST04257,Bitbucket,Closed,Critical,Enterprise,5.0,23.5,18.0,-0.23404255319148937,True
2227,CUST01221,Confluence,Closed,Low,Premium,4.0,18.0,17.0,-0.05555555555555558,False
2228,CUST04693,Bitbucket,Pending Customer Response,Critical,Premium,,24.5,20.0,-0.18367346938775508,False
2229,CUST00371,Loom,Closed,High,Standard,3.0,12.0,14.5,0.20833333333333326,False
2230,CUST02295,Confluence,Closed,Medium,Standard,4.0,21.0,17.5,-0.16666666666666663,False
2231,CUST02537,Confluence,Open,High,Premium,,17.0,17.5,0.02941176470588225,False
2232,CUST06329,Bitbucket,Closed,Medium,Premium,5.0,20.5,24.0,0.1707317073170731,False
2233,CUST07228,Confluence,Open,Medium,Standard,,23.0,19.5,-0.15217391304347827,False
2234,CUST03417,Confluence,Open,Low,Free,,9.0,10.5,0.16666666666666674,False
2235,CUST03391,Jira,Open,Critical,Free,,9.0,13.5,0.5,False
2236,CUST04857,Bitbucket,Open,Critical,Enterprise,,26.5,27.5,0.037735849056603765,False
2237,CUST06258,Bitbucket,Closed,Medium,Standard,3.0,15.5,15.0,-0.032258064516129004,False
2238,CUST07193,Trello,Open,High,Premium,,20.0,14.5,-0.275,True
2239,CUST02259,Jira,Open,High,Standard,,15.0,8.0,-0.4666666666666667,True
2240,CUST06489,Bitbucket,Pending Customer Response,Low,Standard,,16.5,17.0,0.030303030303030276,False
2241,CUST00852,Loom,Pending Customer Response,High,Standard,,12.5,13.0,0.040000000000000036,False
2242,CUST01279,Trello,Open,Low,Premium,,23.5,24.5,0.042553191489361764,False
2243,CUST00415,Trello,Open,Critical,Enterprise,,13.5,7.5,-0.4444444444444444,True
2244,CUST00817,Bitbucket,Open,Medium,Standard,,16.5,20.0,0.21212121212121215,False
2245,CUST06288,Trello,Closed,High,Premium,3.0,29.0,34.0,0.17241379310344818,False
2246,CUST07729,Bitbucket,Closed,Medium,Standard,1.0,16.0,16.0,0.0,False
2247,CUST01510,Confluence,Closed,Low,Standard,5.0,23.5,27.0,0.14893617021276606,False
2248,CUST01023,Confluence,Closed,Critical,Standard,2.0,11.0,14.5,0.3181818181818181,False
2249,CUST04623,Jira,Pending Customer Response,Medium,Premium,,26.0,29.5,0.13461538461538458,False
2250,CUST00878,Jira,Closed,Critical,Free,4.0,20.5,17.5,-0.14634146341463417,False
2251,CUST04294,Bitbucket,Open,High,Free,,8.0,12.0,0.5,False
2252,CUST06372,Confluence,Closed,High,Standard,3.0,17.0,25.0,0.47058823529411775,False
2253,CUST05361,Bitbucket,Closed,High,Premium,3.0,19.0,15.0,-0.21052631578947367,True
2254,CUST03576,Loom,Open,High,Standard,,9.0,8.5,-0.05555555555555558,False
2255,CUST03057,Confluence,Closed,High,Premium,3.0,8.5,13.0,0.5294117647058822,False
2256,CUST02300,Trello,Pending Customer Response,Critical,Premium,,23.0,27.0,0.17391304347826098,False
2257,CUST07034,Loom,Pending Customer Response,High,Enterprise,,16.5,21.0,0.2727272727272727,False
2258,CUST01852,Confluence,Pending Customer Response,High,Premium,,8.0,9.0,0.125,False
2259,CUST02925,Loom,Pending Customer Response,High,Premium,,8.5,10.5,0.23529411764705888,False
2260,CUST00664,Loom,Open,High,Free,,8.0,5.5,-0.3125,True
2261,CUST08240,Trello,Open,Low,Standard,,27.5,25.0,-0.09090909090909094,False
2262,CUST01381,Confluence,Closed,Medium,Premium,3.0,39.0,40.5,0.03846153846153855,False
2263,CUST02856,Loom,Closed,High,Standard,2.0,13.0,9.5,-0.2692307692307693,True
2264,CUST08059,Trello,Open,Low,Premium,,19.0,21.0,0.10526315789473695,False
2265,CUST03053,Trello,Pending Customer Response,Low,Enterprise,,24.5,24.5,0.0,False
2266,CUST02358,Confluence,Pending Customer Response,Medium,Standard,,3.0,3.5,0.16666666666666674,False
2267,CUST05284,Trello,Closed,Critical,Free,1.0,18.0,16.5,-0.08333333333333337,False
2268,CUST00784,Bitbucket,Open,Low,Standard,,17.5,16.5,-0.05714285714285716,False
2269,CUST07429,Confluence,Pending Customer Response,Medium,Premium,,4.5,5.5,0.22222222222222232,False
2270,CUST00269,Loom,Closed,Critical,Free,3.0,4.0,5.0,0.25,False
2271,CUST07992,Trello,Pending Customer Response,Critical,Premium,,34.0,31.0,-0.08823529411764708,False
2272,CUST04719,Jira,Closed,Low,Premium,4.0,16.0,16.5,0.03125,False
2273,CUST05423,Confluence,Pending Customer Response,Low,Free,,14.5,13.5,-0.06896551724137934,False
2274,CUST03508,Trello,Closed,Medium,Free,1.0,6.0,9.5,0.5833333333333333,False
2275,CUST02074,Confluence,Open,Critical,Free,,4.5,4.0,-0.11111111111111116,False
2276,CUST03918,Jira,Open,Low,Standard,,14.0,15.0,0.0714285714285714,False
2277,CUST07067,Jira,Closed,Low,Premium,1.0,23.5,22.5,-0.04255319148936165,False
2278,CUST00505,Bitbucket,Pending Customer Response,Low,Enterprise,,35.0,39.5,0.12857142857142856,False
2279,CUST07860,Confluence,Open,Critical,Free,,5.0,7.0,0.3999999999999999,False
2280,CUST04689,Bitbucket,Pending Customer Response,Critical,Standard,,18.0,17.5,-0.02777777777777779,False
2281,CUST02679,Trello,Closed,Low,Free,2.0,4.0,3.5,-0.125,False
2282,CUST04109,Trello,Pending Customer Response,Low,Premium,,15.5,15.5,0.0,False
2283,CUST03488,Trello,Pending Customer Response,Medium,Free,,14.0,9.0,-0.3571428571428571,True
2284,CUST05699,Loom,Pending Customer Response,Low,Premium,,2.5,5.5,1.2000000000000002,False
2285,CUST06099,Confluence,Open,High,Free,,6.5,3.0,-0.5384615384615384,True
2286,CUST00056,Jira,Closed,Critical,Premium,4.0,21.0,18.0,-0.1428571428571429,False
2287,CUST04481,Confluence,Open,Critical,Enterprise,,31.0,26.5,-0.14516129032258063,False
2288,CUST07465,Bitbucket,Pending Customer Response,Medium,Standard,,9.0,12.0,0.33333333333333326,False
2289,CUST06749,Jira,Pending Customer Response,Low,Enterprise,,26.0,17.5,-0.32692307692307687,True
2290,CUST00389,Jira,Closed,Critical,Standard,2.0,15.5,19.5,0.25806451612903225,False
2291,CUST03623,Loom,Open,Medium,Premium,,32.0,32.0,0.0,False
2292,CUST04922,Bitbucket,Open,Medium,Premium,,17.5,17.5,0.0,False
2293,CUST04484,Jira,Open,Medium,Enterprise,,18.0,19.5,0.08333333333333326,False
2294,CUST02722,Confluence,Pending Customer Response,Medium,Standard,,26.0,25.5,-0.019230769230769273,False
2295,CUST06643,Confluence,Closed,High,Premium,1.0,29.5,29.0,-0.016949152542372836,False
2296,CUST04963,Jira,Open,Medium,Free,,11.0,13.0,0.18181818181818188,False
2297,CUST01853,Confluence,Pending Customer Response,Low,Free,,10.5,8.5,-0.19047619047619047,False
2298,CUST04134,Bitbucket,Pending Customer Response,Low,Premium,,26.5,26.0,-0.018867924528301883,False
2299,CUST01657,Loom,Pending Customer Response,Critical,Standard,,11.0,9.0,-0.18181818181818177,False
2300,CUST07055,Confluence,Pending Customer Response,Medium,Standard,,19.0,22.0,0.1578947368421053,False
2301,CUST06634,Trello,Pending Customer Response,Low,Free,,11.0,11.0,0.0,False
2302,CUST02286,Jira,Open,Critical,Premium,,19.5,21.5,0.10256410256410264,False
2303,CUST04892,Bitbucket,Open,Low,Standard,,33.0,32.0,-0.030303030303030276,False
2304,CUST03935,Confluence,Pending Customer Response,Critical,Premium,,14.5,17.5,0.2068965517241379,False
2305,CUST01789,Loom,Open,Medium,Free,,10.5,14.5,0.38095238095238093,False
2306,CUST05980,Loom,Pending Customer Response,Medium,Premium,,13.5,11.5,-0.14814814814814814,False
2307,CUST05207,Jira,Closed,Critical,Free,3.0,8.5,7.5,-0.11764705882352944,False
2308,CUST08248,Jira,Open,Medium,Premium,,15.0,15.5,0.03333333333333344,False
2309,CUST06739,Loom,Open,High,Standard,,27.0,28.0,0.03703703703703698,False
2310,CUST05538,Jira,Pending Customer Response,High,Premium,,8.0,8.5,0.0625,False
2311,CUST06492,Loom,Pending Customer Response,Critical,Standard,,28.0,24.0,-0.1428571428571429,False
2312,CUST03052,Trello,Closed,High,Premium,1.0,16.0,15.0,-0.0625,False
2313,CUST08246,Trello,Pending Customer Response,Medium,Standard,,8.5,6.0,-0.2941176470588235,True
2314,CUST02698,Jira,Closed,High,Standard,3.0,17.0,8.5,-0.5,True
2315,CUST02862,Bitbucket,Closed,High,Enterprise,1.0,23.0,18.0,-0.21739130434782605,True
2316,CUST01256,Loom,Pending Customer Response,Critical,Standard,,9.0,11.0,0.22222222222222232,False
2317,CUST02695,Confluence,Pending Customer Response,Critical,Premium,,12.5,7.5,-0.4,True
2318,CUST02875,Jira,Open,Low,Enterprise,,21.0,20.5,-0.023809523809523836,False
2319,CUST01971,Jira,Open,Medium,Standard,,15.0,15.5,0.03333333333333344,False
2320,CUST03721,Bitbucket,Open,Medium,Standard,,18.5,13.0,-0.29729729729729726,True
2321,CUST03431,Bitbucket,Closed,Medium,Standard,3.0,16.0,16.5,0.03125,False
2322,CUST03202,Jira,Closed,Medium,Premium,1.0,17.5,9.0,-0.48571428571428577,True
2323,CUST05532,Bitbucket,Closed,High,Free,3.0,3.5,9.0,1.5714285714285716,False
2324,CUST02210,Loom,Closed,Low,Standard,5.0,13.5,12.0,-0.11111111111111116,False
2325,CUST06224,Trello,Closed,Low,Premium,2.0,13.0,12.5,-0.038461538461538436,False
2326,CUST04417,Trello,Pending Customer Response,Medium,Premium,,23.0,22.5,-0.021739130434782594,False
2327,CUST03358,Loom,Closed,Low,Standard,3.0,18.5,19.5,0.054054054054053946,False
2328,CUST05381,Loom,Open,Medium,Premium,,15.5,15.5,0.0,False
2329,CUST07593,Jira,Closed,Critical,Premium,4.0,26.5,24.5,-0.07547169811320753,False
2330,CUST06252,Loom,Pending Customer Response,Critical,Enterprise,,15.0,13.5,-0.09999999999999998,False
2331,CUST00210,Trello,Pending Customer Response,Low,Premium,,10.5,12.0,0.1428571428571428,False
2332,CUST06712,Trello,Open,Critical,Standard,,21.0,17.5,-0.16666666666666663,False
2333,CUST04154,Bitbucket,Open,Critical,Free,,9.5,10.0,0.05263157894736836,False
2334,CUST00440,Confluence,Pending Customer Response,Critical,Free,,6.0,7.0,0.16666666666666674,False
2335,CUST07227,Trello,Open,Low,Free,,8.0,9.5,0.1875,False
2336,CUST01636,Jira,Pending Customer Response,Medium,Premium,,38.0,35.5,-0.06578947368421051,False
2337,CUST03733,Bitbucket,Pending Customer Response,Low,Standard,,11.5,15.0,0.30434782608695654,False
2338,CUST01065,Bitbucket,Closed,Critical,Premium,1.0,14.0,5.5,-0.6071428571428572,True
2339,CUST07835,Loom,Closed,Medium,Standard,2.0,13.0,12.0,-0.07692307692307687,False
2340,CUST01770,Bitbucket,Pending Customer Response,Low,Premium,,17.5,15.0,-0.1428571428571429,False
2341,CUST06956,Confluence,Closed,Low,Enterprise,3.0,34.5,34.0,-0.01449275362318836,False
2342,CUST00494,Jira,Closed,Medium,Standard,2.0,19.5,15.5,-0.20512820512820518,True
2343,CUST07135,Bitbucket,Open,Critical,Standard,,22.0,19.5,-0.11363636363636365,False
2344,CUST04932,Bitbucket,Open,Critical,Enterprise,,32.0,26.5,-0.171875,False
2345,CUST03337,Bitbucket,Closed,Critical,Premium,3.0,5.5,4.5,-0.18181818181818177,False
2346,CUST00052,Loom,Closed,Critical,Standard,2.0,13.0,11.5,-0.11538461538461542,False
2347,CUST05093,Bitbucket,Closed,Low,Standard,5.0,4.5,9.0,1.0,False
2348,CUST00767,Loom,Pending Customer Response,High,Standard,,10.5,9.0,-0.1428571428571429,False
2349,CUST05582,Loom,Pending Customer Response,Critical,Standard,,8.5,13.5,0.588235294117647,False
2350,CUST02757,Bitbucket,Open,Low,Premium,,26.5,27.0,0.018867924528301883,False
2351,CUST06908,Bitbucket,Open,Critical,Standard,,17.0,12.5,-0.2647058823529411,True
2352,CUST03125,Jira,Closed,Medium,Free,5.0,5.0,6.5,0.30000000000000004,False
2353,CUST08083,Confluence,Pending Customer Response,Medium,Standard,,11.0,15.5,0.40909090909090917,False
2354,CUST02762,Loom,Open,Medium,Standard,,21.5,20.0,-0.06976744186046513,False
2355,CUST01650,Confluence,Open,Medium,Free,,10.0,3.5,-0.65,True
2356,CUST02415,Bitbucket,Pending Customer Response,Low,Standard,,17.5,20.0,0.1428571428571428,False
2357,CUST01570,Confluence,Pending Customer Response,Low,Premium,,11.0,15.0,0.36363636363636354,False
2358,CUST07766,Confluence,Closed,High,Free,5.0,8.0,9.5,0.1875,False
2359,CUST05305,Confluence,Closed,Low,Standard,1.0,3.5,7.0,1.0,False
2360,CUST03003,Trello,Open,Critical,Standard,,12.5,11.0,-0.12,False
2361,CUST03437,Trello,Closed,Medium,Standard,1.0,15.5,17.0,0.09677419354838701,False
2362,CUST01062,Jira,Closed,Medium,Standard,3.0,18.0,18.5,0.02777777777777768,False
2363,CUST07187,Confluence,Closed,Critical,Standard,1.0,14.0,12.5,-0.1071428571428571,False
2364,CUST06172,Confluence,Open,Medium,Premium,,22.0,17.5,-0.20454545454545459,True
2365,CUST04704,Jira,Closed,High,Premium,4.0,15.5,15.0,-0.032258064516129004,False
2366,CUST05209,Trello,Pending Customer Response,Low,Premium,,22.0,17.5,-0.20454545454545459,True
2367,CUST07082,Trello,Open,Critical,Premium,,24.5,21.5,-0.12244897959183676,False
2368,CUST06254,Trello,Closed,Critical,Premium,4.0,10.5,13.0,0.23809523809523814,False
2369,CUST05688,Jira,Pending Customer Response,Low,Free,,8.5,7.5,-0.11764705882352944,False
2370,CUST03038,Bitbucket,Pending Customer Response,Low,Standard,,19.5,18.5,-0.05128205128205132,False
2371,CUST06528,Loom,Open,Critical,Free,,12.5,11.0,-0.12,False
2372,CUST02424,Confluence,Closed,Low,Premium,2.0,11.0,10.5,-0.045454545454545414,False
2373,CUST03415,Trello,Closed,Medium,Standard,1.0,22.0,19.5,-0.11363636363636365,False
2374,CUST06284,Loom,Pending Customer Response,High,Free,,13.5,11.5,-0.14814814814814814,False
2375,CUST08226,Loom,Pending Customer Response,High,Standard,,17.0,18.5,0.08823529411764697,False
2376,CUST01512,Jira,Open,Medium,Enterprise,,14.0,12.0,-0.1428571428571429,False
2377,CUST08312,Bitbucket,Open,High,Enterprise,,59.0,56.0,-0.05084745762711862,False
2378,CUST04901,Confluence,Closed,Low,Free,2.0,9.5,8.0,-0.1578947368421053,False
2379,CUST06861,Confluence,Closed,Medium,Free,2.0,9.5,8.0,-0.1578947368421053,False
2380,CUST04593,Confluence,Open,High,Premium,,23.5,24.0,0.02127659574468077,False
2381,CUST01835,Trello,Pending Customer Response,Low,Free,,8.5,5.5,-0.3529411764705882,True
2382,CUST08228,Confluence,Pending Customer Response,High,Standard,,10.5,6.0,-0.4285714285714286,True
2383,CUST04044,Loom,Open,Medium,Standard,,18.5,16.5,-0.10810810810810811,False
2384,CUST05960,Jira,Pending Customer Response,Medium,Standard,,23.5,19.0,-0.19148936170212771,False
2385,CUST03697,Jira,Open,Medium,Free,,13.0,15.5,0.1923076923076923,False
2386,CUST06118,Trello,Pending Customer Response,High,Premium,,12.5,10.5,-0.16000000000000003,False
2387,CUST01319,Trello,Open,Critical,Premium,,10.5,9.0,-0.1428571428571429,False
2388,CUST06144,Bitbucket,Closed,Medium,Free,1.0,15.0,19.0,0.2666666666666666,False
2389,CUST07746,Trello,Open,Low,Standard,,16.0,13.0,-0.1875,False
2390,CUST03745,Loom,Open,Low,Premium,,7.0,11.0,0.5714285714285714,False
2391,CUST01339,Confluence,Closed,Critical,Standard,1.0,11.5,10.0,-0.13043478260869568,False
2392,CUST02495,Confluence,Open,High,Standard,,20.0,21.5,0.07499999999999996,False
2393,CUST00523,Bitbucket,Closed,Medium,Premium,4.0,23.5,24.5,0.042553191489361764,False
2394,CUST07987,Trello,Pending Customer Response,High,Standard,,21.0,22.5,0.0714285714285714,False
2395,CUST05628,Trello,Closed,High,Free,1.0,7.5,5.0,-0.33333333333333337,True
2396,CUST03887,Trello,Pending Customer Response,High,Standard,,16.0,13.0,-0.1875,False
2397,CUST04664,Bitbucket,Open,Critical,Enterprise,,16.0,17.0,0.0625,False
2398,CUST01145,Bitbucket,Closed,High,Standard,1.0,28.0,29.0,0.03571428571428581,False
2399,CUST00675,Jira,Open,Critical,Premium,,25.0,22.5,-0.09999999999999998,False
2400,CUST03605,Confluence,Pending Customer Response,High,Premium,,24.0,23.0,-0.04166666666666663,False
2401,CUST04397,Bitbucket,Open,Critical,Premium,,24.5,24.5,0.0,False
2402,CUST03734,Trello,Closed,Medium,Premium,2.0,28.0,27.0,-0.0357142857142857,False
2403,CUST02574,Jira,Closed,Low,Free,2.0,12.0,9.0,-0.25,True
2404,CUST04362,Trello,Closed,Low,Standard,2.0,28.5,28.0,-0.01754385964912286,False
2405,CUST02234,Bitbucket,Pending Customer Response,Low,Enterprise,,22.5,16.5,-0.2666666666666667,True
2406,CUST00981,Confluence,Open,Medium,Free,,3.5,1.0,-0.7142857142857143,True
2407,CUST01034,Loom,Pending Customer Response,Medium,Premium,,12.5,15.0,0.19999999999999996,False
2408,CUST03696,Jira,Open,Medium,Enterprise,,22.5,20.5,-0.0888888888888889,False
2409,CUST04347,Loom,Open,Critical,Enterprise,,17.0,17.0,0.0,False
2410,CUST01259,Bitbucket,Closed,Low,Standard,5.0,23.0,23.0,0.0,False
2411,CUST03556,Loom,Closed,Critical,Enterprise,5.0,15.5,14.5,-0.06451612903225812,False
2412,CUST03718,Jira,Closed,Medium,Premium,2.0,20.0,21.5,0.07499999999999996,False
2413,CUST02512,Confluence,Closed,High,Standard,5.0,16.5,20.5,0.24242424242424243,False
2414,CUST04313,Jira,Closed,Critical,Premium,4.0,19.5,20.0,0.02564102564102555,False
2415,CUST06633,Confluence,Pending Customer Response,Medium,Free,,5.5,5.5,0.0,False
2416,CUST04770,Jira,Closed,Low,Enterprise,3.0,13.5,12.0,-0.11111111111111116,False
2417,CUST04167,Bitbucket,Closed,Medium,Standard,3.0,22.5,21.5,-0.0444444444444444,False
2418,CUST03941,Jira,Open,High,Enterprise,,6.0,11.0,0.8333333333333333,False
2419,CUST03372,Loom,Open,Critical,Standard,,20.5,14.0,-0.31707317073170727,True
2420,CUST02429,Trello,Pending Customer Response,Low,Standard,,28.0,26.5,-0.0535714285714286,False
2421,CUST03783,Bitbucket,Closed,Low,Standard,1.0,13.0,7.5,-0.42307692307692313,True
2422,CUST00080,Bitbucket,Closed,Critical,Standard,3.0,15.0,12.0,-0.19999999999999996,False
2423,CUST06804,Bitbucket,Open,Medium,Standard,,12.5,19.0,0.52,False
2424,CUST06026,Confluence,Pending Customer Response,Low,Premium,,16.5,17.0,0.030303030303030276,False
2425,CUST06571,Jira,Pending Customer Response,High,Premium,,12.5,6.5,-0.48,True
2426,CUST02648,Trello,Closed,Critical,Enterprise,3.0,18.5,16.5,-0.10810810810810811,False
2427,CUST00867,Bitbucket,Open,Low,Standard,,9.0,9.5,0.05555555555555558,False
2428,CUST03613,Bitbucket,Pending Customer Response,Critical,Enterprise,,14.5,13.5,-0.06896551724137934,False
2429,CUST01425,Jira,Open,Low,Premium,,12.5,10.0,-0.19999999999999996,False
2430,CUST07522,Jira,Open,Medium,Standard,,14.0,14.0,0.0,False
2431,CUST04455,Confluence,Closed,High,Standard,3.0,13.5,8.0,-0.40740740740740744,True
2432,CUST01329,Trello,Open,Low,Standard,,17.5,13.0,-0.2571428571428571,True
2433,CUST07976,Jira,Open,Medium,Free,,20.0,20.5,0.02499999999999991,False
2434,CUST02261,Loom,Pending Customer Response,High,Premium,,19.0,12.0,-0.368421052631579,True
2435,CUST01415,Confluence,Pending Customer Response,Medium,Free,,11.0,7.5,-0.31818181818181823,True
2436,CUST05754,Bitbucket,Open,Medium,Premium,,16.0,13.0,-0.1875,False
2437,CUST04007,Jira,Pending Customer Response,Low,Free,,9.0,12.0,0.33333333333333326,False
2438,CUST00196,Bitbucket,Open,Critical,Standard,,25.0,17.5,-0.30000000000000004,True
2439,CUST02301,Jira,Closed,High,Standard,5.0,32.0,28.5,-0.109375,False
2440,CUST07712,Confluence,Pending Customer Response,Critical,Standard,,15.0,12.5,-0.16666666666666663,False
2441,CUST03186,Trello,Closed,Low,Standard,3.0,22.5,17.5,-0.2222222222222222,True
2442,CUST05520,Jira,Closed,High,Standard,3.0,23.0,17.5,-0.23913043478260865,True
2443,CUST03133,Bitbucket,Pending Customer Response,Medium,Premium,,24.0,26.5,0.10416666666666674,False
2444,CUST05953,Trello,Pending Customer Response,Critical,Enterprise,,17.0,19.5,0.1470588235294117,False
2445,CUST04131,Jira,Pending Customer Response,Medium,Standard,,19.0,24.0,0.26315789473684204,False
2446,CUST02613,Jira,Pending Customer Response,Low,Standard,,11.0,11.0,0.0,False
2447,CUST01981,Bitbucket,Open,Medium,Premium,,23.5,29.5,0.25531914893617014,False
2448,CUST00925,Trello,Pending Customer Response,Low,Premium,,20.5,20.5,0.0,False
2449,CUST05482,Loom,Open,Low,Standard,,14.5,13.5,-0.06896551724137934,False
2450,CUST01198,Trello,Closed,Low,Premium,3.0,28.0,26.0,-0.0714285714285714,False
2451,CUST03820,Jira,Open,Critical,Premium,,17.5,23.0,0.3142857142857143,False
2452,CUST06774,Confluence,Closed,Low,Premium,3.0,46.0,46.5,0.010869565217391353,False
2453,CUST00522,Bitbucket,Pending Customer Response,Medium,Standard,,22.0,20.5,-0.06818181818181823,False
2454,CUST02733,Jira,Closed,High,Free,2.0,5.5,5.5,0.0,False
2455,CUST01009,Bitbucket,Open,Low,Premium,,37.0,33.5,-0.09459459459459463,False
2456,CUST03766,Trello,Closed,Low,Premium,4.0,13.0,14.0,0.07692307692307687,False
2457,CUST03172,Loom,Open,Critical,Standard,,9.5,12.0,0.26315789473684204,False
2458,CUST00367,Trello,Open,Low,Standard,,8.0,8.0,0.0,False
2459,CUST02724,Loom,Pending Customer Response,Low,Standard,,9.5,9.0,-0.052631578947368474,False
2460,CUST02669,Bitbucket,Pending Customer Response,Critical,Free,,11.5,13.5,0.17391304347826098,False
2461,CUST01344,Confluence,Closed,Low,Enterprise,1.0,7.5,12.5,0.6666666666666667,False
2462,CUST04077,Confluence,Pending Customer Response,Medium,Enterprise,,34.0,32.5,-0.044117647058823484,False
2463,CUST03981,Loom,Pending Customer Response,Medium,Standard,,5.0,5.5,0.10000000000000009,False
2464,CUST05120,Loom,Pending Customer Response,Low,Premium,,15.5,16.0,0.032258064516129004,False
2465,CUST01989,Loom,Closed,Critical,Free,5.0,16.0,14.0,-0.125,False
2466,CUST05898,Jira,Closed,Critical,Premium,3.0,19.0,23.5,0.23684210526315796,False
2467,CUST04941,Jira,Closed,Medium,Standard,1.0,13.5,12.0,-0.11111111111111116,False
2468,CUST03469,Loom,Closed,Critical,Standard,3.0,12.5,11.5,-0.07999999999999996,False
2469,CUST04249,Jira,Open,Low,Enterprise,,19.5,21.5,0.10256410256410264,False
2470,CUST00634,Bitbucket,Closed,Critical,Premium,4.0,38.5,38.0,-0.012987012987012991,False
2471,CUST01799,Loom,Closed,Low,Standard,1.0,11.5,16.5,0.4347826086956521,False
2472,CUST07150,Confluence,Closed,Medium,Premium,3.0,20.0,22.0,0.10000000000000009,False
2473,CUST00365,Confluence,Closed,High,Standard,4.0,20.5,17.0,-0.1707317073170732,False
2474,CUST03992,Confluence,Closed,Medium,Premium,4.0,12.0,13.0,0.08333333333333326,False
2475,CUST08034,Bitbucket,Pending Customer Response,High,Free,,19.0,16.0,-0.1578947368421053,False
2476,CUST02145,Loom,Open,Low,Standard,,20.0,19.0,-0.050000000000000044,False
2477,CUST00783,Jira,Closed,High,Standard,2.0,27.0,25.5,-0.05555555555555558,False
2478,CUST01143,Loom,Pending Customer Response,Low,Standard,,11.0,12.5,0.13636363636363646,False
2479,CUST02606,Confluence,Closed,Medium,Standard,3.0,31.5,29.0,-0.07936507936507942,False
2480,CUST01553,Trello,Pending Customer Response,Low,Standard,,10.5,8.0,-0.23809523809523814,True
2481,CUST03983,Bitbucket,Open,Critical,Standard,,6.5,10.5,0.6153846153846154,False
2482,CUST05306,Confluence,Pending Customer Response,Critical,Premium,,12.5,12.5,0.0,False
2483,CUST07140,Jira,Pending Customer Response,Critical,Free,,10.5,8.5,-0.19047619047619047,False
2484,CUST02161,Loom,Pending Customer Response,Medium,Standard,,6.5,5.5,-0.15384615384615385,False
2485,CUST04381,Jira,Pending Customer Response,Medium,Standard,,12.5,8.5,-0.31999999999999995,True
2486,CUST07929,Loom,Closed,High,Premium,2.0,14.5,12.5,-0.13793103448275867,False
2487,CUST03173,Jira,Open,Medium,Free,,7.5,8.0,0.06666666666666665,False
2488,CUST01044,Confluence,Closed,Low,Enterprise,4.0,35.0,42.5,0.2142857142857142,False
2489,CUST03889,Trello,Closed,Critical,Premium,1.0,23.5,24.0,0.02127659574468077,False
2490,CUST06737,Confluence,Pending Customer Response,Critical,Premium,,7.5,9.5,0.2666666666666666,False
2491,CUST03722,Jira,Pending Customer Response,High,Premium,,22.0,28.5,0.2954545454545454,False
2492,CUST03291,Bitbucket,Closed,Medium,Free,1.0,9.5,6.0,-0.368421052631579,True
2493,CUST07395,Loom,Closed,Critical,Standard,2.0,22.5,16.0,-0.28888888888888886,True
2494,CUST07182,Jira,Open,Medium,Enterprise,,15.0,15.0,0.0,False
2495,CUST00805,Bitbucket,Pending Customer Response,Critical,Standard,,18.0,18.5,0.02777777777777768,False
2496,CUST06280,Jira,Pending Customer Response,Low,Free,,14.0,13.5,-0.0357142857142857,False
2497,CUST07856,Bitbucket,Pending Customer Response,Medium,Premium,,14.0,18.5,0.3214285714285714,False
2498,CUST06299,Trello,Pending Customer Response,Low,Enterprise,,38.0,37.0,-0.02631578947368418,False
2499,CUST07308,Confluence,Pending Customer Response,Medium,Free,,15.0,14.0,-0.06666666666666665,False
2500,CUST03823,Jira,Open,High,Premium,,34.0,32.5,-0.044117647058823484,False
2501,CUST07408,Bitbucket,Open,Low,Free,,11.0,14.0,0.2727272727272727,False
2502,CUST04530,Confluence,Pending Customer Response,Low,Standard,,12.0,13.0,0.08333333333333326,False
2503,CUST04614,Confluence,Open,Low,Free,,6.5,6.0,-0.07692307692307687,False
2504,CUST02289,Jira,Pending Customer Response,Low,Standard,,16.5,13.5,-0.18181818181818177,False
2505,CUST00866,Loom,Open,Low,Enterprise,,20.5,19.0,-0.07317073170731703,False
2506,CUST03801,Loom,Pending Customer Response,High,Premium,,16.0,17.5,0.09375,False
2507,CUST03308,Jira,Closed,High,Standard,3.0,19.0,21.5,0.13157894736842102,False
2508,CUST01306,Bitbucket,Open,High,Standard,,12.0,13.5,0.125,False
2509,CUST05366,Trello,Open,Critical,Premium,,32.0,28.0,-0.125,False
2510,CUST00661,Jira,Open,Critical,Free,,19.0,19.5,0.026315789473684292,False
2511,CUST05253,Trello,Open,Medium,Free,,9.5,7.0,-0.26315789473684215,True
2512,CUST03807,Bitbucket,Pending Customer Response,Low,Premium,,24.5,27.5,0.12244897959183665,False
2513,CUST06586,Confluence,Open,Critical,Free,,11.0,11.5,0.045454545454545414,False
2514,CUST04729,Jira,Pending Customer Response,Medium,Standard,,23.5,24.5,0.042553191489361764,False
2515,CUST00690,Confluence,Pending Customer Response,High,Enterprise,,15.5,19.0,0.22580645161290325,False
2516,CUST06833,Confluence,Pending Customer Response,Low,Premium,,23.0,20.5,-0.10869565217391308,False
2517,CUST06975,Bitbucket,Closed,Low,Enterprise,1.0,23.5,22.0,-0.06382978723404253,False
2518,CUST04280,Trello,Closed,Medium,Enterprise,3.0,26.0,23.5,-0.09615384615384615,False
2519,CUST06037,Jira,Open,Medium,Free,,9.5,11.5,0.21052631578947367,False
2520,CUST04466,Confluence,Pending Customer Response,Critical,Standard,,8.5,12.0,0.41176470588235303,False
2521,CUST05065,Jira,Pending Customer Response,Low,Standard,,20.0,21.0,0.050000000000000044,False
2522,CUST05592,Jira,Pending Customer Response,Medium,Free,,9.0,5.0,-0.4444444444444444,True
2523,CUST06561,Bitbucket,Closed,Low,Premium,4.0,21.0,23.5,0.11904761904761907,False
2524,CUST02528,Bitbucket,Pending Customer Response,Medium,Enterprise,,23.0,27.0,0.17391304347826098,False
2525,CUST03089,Bitbucket,Pending Customer Response,High,Premium,,21.5,21.5,0.0,False
2526,CUST03691,Loom,Open,High,Premium,,14.5,12.0,-0.1724137931034483,False
2527,CUST03830,Loom,Pending Customer Response,Medium,Premium,,13.0,11.5,-0.11538461538461542,False
2528,CUST06630,Jira,Pending Customer Response,Low,Standard,,11.5,14.5,0.26086956521739135,False
2529,CUST07398,Jira,Pending Customer Response,Medium,Standard,,29.0,33.0,0.13793103448275867,False
2530,CUST06691,Bitbucket,Closed,Critical,Enterprise,1.0,16.0,17.5,0.09375,False
2531,CUST03220,Bitbucket,Open,Medium,Standard,,9.5,8.0,-0.1578947368421053,False
2532,CUST02328,Confluence,Closed,Critical,Premium,5.0,27.0,24.5,-0.09259259259259256,False
2533,CUST05332,Bitbucket,Open,Low,Standard,,16.5,14.5,-0.12121212121212122,False
2534,CUST02736,Bitbucket,Closed,Low,Premium,1.0,15.5,19.5,0.25806451612903225,False
2535,CUST00685,Bitbucket,Open,Critical,Premium,,19.5,15.5,-0.20512820512820518,True
2536,CUST07622,Confluence,Closed,Critical,Premium,4.0,13.5,13.5,0.0,False
2537,CUST07122,Trello,Open,Medium,Premium,,17.5,18.5,0.05714285714285716,False
2538,CUST02886,Jira,Pending Customer Response,High,Premium,,5.5,4.0,-0.2727272727272727,True
2539,CUST02481,Trello,Open,Medium,Premium,,16.5,14.0,-0.1515151515151515,False
2540,CUST07205,Confluence,Closed,Critical,Free,4.0,6.0,2.5,-0.5833333333333333,True
2541,CUST04964,Jira,Closed,Low,Enterprise,4.0,22.0,21.5,-0.022727272727272707,False
2542,CUST06003,Loom,Pending Customer Response,High,Standard,,10.0,14.0,0.3999999999999999,False
2543,CUST01096,Confluence,Pending Customer Response,Medium,Standard,,18.5,15.5,-0.16216216216216217,False
2544,CUST07012,Confluence,Pending Customer Response,Medium,Premium,,29.5,27.5,-0.06779661016949157,False
2545,CUST03471,Trello,Closed,Critical,Free,2.0,7.5,11.5,0.5333333333333334,False
2546,CUST04174,Confluence,Pending Customer Response,Medium,Standard,,19.5,24.0,0.23076923076923084,False
2547,CUST04440,Jira,Open,Low,Premium,,27.5,25.5,-0.07272727272727275,False
2548,CUST01130,Trello,Closed,High,Premium,3.0,8.5,15.0,0.7647058823529411,False
2549,CUST05634,Confluence,Closed,Low,Free,5.0,2.5,4.0,0.6000000000000001,False
2550,CUST01995,Bitbucket,Open,Critical,Enterprise,,37.5,37.0,-0.013333333333333308,False
2551,CUST00941,Confluence,Pending Customer Response,Low,Enterprise,,38.0,34.0,-0.10526315789473684,False
2552,CUST00423,Loom,Pending Customer Response,Critical,Standard,,8.5,11.0,0.2941176470588236,False
2553,CUST08260,Loom,Open,Low,Standard,,2.5,1.5,-0.4,True
2554,CUST06473,Jira,Pending Customer Response,Critical,Enterprise,,41.5,35.0,-0.15662650602409633,False
2555,CUST02057,Trello,Closed,Critical,Free,5.0,4.5,7.5,0.6666666666666667,False
2556,CUST01274,Jira,Closed,High,Premium,5.0,12.5,16.5,0.32000000000000006,False
2557,CUST03093,Loom,Closed,High,Free,3.0,4.5,2.5,-0.4444444444444444,True
2558,CUST07599,Loom,Pending Customer Response,Critical,Standard,,19.0,22.5,0.18421052631578938,False
2559,CUST04254,Trello,Open,Critical,Standard,,17.5,17.5,0.0,False
2560,CUST00092,Jira,Pending Customer Response,Critical,Free,,11.0,12.5,0.13636363636363646,False
2561,CUST01355,Confluence,Pending Customer Response,Medium,Enterprise,,39.5,44.5,0.12658227848101267,False
2562,CUST04840,Trello,Pending Customer Response,Low,Premium,,20.5,27.0,0.3170731707317074,False
2563,CUST00417,Trello,Pending Customer Response,Low,Standard,,19.5,14.5,-0.2564102564102564,True
2564,CUST05478,Bitbucket,Open,Medium,Enterprise,,26.5,29.0,0.09433962264150941,False
2565,CUST01028,Loom,Open,High,Standard,,17.0,11.0,-0.3529411764705882,True
2566,CUST06631,Confluence,Pending Customer Response,Low,Enterprise,,21.0,25.0,0.19047619047619047,False
2567,CUST05211,Bitbucket,Open,Medium,Free,,23.0,25.5,0.10869565217391308,False
2568,CUST04692,Confluence,Closed,High,Enterprise,1.0,10.0,7.5,-0.25,True
2569,CUST06987,Confluence,Open,High,Premium,,10.5,13.5,0.2857142857142858,False
2570,CUST04525,Confluence,Pending Customer Response,High,Enterprise,,20.5,24.0,0.1707317073170731,False
2571,CUST05421,Trello,Pending Customer Response,High,Premium,,17.5,17.5,0.0,False
2572,CUST06670,Confluence,Pending Customer Response,Medium,Standard,,29.5,27.5,-0.06779661016949157,False
2573,CUST01842,Jira,Open,Critical,Standard,,11.5,9.0,-0.21739130434782605,True
2574,CUST02702,Loom,Closed,Critical,Enterprise,1.0,12.5,13.5,0.08000000000000007,False
2575,CUST01628,Confluence,Open,Medium,Standard,,12.0,14.0,0.16666666666666674,False
2576,CUST06871,Jira,Closed,High,Enterprise,4.0,14.0,14.0,0.0,False
2577,CUST05941,Jira,Open,Low,Premium,,16.5,20.5,0.24242424242424243,False
2578,CUST01362,Bitbucket,Pending Customer Response,Low,Premium,,11.0,20.5,0.8636363636363635,False
2579,CUST03936,Loom,Pending Customer Response,High,Enterprise,,19.5,17.5,-0.10256410256410253,False
2580,CUST05169,Loom,Closed,Medium,Free,3.0,6.0,4.0,-0.33333333333333337,True
2581,CUST02751,Confluence,Pending Customer Response,Critical,Standard,,21.5,25.0,0.16279069767441867,False
2582,CUST06072,Bitbucket,Open,Low,Standard,,24.5,24.5,0.0,False
2583,CUST08037,Bitbucket,Open,High,Standard,,14.0,17.5,0.25,False
2584,CUST06754,Bitbucket,Pending Customer Response,High,Enterprise,,10.5,9.5,-0.09523809523809523,False
2585,CUST07709,Confluence,Open,Low,Standard,,13.0,12.5,-0.038461538461538436,False
2586,CUST07819,Confluence,Open,Medium,Free,,10.0,12.0,0.19999999999999996,False
2587,CUST05440,Confluence,Closed,Medium,Premium,5.0,14.0,14.5,0.03571428571428581,False
2588,CUST08018,Trello,Closed,Low,Standard,5.0,12.0,14.5,0.20833333333333326,False
2589,CUST04571,Bitbucket,Closed,Low,Standard,2.0,17.0,18.5,0.08823529411764697,False
2590,CUST07596,Loom,Closed,Medium,Premium,4.0,24.5,22.5,-0.08163265306122447,False
2591,CUST06853,Bitbucket,Closed,Low,Standard,3.0,8.5,7.5,-0.11764705882352944,False
2592,CUST01229,Confluence,Pending Customer Response,Low,Premium,,16.5,13.5,-0.18181818181818177,False
2593,CUST00738,Confluence,Pending Customer Response,Low,Standard,,11.5,13.0,0.13043478260869557,False
2594,CUST03624,Loom,Pending Customer Response,Low,Enterprise,,19.0,12.0,-0.368421052631579,True
2595,CUST01108,Loom,Open,Low,Standard,,13.0,12.0,-0.07692307692307687,False
2596,CUST01436,Loom,Pending Customer Response,High,Premium,,13.5,15.0,0.11111111111111116,False
2597,CUST03045,Jira,Closed,Low,Free,1.0,8.0,4.5,-0.4375,True
2598,CUST02566,Confluence,Pending Customer Response,Critical,Standard,,18.0,21.0,0.16666666666666674,False
2599,CUST01195,Trello,Open,Medium,Free,,14.0,12.0,-0.1428571428571429,False
2600,CUST03926,Bitbucket,Pending Customer Response,Medium,Enterprise,,20.0,20.5,0.02499999999999991,False
2601,CUST07623,Confluence,Open,Medium,Free,,10.5,7.0,-0.33333333333333337,True
2602,CUST02330,Bitbucket,Pending Customer Response,Medium,Free,,22.5,21.5,-0.0444444444444444,False
2603,CUST06121,Jira,Pending Customer Response,Medium,Free,,4.0,5.0,0.25,False
2604,CUST00413,Loom,Open,Low,Standard,,27.0,26.0,-0.03703703703703709,False
2605,CUST05107,Trello,Pending Customer Response,Critical,Enterprise,,7.5,7.5,0.0,False
2606,CUST01072,Bitbucket,Pending Customer Response,Low,Free,,14.5,16.0,0.10344827586206895,False
2607,CUST06792,Jira,Pending Customer Response,Critical,Free,,2.0,7.5,2.75,False
2608,CUST04400,Trello,Closed,Low,Standard,3.0,27.0,31.5,0.16666666666666674,False
2609,CUST03555,Bitbucket,Pending Customer Response,Low,Enterprise,,17.5,15.5,-0.11428571428571432,False
2610,CUST04213,Trello,Closed,Low,Standard,4.0,16.0,21.0,0.3125,False
2611,CUST02696,Jira,Open,Medium,Enterprise,,22.5,23.0,0.022222222222222143,False
2612,CUST00986,Bitbucket,Closed,High,Enterprise,1.0,16.5,13.0,-0.21212121212121215,True
2613,CUST08194,Loom,Closed,Critical,Standard,2.0,18.0,19.5,0.08333333333333326,False
2614,CUST00132,Bitbucket,Open,Critical,Standard,,18.5,16.5,-0.10810810810810811,False
2615,CUST05059,Loom,Pending Customer Response,High,Premium,,10.5,8.0,-0.23809523809523814,True
2616,CUST02713,Bitbucket,Open,Low,Premium,,13.0,14.5,0.11538461538461542,False
2617,CUST05858,Confluence,Open,High,Standard,,9.0,9.0,0.0,False
2618,CUST02121,Bitbucket,Pending Customer Response,Critical,Free,,4.5,7.5,0.6666666666666667,False
2619,CUST03362,Jira,Closed,Critical,Standard,3.0,25.0,24.5,-0.020000000000000018,False
2620,CUST03793,Confluence,Pending Customer Response,Critical,Premium,,19.0,17.0,-0.10526315789473684,False
2621,CUST02391,Bitbucket,Open,High,Standard,,10.5,7.5,-0.2857142857142857,True
2622,CUST06442,Confluence,Closed,Low,Free,5.0,8.0,9.5,0.1875,False
2623,CUST03835,Confluence,Open,Medium,Standard,,16.0,9.5,-0.40625,True
2624,CUST00403,Confluence,Pending Customer Response,Low,Standard,,20.5,21.0,0.024390243902439046,False
2625,CUST01112,Bitbucket,Pending Customer Response,Critical,Free,,8.5,7.0,-0.17647058823529416,False
2626,CUST00069,Bitbucket,Open,Medium,Standard,,15.5,15.0,-0.032258064516129004,False
2627,CUST01343,Jira,Pending Customer Response,High,Premium,,14.0,20.5,0.4642857142857142,False
2628,CUST03262,Jira,Pending Customer Response,Low,Premium,,28.5,28.5,0.0,False
2629,CUST00351,Jira,Closed,High,Free,2.0,14.5,9.0,-0.3793103448275862,True
2630,CUST07373,Trello,Closed,Critical,Enterprise,5.0,21.0,20.5,-0.023809523809523836,False
2631,CUST01445,Trello,Closed,High,Standard,3.0,19.0,21.0,0.10526315789473695,False
2632,CUST06407,Confluence,Pending Customer Response,High,Premium,,17.0,17.5,0.02941176470588225,False
2633,CUST01271,Jira,Open,High,Standard,,17.0,12.0,-0.2941176470588235,True
2634,CUST06101,Jira,Open,High,Premium,,12.5,13.5,0.08000000000000007,False
2635,CUST07577,Confluence,Open,Medium,Standard,,24.0,18.5,-0.22916666666666663,True
2636,CUST00468,Loom,Open,Medium,Premium,,22.5,18.0,-0.19999999999999996,False
2637,CUST03875,Confluence,Closed,Medium,Standard,3.0,16.0,16.0,0.0,False
2638,CUST02836,Confluence,Closed,Low,Standard,2.0,8.0,13.5,0.6875,False
2639,CUST05128,Bitbucket,Closed,Critical,Free,1.0,9.5,5.5,-0.42105263157894735,True
2640,CUST04457,Loom,Open,Low,Free,,7.5,6.5,-0.1333333333333333,False
2641,CUST03849,Jira,Open,High,Standard,,12.0,13.5,0.125,False
2642,CUST07027,Jira,Open,High,Standard,,33.5,31.0,-0.07462686567164178,False
2643,CUST00396,Confluence,Pending Customer Response,Low,Standard,,10.5,17.0,0.6190476190476191,False
2644,CUST00980,Loom,Closed,High,Premium,3.0,8.0,7.0,-0.125,False
2645,CUST03269,Jira,Closed,Medium,Premium,1.0,17.5,21.5,0.22857142857142865,False
2646,CUST00129,Confluence,Closed,Low,Premium,3.0,43.0,46.5,0.08139534883720922,False
2647,CUST00455,Trello,Open,Medium,Standard,,15.5,18.0,0.16129032258064524,False
2648,CUST03210,Confluence,Pending Customer Response,Medium,Standard,,21.5,18.0,-0.16279069767441856,False
2649,CUST02771,Bitbucket,Closed,Low,Premium,4.0,29.0,26.5,-0.08620689655172409,False
2650,CUST03049,Loom,Closed,High,Enterprise,3.0,40.5,41.5,0.024691358024691468,False
2651,CUST00244,Trello,Closed,Critical,Enterprise,1.0,17.5,15.5,-0.11428571428571432,False
2652,CUST03006,Bitbucket,Closed,Critical,Premium,3.0,15.5,20.5,0.32258064516129026,False
2653,CUST06801,Confluence,Open,Medium,Premium,,19.0,20.5,0.07894736842105265,False
2654,CUST00808,Bitbucket,Pending Customer Response,High,Standard,,9.5,12.0,0.26315789473684204,False
2655,CUST02436,Jira,Open,Low,Premium,,30.0,26.0,-0.1333333333333333,False
2656,CUST05086,Jira,Pending Customer Response,Low,Free,,15.5,12.0,-0.22580645161290325,True
2657,CUST02987,Bitbucket,Closed,Medium,Standard,5.0,8.5,14.0,0.6470588235294117,False
2658,CUST01858,Jira,Pending Customer Response,Low,Enterprise,,33.5,34.5,0.029850746268656803,False
2659,CUST02826,Jira,Open,Medium,Premium,,17.0,21.5,0.2647058823529411,False
2660,CUST03091,Bitbucket,Pending Customer Response,Low,Standard,,9.0,7.5,-0.16666666666666663,False
2661,CUST01888,Jira,Closed,High,Standard,4.0,17.5,15.5,-0.11428571428571432,False
2662,CUST00759,Jira,Closed,Low,Enterprise,3.0,31.5,32.5,0.031746031746031855,False
2663,CUST03153,Confluence,Pending Customer Response,Low,Standard,,21.5,20.0,-0.06976744186046513,False
2664,CUST00835,Jira,Open,Medium,Enterprise,,19.0,24.5,0.2894736842105263,False
2665,CUST07909,Jira,Pending Customer Response,High,Free,,11.5,12.0,0.04347826086956519,False
2666,CUST02320,Loom,Pending Customer Response,Medium,Free,,1.0,4.0,3.0,False
2667,CUST05355,Loom,Open,Low,Enterprise,,14.0,15.0,0.0714285714285714,False
2668,CUST06039,Confluence,Open,High,Premium,,22.0,28.0,0.2727272727272727,False
2669,CUST04317,Confluence,Open,High,Enterprise,,35.0,29.5,-0.15714285714285714,False
2670,CUST01126,Loom,Pending Customer Response,Critical,Enterprise,,25.0,24.0,-0.040000000000000036,False
2671,CUST04609,Bitbucket,Closed,Medium,Premium,2.0,23.5,22.5,-0.04255319148936165,False
2672,CUST08206,Trello,Pending Customer Response,Medium,Standard,,26.0,28.5,0.09615384615384626,False
2673,CUST00971,Trello,Pending Customer Response,Low,Standard,,24.0,27.0,0.125,False
2674,CUST05124,Jira,Closed,Medium,Free,1.0,42.0,41.0,-0.023809523809523836,False
2675,CUST03346,Bitbucket,Pending Customer Response,Critical,Premium,,31.5,36.5,0.15873015873015883,False
2676,CUST06851,Confluence,Open,Medium,Free,,10.5,6.5,-0.38095238095238093,True
2677,CUST01869,Trello,Open,High,Standard,,6.0,7.0,0.16666666666666674,False
2678,CUST03626,Jira,Open,Low,Standard,,10.5,12.5,0.19047619047619047,False
2679,CUST00175,Trello,Closed,Critical,Standard,3.0,13.5,17.5,0.2962962962962963,False
2680,CUST00613,Trello,Closed,Low,Premium,3.0,9.5,8.0,-0.1578947368421053,False
2681,CUST02779,Jira,Open,Low,Enterprise,,13.0,15.5,0.1923076923076923,False
2682,CUST02644,Confluence,Pending Customer Response,Critical,Premium,,13.5,15.5,0.14814814814814814,False
2683,CUST00216,Loom,Closed,Medium,Free,2.0,10.5,5.0,-0.5238095238095238,True
2684,CUST08053,Trello,Closed,Critical,Free,4.0,8.5,13.0,0.5294117647058822,False
2685,CUST05846,Jira,Open,High,Premium,,12.5,13.5,0.08000000000000007,False
2686,CUST02445,Trello,Open,High,Standard,,12.5,13.5,0.08000000000000007,False
2687,CUST03573,Loom,Closed,High,Free,2.0,9.0,7.5,-0.16666666666666663,False
2688,CUST02378,Bitbucket,Pending Customer Response,High,Premium,,16.5,18.0,0.09090909090909083,False
2689,CUST05727,Loom,Open,Low,Free,,5.0,4.0,-0.19999999999999996,False
2690,CUST03906,Confluence,Open,Low,Enterprise,,15.5,16.0,0.032258064516129004,False
2691,CUST03205,Confluence,Open,Low,Standard,,27.0,25.0,-0.07407407407407407,False
2692,CUST01241,Bitbucket,Open,High,Enterprise,,22.0,22.5,0.022727272727272707,False
2693,CUST03387,Confluence,Pending Customer Response,High,Premium,,23.0,28.0,0.21739130434782616,False
2694,CUST03714,Jira,Pending Customer Response,Medium,Enterprise,,23.5,20.0,-0.14893617021276595,False
2695,CUST06391,Trello,Pending Customer Response,High,Enterprise,,34.0,36.5,0.07352941176470584,False
2696,CUST05983,Loom,Closed,Medium,Standard,2.0,18.0,13.0,-0.2777777777777778,True
2697,CUST01291,Confluence,Open,Medium,Premium,,28.0,29.0,0.03571428571428581,False
2698,CUST01131,Loom,Pending Customer Response,Critical,Standard,,12.5,12.0,-0.040000000000000036,False
2699,CUST02740,Jira,Closed,Low,Enterprise,2.0,22.0,18.5,-0.15909090909090906,False
2700,CUST05569,Confluence,Open,Low,Premium,,35.0,29.5,-0.15714285714285714,False
2701,CUST06687,Bitbucket,Closed,Critical,Free,1.0,8.0,10.5,0.3125,False
2702,CUST05843,Jira,Closed,Critical,Enterprise,3.0,17.5,16.0,-0.08571428571428574,False
2703,CUST08150,Trello,Closed,Critical,Standard,5.0,23.5,15.5,-0.34042553191489366,True
2704,CUST04385,Jira,Pending Customer Response,High,Free,,10.5,13.0,0.23809523809523814,False
2705,CUST07820,Trello,Closed,Low,Premium,4.0,19.5,19.0,-0.02564102564102566,False
2706,CUST07617,Jira,Open,Critical,Free,,10.0,7.5,-0.25,True
2707,CUST02800,Jira,Pending Customer Response,Medium,Premium,,31.0,36.5,0.17741935483870974,False
2708,CUST06780,Trello,Open,Critical,Premium,,19.0,16.5,-0.13157894736842102,False
2709,CUST02292,Loom,Open,Low,Free,,9.5,8.0,-0.1578947368421053,False
2710,CUST05236,Bitbucket,Pending Customer Response,Critical,Premium,,16.5,15.0,-0.09090909090909094,False
2711,CUST00834,Trello,Pending Customer Response,High,Enterprise,,10.5,12.0,0.1428571428571428,False
2712,CUST06137,Bitbucket,Closed,Medium,Premium,3.0,16.5,12.0,-0.2727272727272727,True
2713,CUST07416,Bitbucket,Open,Low,Premium,,21.0,20.5,-0.023809523809523836,False
2714,CUST04806,Jira,Open,Medium,Premium,,26.5,30.0,0.13207547169811318,False
2715,CUST04711,Jira,Pending Customer Response,Medium,Premium,,26.0,24.5,-0.05769230769230771,False
2716,CUST06719,Jira,Closed,Low,Free,3.0,17.0,14.5,-0.1470588235294118,False
2717,CUST04085,Loom,Pending Customer Response,High,Premium,,14.5,18.5,0.27586206896551735,False
2718,CUST01517,Confluence,Closed,Critical,Free,5.0,4.5,7.0,0.5555555555555556,False
2719,CUST05872,Loom,Open,Medium,Enterprise,,36.0,37.0,0.02777777777777768,False
2720,CUST01328,Confluence,Open,Low,Free,,4.5,5.5,0.22222222222222232,False
2721,CUST07178,Confluence,Pending Customer Response,Low,Standard,,18.0,18.5,0.02777777777777768,False
2722,CUST04072,Trello,Open,Medium,Standard,,13.0,11.5,-0.11538461538461542,False
2723,CUST02910,Confluence,Pending Customer Response,Low,Standard,,7.0,17.0,1.4285714285714284,False
2724,CUST00900,Confluence,Open,Medium,Free,,6.5,5.0,-0.23076923076923073,True
2725,CUST01547,Jira,Open,High,Free,,14.5,16.0,0.10344827586206895,False
2726,CUST01030,Confluence,Pending Customer Response,Medium,Standard,,12.0,10.0,-0.16666666666666663,False
2727,CUST01244,Jira,Closed,Medium,Standard,4.0,24.5,23.0,-0.061224489795918324,False
2728,CUST07320,Bitbucket,Open,Low,Standard,,12.5,14.5,0.15999999999999992,False
2729,CUST06461,Jira,Closed,High,Standard,3.0,17.0,17.5,0.02941176470588225,False
2730,CUST07854,Jira,Closed,Low,Free,3.0,12.5,16.5,0.32000000000000006,False
2731,CUST02131,Trello,Pending Customer Response,Critical,Standard,,15.0,20.5,0.3666666666666667,False
2732,CUST01161,Jira,Pending Customer Response,Medium,Standard,,27.5,28.5,0.036363636363636376,False
2733,CUST02997,Loom,Open,Critical,Free,,12.5,11.0,-0.12,False
2734,CUST00325,Confluence,Closed,High,Standard,1.0,12.0,12.5,0.04166666666666674,False
2735,CUST07843,Loom,Pending Customer Response,High,Premium,,10.5,12.0,0.1428571428571428,False
2736,CUST02368,Jira,Pending Customer Response,Low,Free,,7.0,4.0,-0.4285714285714286,True
2737,CUST04274,Loom,Closed,Low,Enterprise,2.0,16.0,14.0,-0.125,False
2738,CUST04798,Bitbucket,Open,Critical,Standard,,15.5,17.0,0.09677419354838701,False
2739,CUST03803,Loom,Closed,Low,Free,5.0,13.5,11.5,-0.14814814814814814,False
2740,CUST01421,Jira,Closed,Medium,Premium,2.0,19.0,16.0,-0.1578947368421053,False
2741,CUST07246,Jira,Open,High,Standard,,17.5,15.0,-0.1428571428571429,False
2742,CUST04552,Bitbucket,Closed,Critical,Standard,1.0,5.0,7.5,0.5,False
2743,CUST07609,Trello,Pending Customer Response,Critical,Standard,,17.0,19.0,0.11764705882352944,False
2744,CUST05856,Jira,Pending Customer Response,Low,Standard,,14.0,22.5,0.6071428571428572,False
2745,CUST01814,Trello,Pending Customer Response,Medium,Standard,,8.0,8.0,0.0,False
2746,CUST01669,Loom,Pending Customer Response,Critical,Standard,,19.0,16.0,-0.1578947368421053,False
2747,CUST00126,Trello,Pending Customer Response,Medium,Free,,8.5,17.0,1.0,False
2748,CUST05673,Bitbucket,Open,Low,Standard,,12.5,11.5,-0.07999999999999996,False
2749,CUST08236,Trello,Pending Customer Response,High,Premium,,16.0,18.0,0.125,False
2750,CUST00718,Bitbucket,Pending Customer Response,Low,Enterprise,,18.5,14.5,-0.21621621621621623,True
2751,CUST07836,Trello,Pending Customer Response,Critical,Standard,,44.0,45.5,0.03409090909090917,False
2752,CUST03999,Jira,Closed,Low,Free,4.0,15.0,13.0,-0.1333333333333333,False
2753,CUST05708,Confluence,Closed,Medium,Standard,1.0,8.0,11.5,0.4375,False
2754,CUST06859,Trello,Closed,Low,Standard,1.0,12.0,14.0,0.16666666666666674,False
2755,CUST02388,Bitbucket,Closed,Critical,Premium,1.0,35.5,30.5,-0.14084507042253525,False
2756,CUST01349,Loom,Closed,High,Free,5.0,1.5,2.0,0.33333333333333326,False
2757,CUST06150,Jira,Pending Customer Response,Critical,Standard,,16.5,16.5,0.0,False
2758,CUST06063,Loom,Pending Customer Response,Critical,Free,,2.0,5.5,1.75,False
2759,CUST02474,Bitbucket,Pending Customer Response,Medium,Premium,,41.0,41.0,0.0,False
2760,CUST06135,Jira,Closed,Medium,Standard,1.0,25.5,23.0,-0.0980392156862745,False
2761,CUST05417,Trello,Pending Customer Response,High,Premium,,14.0,12.5,-0.1071428571428571,False
2762,CUST02116,Bitbucket,Pending Customer Response,Critical,Standard,,14.5,15.0,0.034482758620689724,False
2763,CUST01049,Jira,Closed,High,Enterprise,3.0,18.0,18.0,0.0,False
2764,CUST00166,Confluence,Pending Customer Response,Critical,Premium,,11.0,13.0,0.18181818181818188,False
2765,CUST05996,Confluence,Pending Customer Response,Low,Standard,,23.5,16.5,-0.2978723404255319,True
2766,CUST07785,Bitbucket,Pending Customer Response,Low,Enterprise,,13.5,15.0,0.11111111111111116,False
2767,CUST04207,Loom,Closed,High,Free,5.0,12.0,10.5,-0.125,False
2768,CUST06605,Bitbucket,Pending Customer Response,Medium,Premium,,21.5,26.0,0.20930232558139528,False
2769,CUST07739,Trello,Open,Medium,Standard,,25.5,26.0,0.019607843137254832,False
2770,CUST00520,Loom,Open,Critical,Premium,,14.0,16.0,0.1428571428571428,False
2771,CUST04764,Trello,Closed,Critical,Premium,3.0,20.0,21.0,0.050000000000000044,False
2772,CUST05358,Bitbucket,Open,Medium,Premium,,41.5,44.5,0.07228915662650603,False
2773,CUST04173,Loom,Closed,Critical,Standard,5.0,7.5,12.5,0.6666666666666667,False
2774,CUST04395,Loom,Closed,Low,Premium,3.0,17.5,16.5,-0.05714285714285716,False
2775,CUST03648,Loom,Pending Customer Response,High,Free,,8.5,4.0,-0.5294117647058824,True
2776,CUST08135,Confluence,Pending Customer Response,Low,Enterprise,,32.5,28.5,-0.12307692307692308,False
2777,CUST07332,Bitbucket,Pending Customer Response,Low,Free,,10.0,10.5,0.050000000000000044,False
2778,CUST05195,Loom,Open,Critical,Standard,,4.0,9.5,1.375,False
2779,CUST00600,Confluence,Pending Customer Response,Low,Premium,,16.5,17.0,0.030303030303030276,False
2780,CUST06467,Confluence,Closed,Medium,Standard,3.0,9.0,10.5,0.16666666666666674,False
2781,CUST03907,Loom,Closed,High,Free,5.0,9.0,10.5,0.16666666666666674,False
2782,CUST01782,Confluence,Pending Customer Response,Medium,Enterprise,,19.5,17.0,-0.1282051282051282,False
2783,CUST02473,Jira,Open,Medium,Standard,,31.5,27.0,-0.1428571428571429,False
2784,CUST06694,Trello,Closed,High,Premium,5.0,11.0,9.0,-0.18181818181818177,False
2785,CUST07733,Confluence,Pending Customer Response,High,Standard,,21.5,26.0,0.20930232558139528,False
2786,CUST01276,Jira,Open,Critical,Standard,,23.5,18.0,-0.23404255319148937,True
2787,CUST05759,Confluence,Pending Customer Response,Critical,Enterprise,,18.0,20.0,0.11111111111111116,False
2788,CUST06274,Trello,Closed,Critical,Free,2.0,11.5,8.0,-0.30434782608695654,True
2789,CUST00853,Trello,Open,Medium,Standard,,7.0,13.0,0.8571428571428572,False
2790,CUST01692,Jira,Open,Critical,Free,,4.0,8.0,1.0,False
2791,CUST06246,Jira,Open,Medium,Free,,18.5,18.5,0.0,False
2792,CUST07595,Bitbucket,Open,Medium,Premium,,9.5,10.5,0.10526315789473695,False
2793,CUST04714,Trello,Pending Customer Response,Critical,Enterprise,,22.0,24.0,0.09090909090909083,False
2794,CUST03213,Confluence,Open,Low,Standard,,11.5,18.5,0.6086956521739131,False
2795,CUST03472,Trello,Pending Customer Response,Medium,Enterprise,,26.0,26.5,0.019230769230769162,False
2796,CUST02040,Bitbucket,Closed,High,Standard,5.0,18.0,22.5,0.25,False
2797,CUST04283,Trello,Pending Customer Response,Medium,Standard,,12.0,13.5,0.125,False
2798,CUST01043,Jira,Pending Customer Response,Low,Free,,4.0,7.5,0.875,False
2799,CUST07862,Trello,Open,High,Standard,,9.5,5.0,-0.4736842105263158,True
2800,CUST05119,Trello,Pending Customer Response,Low,Standard,,21.0,20.0,-0.04761904761904767,False
2801,CUST01316,Trello,Closed,Low,Standard,4.0,10.0,15.0,0.5,False
2802,CUST04976,Trello,Closed,Critical,Standard,5.0,12.0,16.5,0.375,False
2803,CUST02240,Jira,Open,Low,Standard,,17.0,17.0,0.0,False
2804,CUST07056,Trello,Closed,Medium,Free,4.0,1.0,4.5,3.5,False
2805,CUST04067,Jira,Pending Customer Response,High,Free,,15.5,15.5,0.0,False
2806,CUST02807,Loom,Pending Customer Response,High,Standard,,8.0,9.5,0.1875,False
2807,CUST08091,Jira,Pending Customer Response,Low,Standard,,28.5,24.0,-0.1578947368421053,False
2808,CUST04414,Confluence,Closed,Critical,Premium,5.0,18.0,20.5,0.13888888888888884,False
2809,CUST00252,Confluence,Closed,Critical,Free,5.0,8.0,8.0,0.0,False
2810,CUST07184,Trello,Closed,Low,Standard,3.0,14.0,15.5,0.1071428571428572,False
2811,CUST04075,Trello,Closed,Critical,Premium,3.0,16.5,14.5,-0.12121212121212122,False
2812,CUST04450,Bitbucket,Closed,Critical,Premium,3.0,23.5,22.0,-0.06382978723404253,False
2813,CUST02407,Trello,Open,Low,Standard,,19.0,17.5,-0.07894736842105265,False
2814,CUST05901,Bitbucket,Pending Customer Response,Low,Standard,,6.5,8.5,0.3076923076923077,False
2815,CUST07858,Jira,Open,Medium,Standard,,17.5,20.5,0.17142857142857149,False
2816,CUST04251,Bitbucket,Closed,High,Premium,1.0,25.0,19.5,-0.21999999999999997,True
2817,CUST06227,Loom,Pending Customer Response,Low,Enterprise,,14.5,15.5,0.06896551724137923,False
2818,CUST08239,Trello,Closed,Low,Standard,5.0,21.5,24.0,0.11627906976744184,False
2819,CUST04717,Loom,Closed,Medium,Free,3.0,6.5,10.0,0.5384615384615385,False
2820,CUST05899,Confluence,Open,High,Standard,,17.0,18.0,0.05882352941176472,False
2821,CUST07962,Bitbucket,Closed,Critical,Premium,5.0,14.0,14.0,0.0,False
2822,CUST05184,Loom,Open,High,Enterprise,,16.5,13.5,-0.18181818181818177,False
2823,CUST04999,Jira,Closed,Critical,Standard,2.0,12.0,7.0,-0.41666666666666663,True
2824,CUST04286,Confluence,Open,Low,Standard,,18.5,21.0,0.1351351351351351,False
2825,CUST07528,Bitbucket,Pending Customer Response,Medium,Premium,,11.0,11.5,0.045454545454545414,False
2826,CUST02376,Jira,Open,Medium,Premium,,24.5,27.5,0.12244897959183665,False
2827,CUST05966,Trello,Open,High,Standard,,11.0,14.0,0.2727272727272727,False
2828,CUST07703,Confluence,Open,High,Free,,11.0,10.0,-0.09090909090909094,False
2829,CUST07199,Bitbucket,Closed,Medium,Standard,3.0,14.0,16.0,0.1428571428571428,False
2830,CUST01384,Trello,Pending Customer Response,Low,Free,,13.5,15.5,0.14814814814814814,False
2831,CUST05179,Bitbucket,Pending Customer Response,Critical,Premium,,16.5,17.0,0.030303030303030276,False
2832,CUST02608,Trello,Open,Critical,Standard,,22.0,22.5,0.022727272727272707,False
2833,CUST00755,Trello,Closed,Low,Enterprise,1.0,55.0,45.5,-0.17272727272727273,False
2834,CUST05091,Confluence,Pending Customer Response,Medium,Standard,,7.0,7.0,0.0,False
2835,CUST05987,Confluence,Open,Medium,Enterprise,,12.5,12.0,-0.040000000000000036,False
2836,CUST00038,Confluence,Pending Customer Response,Medium,Enterprise,,18.0,22.5,0.25,False
2837,CUST00942,Jira,Pending Customer Response,Medium,Standard,,13.0,10.5,-0.1923076923076923,False
2838,CUST00532,Bitbucket,Pending Customer Response,Low,Standard,,13.0,13.0,0.0,False
2839,CUST02141,Trello,Closed,Medium,Standard,1.0,19.5,21.0,0.07692307692307687,False
2840,CUST00761,Confluence,Closed,High,Enterprise,4.0,29.5,30.0,0.016949152542372836,False
2841,CUST04908,Jira,Open,Medium,Standard,,31.5,35.5,0.12698412698412698,False
2842,CUST06177,Bitbucket,Closed,High,Premium,1.0,16.5,16.5,0.0,False
2843,CUST03331,Confluence,Closed,Low,Free,4.0,6.0,6.0,0.0,False
2844,CUST06156,Loom,Pending Customer Response,Critical,Premium,,18.5,19.5,0.054054054054053946,False
2845,CUST07910,Bitbucket,Pending Customer Response,High,Standard,,14.5,16.5,0.13793103448275867,False
2846,CUST00567,Trello,Closed,High,Premium,1.0,16.5,17.5,0.06060606060606055,False
2847,CUST03968,Trello,Open,Critical,Premium,,20.5,16.5,-0.19512195121951215,False
2848,CUST02772,Bitbucket,Closed,High,Standard,2.0,12.5,14.5,0.15999999999999992,False
2849,CUST02597,Bitbucket,Pending Customer Response,High,Standard,,30.5,33.0,0.08196721311475419,False
2850,CUST08116,Loom,Closed,Critical,Premium,3.0,29.0,27.5,-0.051724137931034475,False
2851,CUST08278,Trello,Open,Critical,Standard,,13.5,16.5,0.22222222222222232,False
2852,CUST06014,Trello,Open,Medium,Free,,21.5,20.0,-0.06976744186046513,False
2853,CUST03249,Jira,Open,Low,Free,,13.0,17.0,0.3076923076923077,False
2854,CUST07697,Loom,Closed,Critical,Enterprise,2.0,17.5,17.5,0.0,False
2855,CUST03314,Jira,Closed,High,Free,5.0,11.5,12.5,0.08695652173913038,False
2856,CUST07340,Trello,Open,Medium,Free,,5.5,9.0,0.6363636363636365,False
2857,CUST03215,Confluence,Closed,High,Standard,1.0,15.0,10.5,-0.30000000000000004,True
2858,CUST02946,Bitbucket,Open,High,Standard,,20.0,25.0,0.25,False
2859,CUST06202,Jira,Open,High,Enterprise,,26.0,26.0,0.0,False
2860,CUST07497,Bitbucket,Closed,High,Premium,5.0,23.0,25.0,0.08695652173913038,False
2861,CUST04824,Bitbucket,Pending Customer Response,High,Standard,,23.0,24.0,0.04347826086956519,False
2862,CUST08284,Bitbucket,Pending Customer Response,Low,Premium,,28.5,24.0,-0.1578947368421053,False
2863,CUST08007,Loom,Closed,Medium,Standard,1.0,15.0,14.0,-0.06666666666666665,False
2864,CUST02559,Jira,Open,Critical,Enterprise,,22.5,16.0,-0.28888888888888886,True
2865,CUST00284,Confluence,Pending Customer Response,High,Standard,,17.0,11.5,-0.32352941176470584,True
2866,CUST05881,Bitbucket,Pending Customer Response,Critical,Free,,12.0,15.0,0.25,False
2867,CUST05963,Confluence,Open,High,Standard,,27.5,29.0,0.05454545454545445,False
2868,CUST03307,Jira,Pending Customer Response,High,Standard,,10.5,9.5,-0.09523809523809523,False
2869,CUST00923,Trello,Pending Customer Response,Critical,Free,,18.0,18.0,0.0,False
2870,CUST04903,Confluence,Pending Customer Response,Critical,Free,,10.0,8.5,-0.15000000000000002,False
2871,CUST04866,Confluence,Pending Customer Response,Critical,Standard,,17.0,27.0,0.588235294117647,False
2872,CUST04958,Trello,Closed,High,Premium,5.0,8.5,7.0,-0.17647058823529416,False
2873,CUST05741,Confluence,Open,Medium,Standard,,14.0,18.5,0.3214285714285714,False
2874,CUST08082,Loom,Open,High,Standard,,11.0,9.0,-0.18181818181818177,False
2875,CUST02866,Trello,Closed,Medium,Premium,4.0,19.5,24.5,0.2564102564102564,False
2876,CUST04560,Bitbucket,Pending Customer Response,Medium,Premium,,16.5,12.5,-0.24242424242424243,True
2877,CUST07651,Loom,Pending Customer Response,Medium,Premium,,8.5,14.5,0.7058823529411764,False
2878,CUST03059,Trello,Closed,Medium,Premium,1.0,33.5,31.0,-0.07462686567164178,False
2879,CUST04056,Jira,Pending Customer Response,Critical,Standard,,29.0,26.0,-0.10344827586206895,False
2880,CUST06652,Jira,Open,Low,Premium,,24.5,21.5,-0.12244897959183676,False
2881,CUST07164,Confluence,Closed,Low,Premium,4.0,20.5,15.0,-0.2682926829268293,True
2882,CUST05449,Confluence,Open,Low,Free,,8.5,8.0,-0.05882352941176472,False
2883,CUST05268,Bitbucket,Open,High,Free,,5.5,3.5,-0.36363636363636365,True
2884,CUST06873,Loom,Closed,Low,Standard,2.0,13.5,14.5,0.07407407407407418,False
2885,CUST02949,Trello,Open,High,Enterprise,,13.5,19.5,0.4444444444444444,False
2886,CUST07130,Loom,Open,Critical,Enterprise,,23.5,26.0,0.1063829787234043,False
2887,CUST03654,Loom,Open,High,Free,,4.5,4.5,0.0,False
2888,CUST06148,Trello,Pending Customer Response,Medium,Standard,,10.5,12.0,0.1428571428571428,False
2889,CUST02068,Bitbucket,Pending Customer Response,Low,Enterprise,,24.0,25.0,0.04166666666666674,False
2890,CUST05493,Confluence,Closed,Critical,Premium,5.0,7.5,9.0,0.19999999999999996,False
2891,CUST02249,Bitbucket,Pending Customer Response,Medium,Standard,,12.0,10.0,-0.16666666666666663,False
2892,CUST02226,Confluence,Pending Customer Response,Low,Standard,,15.0,20.0,0.33333333333333326,False
2893,CUST07604,Confluence,Closed,High,Premium,1.0,6.0,13.0,1.1666666666666665,False
2894,CUST04480,Bitbucket,Open,High,Premium,,13.5,16.0,0.18518518518518512,False
2895,CUST03001,Confluence,Pending Customer Response,Critical,Enterprise,,47.0,42.5,-0.0957446808510638,False
2896,CUST07866,Trello,Open,Critical,Standard,,39.5,35.5,-0.10126582278481011,False
2897,CUST01906,Trello,Pending Customer Response,High,Standard,,23.5,23.5,0.0,False
2898,CUST08069,Loom,Open,Critical,Premium,,13.0,15.5,0.1923076923076923,False
2899,CUST01237,Jira,Open,Medium,Premium,,19.0,23.5,0.23684210526315796,False
2900,CUST04822,Trello,Pending Customer Response,High,Standard,,11.5,11.5,0.0,False
2901,CUST02938,Loom,Closed,Low,Premium,1.0,12.0,11.5,-0.04166666666666663,False
2902,CUST02256,Trello,Pending Customer Response,Critical,Premium,,22.0,22.0,0.0,False
2903,CUST07119,Loom,Pending Customer Response,High,Premium,,21.0,24.5,0.16666666666666674,False
2904,CUST03487,Loom,Closed,Low,Standard,5.0,16.0,13.0,-0.1875,False
2905,CUST06816,Bitbucket,Closed,Low,Standard,2.0,17.5,19.0,0.08571428571428563,False
2906,CUST00654,Confluence,Pending Customer Response,Critical,Free,,9.5,7.0,-0.26315789473684215,True
2907,CUST00872,Confluence,Pending Customer Response,Critical,Premium,,19.0,12.0,-0.368421052631579,True
2908,CUST05323,Loom,Pending Customer Response,Low,Premium,,12.5,16.0,0.28,False
2909,CUST04544,Trello,Closed,High,Standard,4.0,7.0,6.5,-0.0714285714285714,False
2910,CUST03374,Confluence,Open,Low,Premium,,19.0,20.0,0.05263157894736836,False
2911,CUST02843,Trello,Closed,Low,Premium,2.0,27.0,25.0,-0.07407407407407407,False
2912,CUST02017,Trello,Open,Low,Standard,,11.0,12.0,0.09090909090909083,False
2913,CUST08068,Bitbucket,Open,Low,Standard,,16.0,18.0,0.125,False
2914,CUST03171,Jira,Closed,High,Premium,1.0,15.5,13.0,-0.16129032258064513,False
2915,CUST06116,Confluence,Closed,Low,Enterprise,4.0,16.0,14.0,-0.125,False
2916,CUST05072,Jira,Pending Customer Response,High,Standard,,20.5,20.0,-0.024390243902439046,False
2917,CUST01095,Jira,Pending Customer Response,Low,Standard,,15.5,14.0,-0.09677419354838712,False
2918,CUST00374,Confluence,Closed,High,Free,1.0,5.5,10.5,0.9090909090909092,False
2919,CUST03493,Trello,Pending Customer Response,Critical,Standard,,13.0,11.0,-0.15384615384615385,False
2920,CUST07434,Jira,Closed,High,Premium,3.0,17.5,20.5,0.17142857142857149,False
2921,CUST06041,Confluence,Open,High,Free,,18.0,19.0,0.05555555555555558,False
2922,CUST07877,Bitbucket,Closed,Low,Standard,2.0,9.0,6.5,-0.2777777777777778,True
2923,CUST03198,Jira,Pending Customer Response,Medium,Premium,,38.0,42.5,0.11842105263157898,False
2924,CUST04277,Loom,Open,Low,Premium,,15.5,16.0,0.032258064516129004,False
2925,CUST02425,Trello,Pending Customer Response,Medium,Free,,4.0,2.5,-0.375,True
2926,CUST02393,Loom,Open,High,Premium,,19.0,20.0,0.05263157894736836,False
2927,CUST06259,Confluence,Pending Customer Response,Critical,Free,,7.0,9.0,0.2857142857142858,False
2928,CUST07923,Trello,Closed,Low,Free,2.0,10.0,13.5,0.3500000000000001,False
2929,CUST07142,Trello,Closed,Low,Free,2.0,8.5,9.0,0.05882352941176472,False
2930,CUST07879,Confluence,Closed,High,Premium,3.0,50.0,50.5,0.010000000000000009,False
2931,CUST07590,Bitbucket,Pending Customer Response,High,Free,,17.0,19.5,0.1470588235294117,False
2932,CUST01200,Jira,Pending Customer Response,High,Standard,,14.0,17.5,0.25,False
2933,CUST04015,Bitbucket,Open,High,Premium,,46.0,42.0,-0.08695652173913049,False
2934,CUST05655,Confluence,Closed,High,Free,4.0,11.5,13.0,0.13043478260869557,False
2935,CUST02144,Jira,Closed,High,Premium,5.0,10.5,8.0,-0.23809523809523814,True
2936,CUST05604,Trello,Open,Medium,Standard,,15.5,16.5,0.06451612903225801,False
2937,CUST07236,Confluence,Pending Customer Response,Low,Premium,,42.0,35.0,-0.16666666666666663,False
2938,CUST00443,Trello,Closed,Critical,Premium,4.0,37.0,27.5,-0.2567567567567568,True
2939,CUST01431,Bitbucket,Closed,Critical,Enterprise,3.0,20.5,24.0,0.1707317073170731,False
2940,CUST02239,Bitbucket,Open,High,Standard,,13.0,17.0,0.3076923076923077,False
2941,CUST03393,Trello,Open,Medium,Standard,,19.5,19.0,-0.02564102564102566,False
2942,CUST08288,Confluence,Pending Customer Response,High,Premium,,45.0,49.5,0.10000000000000009,False
2943,CUST02374,Confluence,Open,Medium,Premium,,25.0,25.0,0.0,False
2944,CUST07330,Bitbucket,Open,Critical,Premium,,29.0,32.5,0.1206896551724137,False
2945,CUST01664,Confluence,Open,Critical,Standard,,16.5,18.5,0.1212121212121211,False
2946,CUST04859,Loom,Open,High,Premium,,14.5,14.5,0.0,False
2947,CUST02664,Jira,Closed,Medium,Enterprise,1.0,32.0,33.5,0.046875,False
2948,CUST05796,Bitbucket,Open,Low,Free,,17.5,19.0,0.08571428571428563,False
2949,CUST04783,Jira,Open,Medium,Premium,,14.5,16.5,0.13793103448275867,False
2950,CUST04864,Confluence,Pending Customer Response,Medium,Free,,19.5,14.0,-0.28205128205128205,True
2951,CUST03157,Loom,Pending Customer Response,Low,Premium,,19.5,12.5,-0.3589743589743589,True
2952,CUST03364,Confluence,Pending Customer Response,High,Standard,,16.5,12.5,-0.24242424242424243,True
2953,CUST08127,Trello,Pending Customer Response,High,Enterprise,,29.5,25.5,-0.13559322033898302,False
2954,CUST07950,Bitbucket,Pending Customer Response,Critical,Free,,16.0,17.0,0.0625,False
2955,CUST07750,Confluence,Closed,Low,Standard,1.0,16.5,17.5,0.06060606060606055,False
2956,CUST00460,Jira,Closed,High,Standard,1.0,15.5,18.5,0.19354838709677424,False
2957,CUST01379,Jira,Open,Low,Enterprise,,24.0,22.0,-0.08333333333333337,False
2958,CUST05420,Loom,Pending Customer Response,Medium,Standard,,21.0,20.0,-0.04761904761904767,False
2959,CUST08261,Confluence,Pending Customer Response,Medium,Enterprise,,11.0,11.0,0.0,False
2960,CUST00985,Jira,Open,High,Standard,,27.5,27.0,-0.018181818181818188,False
2961,CUST05502,Loom,Open,Low,Enterprise,,8.0,10.5,0.3125,False
2962,CUST03413,Trello,Pending Customer Response,High,Premium,,48.0,46.5,-0.03125,False
2963,CUST01231,Trello,Pending Customer Response,Medium,Enterprise,,40.5,40.5,0.0,False
2964,CUST04292,Trello,Pending Customer Response,Medium,Premium,,13.0,11.0,-0.15384615384615385,False
2965,CUST03013,Loom,Pending Customer Response,Medium,Standard,,5.5,6.0,0.09090909090909083,False
2966,CUST01590,Loom,Pending Customer Response,Low,Free,,8.5,8.5,0.0,False
2967,CUST00256,Loom,Closed,Critical,Premium,4.0,12.0,11.0,-0.08333333333333337,False
2968,CUST07325,Trello,Closed,Critical,Premium,2.0,22.0,20.5,-0.06818181818181823,False
2969,CUST03921,Confluence,Closed,High,Free,5.0,4.0,4.5,0.125,False
2970,CUST04255,Bitbucket,Closed,Low,Standard,2.0,12.5,12.5,0.0,False
2971,CUST05525,Confluence,Open,Medium,Premium,,4.5,10.0,1.2222222222222223,False
2972,CUST01041,Confluence,Open,Medium,Free,,9.0,10.5,0.16666666666666674,False
2973,CUST04907,Trello,Pending Customer Response,Medium,Premium,,19.5,15.5,-0.20512820512820518,True
2974,CUST02336,Trello,Pending Customer Response,Critical,Standard,,29.0,30.0,0.034482758620689724,False
2975,CUST00449,Loom,Closed,High,Premium,1.0,3.0,2.0,-0.33333333333333337,True
2976,CUST05992,Trello,Closed,Low,Standard,3.0,29.0,28.5,-0.017241379310344862,False
2977,CUST03159,Jira,Pending Customer Response,High,Premium,,31.5,31.5,0.0,False
2978,CUST06998,Confluence,Pending Customer Response,Critical,Standard,,21.5,18.0,-0.16279069767441856,False
2979,CUST03381,Confluence,Open,Medium,Standard,,30.0,26.5,-0.1166666666666667,False
2980,CUST05896,Bitbucket,Pending Customer Response,Medium,Premium,,22.0,23.5,0.06818181818181812,False
2981,CUST00812,Bitbucket,Open,High,Premium,,18.5,19.5,0.054054054054053946,False
2982,CUST01437,Bitbucket,Pending Customer Response,Medium,Premium,,24.0,25.5,0.0625,False
2983,CUST02657,Confluence,Pending Customer Response,Critical,Enterprise,,21.0,22.5,0.0714285714285714,False
2984,CUST00345,Loom,Open,Medium,Enterprise,,37.0,37.0,0.0,False
2985,CUST07805,Bitbucket,Closed,Critical,Premium,1.0,19.5,20.0,0.02564102564102555,False
2986,CUST02663,Jira,Pending Customer Response,Low,Premium,,37.0,31.5,-0.14864864864864868,False
2987,CUST00202,Confluence,Open,High,Enterprise,,16.0,18.0,0.125,False
2988,CUST04800,Loom,Closed,Critical,Standard,4.0,16.0,15.0,-0.0625,False
2989,CUST01716,Trello,Closed,Critical,Standard,2.0,17.5,20.0,0.1428571428571428,False
2990,CUST02719,Confluence,Pending Customer Response,Medium,Standard,,13.5,12.5,-0.07407407407407407,False
2991,CUST02863,Loom,Open,Critical,Standard,,13.5,13.5,0.0,False
2992,CUST01896,Trello,Pending Customer Response,Medium,Free,,10.0,12.0,0.19999999999999996,False
2993,CUST02659,Bitbucket,Closed,Medium,Premium,4.0,16.5,15.0,-0.09090909090909094,False
2994,CUST03767,Trello,Open,Low,Enterprise,,24.0,25.5,0.0625,False
2995,CUST03377,Trello,Open,Medium,Premium,,32.5,31.5,-0.03076923076923077,False
2996,CUST05160,Jira,Closed,High,Standard,4.0,8.5,8.5,0.0,False
2997,CUST07693,Loom,Open,Critical,Standard,,10.0,8.5,-0.15000000000000002,False
2998,CUST07061,Jira,Pending Customer Response,High,Premium,,18.0,20.0,0.11111111111111116,False
2999,CUST02127,Jira,Pending Customer Response,Medium,Standard,,19.0,22.5,0.18421052631578938,False
3000,CUST01025,Bitbucket,Closed,Medium,Standard,5.0,6.5,9.5,0.46153846153846145,False
3001,CUST01840,Jira,Closed,Low,Standard,5.0,34.5,33.0,-0.04347826086956519,False
3002,CUST04225,Confluence,Closed,Medium,Free,4.0,11.5,16.5,0.4347826086956521,False
3003,CUST02643,Loom,Pending Customer Response,Medium,Standard,,21.0,23.5,0.11904761904761907,False
3004,CUST07754,Jira,Pending Customer Response,High,Enterprise,,17.5,19.5,0.11428571428571432,False
3005,CUST06578,Confluence,Pending Customer Response,Medium,Premium,,20.0,23.5,0.17500000000000004,False
3006,CUST03024,Confluence,Closed,Critical,Premium,1.0,36.5,32.5,-0.1095890410958904,False
3007,CUST01189,Jira,Open,Medium,Enterprise,,31.5,30.5,-0.031746031746031744,False
3008,CUST00480,Jira,Closed,Medium,Premium,1.0,33.0,30.0,-0.09090909090909094,False
3009,CUST05786,Jira,Closed,Low,Enterprise,5.0,15.5,19.5,0.25806451612903225,False
3010,CUST02034,Confluence,Pending Customer Response,High,Enterprise,,24.5,18.5,-0.24489795918367352,True
3011,CUST02986,Bitbucket,Pending Customer Response,High,Standard,,21.5,17.5,-0.18604651162790697,False
3012,CUST04202,Trello,Closed,Medium,Premium,4.0,39.5,36.5,-0.07594936708860756,False
3013,CUST06872,Loom,Closed,High,Standard,5.0,10.0,12.5,0.25,False
3014,CUST05108,Bitbucket,Closed,Critical,Free,5.0,2.0,8.5,3.25,False
3015,CUST07414,Jira,Closed,High,Standard,5.0,16.0,16.5,0.03125,False
3016,CUST07451,Loom,Open,Low,Standard,,2.5,5.0,1.0,False
3017,CUST01310,Trello,Open,Critical,Standard,,18.5,19.0,0.027027027027026973,False
3018,CUST04265,Jira,Open,Critical,Free,,12.0,14.5,0.20833333333333326,False
3019,CUST04115,Bitbucket,Open,Low,Premium,,18.5,20.0,0.08108108108108114,False
3020,CUST07973,Loom,Closed,High,Standard,2.0,13.0,10.0,-0.23076923076923073,True
3021,CUST03895,Loom,Pending Customer Response,Medium,Standard,,20.0,16.0,-0.19999999999999996,False
3022,CUST07645,Confluence,Closed,High,Standard,5.0,8.5,10.5,0.23529411764705888,False
3023,CUST04968,Trello,Closed,Critical,Standard,1.0,8.0,7.0,-0.125,False
3024,CUST04363,Jira,Open,Low,Free,,10.5,11.5,0.09523809523809534,False
3025,CUST08211,Confluence,Pending Customer Response,Low,Enterprise,,18.0,18.5,0.02777777777777768,False
3026,CUST01689,Confluence,Pending Customer Response,High,Standard,,12.0,16.0,0.33333333333333326,False
3027,CUST07231,Trello,Open,Critical,Premium,,22.5,25.0,0.11111111111111116,False
3028,CUST06241,Trello,Pending Customer Response,Low,Enterprise,,18.0,22.5,0.25,False
3029,CUST03151,Confluence,Open,High,Standard,,17.0,19.5,0.1470588235294117,False
3030,CUST01620,Bitbucket,Closed,Critical,Standard,5.0,6.0,8.0,0.33333333333333326,False
3031,CUST07469,Bitbucket,Closed,High,Premium,4.0,21.0,23.5,0.11904761904761907,False
3032,CUST02014,Bitbucket,Closed,Critical,Standard,5.0,6.5,11.0,0.6923076923076923,False
3033,CUST04079,Confluence,Pending Customer Response,High,Standard,,8.0,10.0,0.25,False
3034,CUST01211,Bitbucket,Closed,High,Premium,1.0,15.5,15.0,-0.032258064516129004,False
3035,CUST07163,Loom,Closed,Critical,Standard,5.0,6.5,8.5,0.3076923076923077,False
3036,CUST00714,Jira,Pending Customer Response,High,Enterprise,,29.0,28.0,-0.03448275862068961,False
3037,CUST04813,Confluence,Closed,Low,Standard,1.0,12.5,13.5,0.08000000000000007,False
3038,CUST00715,Loom,Open,High,Enterprise,,23.0,24.5,0.0652173913043479,False
3039,CUST07764,Trello,Open,Medium,Standard,,22.5,21.5,-0.0444444444444444,False
3040,CUST05503,Loom,Pending Customer Response,Critical,Free,,6.5,7.0,0.07692307692307687,False
3041,CUST01781,Bitbucket,Closed,High,Standard,3.0,17.0,11.5,-0.32352941176470584,True
3042,CUST00557,Trello,Closed,Critical,Premium,2.0,18.5,18.5,0.0,False
3043,CUST02579,Confluence,Pending Customer Response,High,Standard,,19.5,18.5,-0.05128205128205132,False
3044,CUST01006,Trello,Pending Customer Response,Medium,Standard,,8.5,13.0,0.5294117647058822,False
3045,CUST07557,Jira,Closed,Low,Free,4.0,7.0,5.5,-0.2142857142857143,True
3046,CUST06001,Trello,Closed,Medium,Premium,1.0,9.5,7.0,-0.26315789473684215,True
3047,CUST02565,Jira,Pending Customer Response,High,Standard,,22.0,22.0,0.0,False
3048,CUST02314,Loom,Open,Critical,Premium,,19.5,13.0,-0.33333333333333337,True
3049,CUST02257,Trello,Closed,Critical,Enterprise,2.0,8.0,8.5,0.0625,False
3050,CUST07116,Bitbucket,Open,Low,Standard,,16.5,16.0,-0.030303030303030276,False
3051,CUST05282,Confluence,Closed,Medium,Premium,2.0,13.0,10.0,-0.23076923076923073,True
3052,CUST05243,Bitbucket,Open,High,Premium,,13.5,11.0,-0.18518518518518523,False
3053,CUST00346,Loom,Closed,Medium,Standard,1.0,23.5,22.5,-0.04255319148936165,False
3054,CUST04433,Trello,Pending Customer Response,Critical,Enterprise,,15.5,11.0,-0.29032258064516125,True
3055,CUST06230,Trello,Closed,High,Enterprise,2.0,42.5,39.0,-0.08235294117647063,False
3056,CUST02942,Trello,Pending Customer Response,Critical,Free,,19.5,18.5,-0.05128205128205132,False
3057,CUST07628,Jira,Pending Customer Response,Critical,Free,,14.0,15.0,0.0714285714285714,False
3058,CUST00107,Confluence,Open,Critical,Standard,,12.5,12.0,-0.040000000000000036,False
3059,CUST06058,Bitbucket,Open,Low,Standard,,15.5,22.0,0.4193548387096775,False
3060,CUST05566,Confluence,Closed,Critical,Standard,2.0,7.0,8.5,0.2142857142857142,False
3061,CUST01092,Trello,Open,Critical,Enterprise,,14.0,12.5,-0.1071428571428571,False
3062,CUST07575,Bitbucket,Open,Low,Premium,,17.0,19.0,0.11764705882352944,False
3063,CUST00791,Confluence,Closed,Low,Premium,4.0,28.5,32.0,0.12280701754385959,False
3064,CUST01526,Trello,Closed,Medium,Premium,5.0,19.0,21.5,0.13157894736842102,False
3065,CUST04431,Loom,Open,Medium,Free,,16.5,21.5,0.303030303030303,False
3066,CUST07799,Confluence,Closed,Critical,Premium,5.0,29.0,37.5,0.2931034482758621,False
3067,CUST02272,Jira,Closed,Low,Standard,1.0,11.0,13.5,0.2272727272727273,False
3068,CUST06794,Confluence,Open,High,Standard,,8.0,10.5,0.3125,False
3069,CUST01864,Jira,Open,Low,Standard,,11.5,11.5,0.0,False
3070,CUST01295,Loom,Closed,Critical,Premium,3.0,11.0,12.0,0.09090909090909083,False
3071,CUST08072,Loom,Closed,Critical,Enterprise,4.0,12.5,13.0,0.040000000000000036,False
3072,CUST00816,Jira,Pending Customer Response,Critical,Enterprise,,11.0,9.0,-0.18181818181818177,False
3073,CUST07742,Trello,Pending Customer Response,High,Standard,,16.0,16.0,0.0,False
3074,CUST01738,Jira,Open,Medium,Standard,,19.0,22.5,0.18421052631578938,False
3075,CUST02410,Trello,Closed,Medium,Standard,1.0,32.0,29.5,-0.078125,False
3076,CUST07542,Confluence,Closed,Critical,Enterprise,1.0,20.5,17.0,-0.1707317073170732,False
3077,CUST07117,Trello,Open,Low,Premium,,10.5,15.5,0.4761904761904763,False
3078,CUST03987,Loom,Open,High,Premium,,24.5,22.5,-0.08163265306122447,False
3079,CUST04306,Trello,Closed,Low,Standard,2.0,17.0,16.5,-0.02941176470588236,False
3080,CUST03095,Confluence,Pending Customer Response,Critical,Premium,,18.0,21.0,0.16666666666666674,False
3081,CUST03522,Trello,Closed,High,Premium,5.0,20.5,15.0,-0.2682926829268293,True
3082,CUST06741,Trello,Pending Customer Response,High,Premium,,16.0,8.5,-0.46875,True
3083,CUST06448,Loom,Open,Critical,Standard,,13.0,11.0,-0.15384615384615385,False
3084,CUST07944,Trello,Open,Low,Standard,,13.5,15.5,0.14814814814814814,False
3085,CUST04989,Confluence,Open,Critical,Premium,,15.0,18.0,0.19999999999999996,False
3086,CUST04995,Trello,Pending Customer Response,Critical,Standard,,12.5,16.0,0.28,False
3087,CUST06195,Trello,Open,Medium,Standard,,14.0,13.5,-0.0357142857142857,False
3088,CUST06194,Loom,Pending Customer Response,Medium,Enterprise,,23.5,19.0,-0.19148936170212771,False
3089,CUST01174,Trello,Pending Customer Response,High,Standard,,22.0,28.5,0.2954545454545454,False
3090,CUST03015,Jira,Pending Customer Response,Critical,Free,,16.5,15.0,-0.09090909090909094,False
3091,CUST03690,Trello,Closed,High,Standard,3.0,27.0,27.0,0.0,False
3092,CUST03770,Confluence,Pending Customer Response,High,Premium,,18.5,17.5,-0.05405405405405406,False
3093,CUST05700,Confluence,Open,Medium,Standard,,17.0,19.5,0.1470588235294117,False
3094,CUST04018,Loom,Closed,Critical,Standard,3.0,13.0,12.0,-0.07692307692307687,False
3095,CUST02111,Confluence,Open,Medium,Enterprise,,27.5,27.0,-0.018181818181818188,False
3096,CUST01622,Loom,Open,High,Enterprise,,16.0,18.5,0.15625,False
3097,CUST05041,Loom,Open,Medium,Standard,,10.5,5.0,-0.5238095238095238,True
3098,CUST02439,Confluence,Closed,Medium,Enterprise,3.0,27.0,30.5,0.12962962962962954,False
3099,CUST06985,Trello,Pending Customer Response,High,Enterprise,,24.5,22.0,-0.10204081632653061,False
3100,CUST05105,Loom,Closed,Medium,Standard,2.0,13.5,15.0,0.11111111111111116,False
3101,CUST03143,Trello,Open,Medium,Standard,,10.5,11.0,0.04761904761904767,False
3102,CUST07518,Trello,Closed,Medium,Premium,3.0,18.0,15.5,-0.13888888888888884,False
3103,CUST05876,Confluence,Pending Customer Response,Low,Premium,,32.0,25.5,-0.203125,True
3104,CUST08081,Loom,Open,Medium,Enterprise,,60.5,56.0,-0.07438016528925617,False
3105,CUST02105,Bitbucket,Open,Critical,Free,,11.5,12.0,0.04347826086956519,False
3106,CUST02365,Confluence,Closed,Low,Free,4.0,12.5,12.5,0.0,False
3107,CUST02100,Trello,Pending Customer Response,High,Standard,,12.5,14.0,0.1200000000000001,False
3108,CUST07426,Loom,Pending Customer Response,Critical,Standard,,16.0,19.5,0.21875,False
3109,CUST08172,Jira,Open,Critical,Standard,,24.0,24.0,0.0,False
3110,CUST00348,Confluence,Open,High,Standard,,9.5,6.5,-0.3157894736842105,True
3111,CUST07636,Loom,Pending Customer Response,Medium,Free,,11.5,8.0,-0.30434782608695654,True
3112,CUST05070,Trello,Open,Low,Premium,,39.0,33.0,-0.15384615384615385,False
3113,CUST05273,Bitbucket,Open,Medium,Free,,10.5,12.0,0.1428571428571428,False
3114,CUST00822,Confluence,Closed,Critical,Enterprise,2.0,32.5,30.0,-0.07692307692307687,False
3115,CUST01910,Trello,Pending Customer Response,High,Enterprise,,12.5,10.0,-0.19999999999999996,False
3116,CUST03846,Trello,Closed,Low,Premium,2.0,24.5,23.5,-0.04081632653061229,False
3117,CUST07154,Jira,Closed,Medium,Standard,2.0,53.0,50.5,-0.047169811320754707,False
3118,CUST04727,Jira,Open,High,Premium,,36.0,35.5,-0.01388888888888884,False
3119,CUST06763,Trello,Pending Customer Response,High,Premium,,26.0,25.0,-0.038461538461538436,False
3120,CUST04929,Jira,Open,Medium,Standard,,17.5,22.0,0.2571428571428571,False
3121,CUST03673,Bitbucket,Pending Customer Response,Critical,Premium,,30.0,31.5,0.050000000000000044,False
3122,CUST00200,Jira,Closed,Low,Standard,4.0,13.5,12.0,-0.11111111111111116,False
3123,CUST00807,Loom,Closed,High,Standard,5.0,19.5,16.5,-0.15384615384615385,False
3124,CUST01495,Trello,Closed,High,Standard,3.0,31.5,28.0,-0.11111111111111116,False
3125,CUST04811,Loom,Pending Customer Response,Low,Premium,,12.0,13.5,0.125,False
3126,CUST02079,Confluence,Pending Customer Response,High,Premium,,15.5,16.5,0.06451612903225801,False
3127,CUST05345,Confluence,Open,High,Standard,,16.0,19.5,0.21875,False
3128,CUST04894,Confluence,Open,Critical,Free,,11.0,12.0,0.09090909090909083,False
3129,CUST06828,Confluence,Pending Customer Response,Medium,Free,,4.0,4.0,0.0,False
3130,CUST02219,Trello,Pending Customer Response,Critical,Free,,9.5,6.5,-0.3157894736842105,True
3131,CUST01878,Loom,Closed,Critical,Standard,5.0,6.0,6.5,0.08333333333333326,False
3132,CUST06474,Confluence,Closed,High,Standard,1.0,25.0,21.0,-0.16000000000000003,False
3133,CUST04195,Loom,Closed,Medium,Premium,3.0,30.5,25.0,-0.180327868852459,False
3134,CUST02810,Confluence,Pending Customer Response,Critical,Standard,,15.5,15.5,0.0,False
3135,CUST01571,Jira,Open,Low,Enterprise,,18.5,15.5,-0.16216216216216217,False
3136,CUST03755,Confluence,Pending Customer Response,High,Standard,,18.0,21.5,0.19444444444444442,False
3137,CUST07657,Confluence,Closed,Critical,Premium,1.0,17.0,14.0,-0.17647058823529416,False
3138,CUST06922,Loom,Closed,Medium,Standard,2.0,17.0,10.0,-0.4117647058823529,True
3139,CUST06078,Confluence,Open,High,Standard,,21.0,22.0,0.04761904761904767,False
3140,CUST00491,Trello,Open,Critical,Premium,,14.0,10.5,-0.25,True
3141,CUST04850,Bitbucket,Closed,Medium,Standard,4.0,26.0,27.0,0.03846153846153855,False
3142,CUST05219,Trello,Pending Customer Response,High,Standard,,19.5,23.0,0.17948717948717952,False
3143,CUST07523,Confluence,Closed,Critical,Standard,2.0,30.5,32.5,0.06557377049180335,False
3144,CUST04801,Jira,Pending Customer Response,Medium,Premium,,11.0,15.0,0.36363636363636354,False
3145,CUST03569,Loom,Closed,High,Premium,4.0,16.0,14.0,-0.125,False
3146,CUST05079,Confluence,Pending Customer Response,Critical,Free,,10.0,10.5,0.050000000000000044,False
3147,CUST05123,Bitbucket,Closed,High,Premium,1.0,32.0,29.5,-0.078125,False
3148,CUST05589,Jira,Pending Customer Response,High,Enterprise,,24.0,25.5,0.0625,False
3149,CUST01254,Confluence,Pending Customer Response,Critical,Standard,,26.5,23.0,-0.13207547169811318,False
3150,CUST05173,Confluence,Open,Medium,Premium,,28.0,25.5,-0.0892857142857143,False
3151,CUST07115,Loom,Pending Customer Response,High,Premium,,17.5,16.5,-0.05714285714285716,False
3152,CUST04875,Trello,Closed,High,Enterprise,5.0,33.0,34.0,0.030303030303030276,False
3153,CUST00237,Confluence,Open,Medium,Standard,,32.0,30.5,-0.046875,False
3154,CUST02756,Jira,Open,Low,Premium,,17.5,17.0,-0.02857142857142858,False
3155,CUST06173,Jira,Closed,Critical,Free,2.0,12.0,10.5,-0.125,False
3156,CUST08102,Loom,Pending Customer Response,Low,Premium,,5.5,9.0,0.6363636363636365,False
3157,CUST00050,Bitbucket,Closed,High,Enterprise,2.0,30.0,32.5,0.08333333333333326,False
3158,CUST00088,Bitbucket,Closed,High,Standard,5.0,22.0,23.5,0.06818181818181812,False
3159,CUST06501,Loom,Pending Customer Response,Medium,Free,,10.5,10.0,-0.04761904761904767,False
3160,CUST00150,Confluence,Open,Low,Standard,,8.0,11.0,0.375,False
3161,CUST07928,Loom,Pending Customer Response,Medium,Standard,,16.5,17.0,0.030303030303030276,False
3162,CUST01959,Bitbucket,Pending Customer Response,Medium,Standard,,12.5,9.0,-0.28,True
3163,CUST07190,Confluence,Open,Medium,Free,,13.0,12.0,-0.07692307692307687,False
3164,CUST06834,Bitbucket,Open,Medium,Enterprise,,32.5,31.5,-0.03076923076923077,False
3165,CUST06545,Trello,Pending Customer Response,High,Premium,,27.0,27.0,0.0,False
3166,CUST05264,Jira,Pending Customer Response,High,Standard,,15.0,13.0,-0.1333333333333333,False
3167,CUST05187,Bitbucket,Open,Low,Premium,,12.0,14.5,0.20833333333333326,False
3168,CUST02069,Bitbucket,Pending Customer Response,Low,Premium,,24.5,24.0,-0.020408163265306145,False
3169,CUST04188,Loom,Open,High,Enterprise,,13.5,15.0,0.11111111111111116,False
3170,CUST01811,Jira,Pending Customer Response,High,Enterprise,,32.0,30.5,-0.046875,False
3171,CUST08055,Trello,Closed,Low,Standard,5.0,17.0,10.0,-0.4117647058823529,True
3172,CUST05007,Bitbucket,Open,High,Free,,14.0,10.0,-0.2857142857142857,True
3173,CUST06338,Trello,Closed,Medium,Standard,1.0,9.0,11.0,0.22222222222222232,False
3174,CUST02515,Trello,Open,Low,Enterprise,,29.5,24.5,-0.1694915254237288,False
3175,CUST01261,Jira,Open,Critical,Enterprise,,27.0,24.0,-0.11111111111111116,False
3176,CUST04291,Bitbucket,Open,Low,Free,,12.5,14.0,0.1200000000000001,False
3177,CUST02487,Loom,Open,Low,Standard,,10.0,15.0,0.5,False
3178,CUST07218,Loom,Open,Critical,Standard,,4.0,1.5,-0.625,True
3179,CUST00765,Bitbucket,Closed,Low,Standard,1.0,8.0,12.0,0.5,False
3180,CUST08272,Confluence,Closed,Critical,Standard,2.0,8.5,5.5,-0.3529411764705882,True
3181,CUST03506,Confluence,Open,Medium,Premium,,25.0,23.0,-0.07999999999999996,False
3182,CUST07973,Bitbucket,Closed,Low,Standard,2.0,14.0,10.5,-0.25,True
3183,CUST05613,Trello,Closed,High,Premium,5.0,17.5,18.5,0.05714285714285716,False
3184,CUST05809,Loom,Pending Customer Response,Critical,Standard,,18.0,18.5,0.02777777777777768,False
3185,CUST04852,Jira,Pending Customer Response,Low,Standard,,18.0,19.0,0.05555555555555558,False
3186,CUST02007,Loom,Closed,High,Enterprise,2.0,8.5,11.5,0.3529411764705883,False
3187,CUST06352,Bitbucket,Open,Low,Premium,,25.5,26.5,0.03921568627450989,False
3188,CUST02653,Jira,Closed,Critical,Free,1.0,10.0,7.5,-0.25,True
3189,CUST05013,Trello,Closed,Medium,Free,1.0,8.5,10.0,0.17647058823529416,False
3190,CUST03831,Jira,Open,Medium,Standard,,14.0,12.5,-0.1071428571428571,False
3191,CUST02649,Jira,Pending Customer Response,Low,Standard,,17.0,23.5,0.38235294117647056,False
3192,CUST07097,Bitbucket,Closed,Low,Standard,2.0,28.0,24.0,-0.1428571428571429,False
3193,CUST05810,Trello,Open,Low,Standard,,10.0,10.0,0.0,False
3194,CUST04159,Loom,Pending Customer Response,Critical,Premium,,24.0,22.5,-0.0625,False
3195,CUST07829,Confluence,Closed,Critical,Standard,1.0,8.5,7.0,-0.17647058823529416,False
3196,CUST00536,Confluence,Open,High,Premium,,20.0,18.0,-0.09999999999999998,False
3197,CUST02188,Confluence,Closed,Critical,Enterprise,3.0,22.5,21.0,-0.06666666666666665,False
3198,CUST07708,Confluence,Closed,High,Premium,2.0,48.0,44.5,-0.07291666666666663,False
3199,CUST06838,Loom,Open,Medium,Standard,,15.0,15.5,0.03333333333333344,False
3200,CUST00222,Trello,Open,Critical,Free,,3.5,6.0,0.7142857142857142,False
3201,CUST07107,Jira,Pending Customer Response,High,Standard,,31.5,26.0,-0.17460317460317465,False
3202,CUST01285,Loom,Open,Critical,Free,,10.5,12.0,0.1428571428571428,False
3203,CUST04101,Bitbucket,Open,High,Premium,,24.0,26.5,0.10416666666666674,False
3204,CUST03167,Confluence,Pending Customer Response,Critical,Enterprise,,11.5,13.0,0.13043478260869557,False
3205,CUST02370,Jira,Pending Customer Response,Medium,Standard,,6.0,4.5,-0.25,True
3206,CUST03640,Bitbucket,Open,Medium,Enterprise,,25.5,29.5,0.15686274509803932,False
3207,CUST04767,Confluence,Open,Critical,Standard,,11.0,11.5,0.045454545454545414,False
3208,CUST05609,Confluence,Open,Critical,Standard,,18.0,19.5,0.08333333333333326,False
3209,CUST07440,Bitbucket,Closed,Medium,Premium,2.0,21.0,19.5,-0.0714285714285714,False
3210,CUST02854,Confluence,Closed,Critical,Standard,4.0,11.0,9.0,-0.18181818181818177,False
3211,CUST03406,Loom,Closed,Critical,Standard,1.0,14.5,13.0,-0.10344827586206895,False
3212,CUST00480,Bitbucket,Pending Customer Response,Low,Premium,,20.5,17.5,-0.14634146341463417,False
3213,CUST06381,Jira,Closed,High,Free,1.0,12.0,12.5,0.04166666666666674,False
3214,CUST08019,Jira,Open,Low,Standard,,10.0,13.5,0.3500000000000001,False
3215,CUST02229,Confluence,Open,Low,Premium,,27.0,27.0,0.0,False
3216,CUST00335,Loom,Closed,Low,Standard,2.0,8.0,5.0,-0.375,True
3217,CUST06910,Confluence,Open,Low,Premium,,23.0,26.5,0.15217391304347827,False
3218,CUST05564,Loom,Pending Customer Response,Low,Standard,,17.0,16.0,-0.05882352941176472,False
3219,CUST05689,Trello,Open,High,Premium,,8.5,9.5,0.11764705882352944,False
3220,CUST00591,Confluence,Open,Medium,Free,,10.5,7.5,-0.2857142857142857,True
3221,CUST07846,Confluence,Open,Medium,Premium,,19.0,21.0,0.10526315789473695,False
3222,CUST07480,Bitbucket,Open,Critical,Standard,,24.5,24.0,-0.020408163265306145,False
3223,CUST05483,Bitbucket,Closed,Low,Standard,4.0,36.5,32.5,-0.1095890410958904,False
3224,CUST06119,Trello,Pending Customer Response,High,Enterprise,,24.5,22.0,-0.10204081632653061,False
3225,CUST02392,Loom,Pending Customer Response,Medium,Standard,,19.5,13.5,-0.3076923076923077,True
3226,CUST03252,Bitbucket,Closed,Critical,Standard,4.0,21.5,26.0,0.20930232558139528,False
3227,CUST00711,Trello,Pending Customer Response,Critical,Premium,,24.0,24.5,0.02083333333333326,False
3228,CUST06446,Jira,Open,Low,Standard,,13.5,10.5,-0.2222222222222222,True
3229,CUST04619,Loom,Open,Low,Enterprise,,41.5,44.5,0.07228915662650603,False
3230,CUST04918,Jira,Closed,Low,Standard,2.0,14.5,14.5,0.0,False
3231,CUST07905,Bitbucket,Pending Customer Response,Critical,Free,,5.5,4.0,-0.2727272727272727,True
3232,CUST00995,Bitbucket,Pending Customer Response,Medium,Enterprise,,28.0,25.5,-0.0892857142857143,False
3233,CUST00299,Loom,Pending Customer Response,Critical,Standard,,13.0,10.5,-0.1923076923076923,False
3234,CUST01724,Bitbucket,Open,Medium,Premium,,28.0,28.5,0.017857142857142794,False
3235,CUST07422,Bitbucket,Closed,Medium,Premium,5.0,14.0,16.5,0.1785714285714286,False
3236,CUST02966,Confluence,Open,Critical,Standard,,17.5,16.0,-0.08571428571428574,False
3237,CUST02595,Loom,Pending Customer Response,Low,Free,,1.0,5.5,4.5,False
3238,CUST05572,Bitbucket,Open,Low,Premium,,25.0,22.5,-0.09999999999999998,False
3239,CUST01739,Loom,Open,High,Free,,4.5,4.0,-0.11111111111111116,False
3240,CUST05146,Bitbucket,Open,Critical,Standard,,19.0,15.5,-0.1842105263157895,False
3241,CUST00666,Jira,Open,Low,Premium,,20.5,16.5,-0.19512195121951215,False
3242,CUST05547,Loom,Pending Customer Response,Low,Premium,,20.5,18.0,-0.12195121951219512,False
3243,CUST08315,Trello,Closed,Critical,Standard,4.0,29.0,29.0,0.0,False
3244,CUST02614,Bitbucket,Closed,Low,Standard,1.0,13.5,11.5,-0.14814814814814814,False
3245,CUST07553,Confluence,Closed,High,Enterprise,4.0,37.5,40.0,0.06666666666666665,False
3246,CUST01423,Confluence,Closed,Critical,Standard,2.0,20.5,16.5,-0.19512195121951215,False
3247,CUST07037,Jira,Open,Critical,Standard,,16.0,14.5,-0.09375,False
3248,CUST07639,Trello,Pending Customer Response,Medium,Standard,,13.0,15.0,0.15384615384615374,False
3249,CUST04013,Loom,Pending Customer Response,Medium,Enterprise,,23.0,20.5,-0.10869565217391308,False
3250,CUST02916,Jira,Pending Customer Response,Critical,Standard,,13.0,14.5,0.11538461538461542,False
3251,CUST05315,Confluence,Closed,Medium,Standard,5.0,6.0,10.0,0.6666666666666667,False
3252,CUST03250,Jira,Closed,Medium,Standard,3.0,4.5,5.5,0.22222222222222232,False
3253,CUST05175,Trello,Open,Critical,Standard,,19.0,18.5,-0.02631578947368418,False
3254,CUST02498,Jira,Open,Critical,Free,,16.0,11.5,-0.28125,True
3255,CUST05416,Loom,Open,Medium,Standard,,6.0,9.5,0.5833333333333333,False
3256,CUST06942,Loom,Closed,Low,Enterprise,2.0,12.0,10.0,-0.16666666666666663,False
3257,CUST05314,Loom,Pending Customer Response,High,Enterprise,,8.0,10.5,0.3125,False
3258,CUST07433,Trello,Open,High,Enterprise,,13.5,12.5,-0.07407407407407407,False
3259,CUST00535,Trello,Closed,Critical,Premium,2.0,15.5,14.5,-0.06451612903225812,False
3260,CUST02686,Jira,Open,Critical,Standard,,12.5,10.5,-0.16000000000000003,False
3261,CUST05823,Confluence,Open,Critical,Standard,,9.0,11.5,0.2777777777777777,False
3262,CUST04105,Loom,Closed,Critical,Standard,4.0,7.0,12.0,0.7142857142857142,False
3263,CUST07587,Confluence,Pending Customer Response,Low,Standard,,23.0,21.5,-0.06521739130434778,False
3264,CUST01522,Confluence,Closed,High,Enterprise,2.0,15.0,16.5,0.10000000000000009,False
3265,CUST02231,Confluence,Open,Low,Premium,,29.5,33.5,0.13559322033898313,False
3266,CUST05316,Trello,Open,High,Enterprise,,15.5,13.0,-0.16129032258064513,False
3267,CUST03670,Jira,Pending Customer Response,Critical,Free,,6.0,6.0,0.0,False
3268,CUST00702,Jira,Closed,Medium,Premium,2.0,18.5,15.0,-0.18918918918918914,False
3269,CUST03231,Bitbucket,Pending Customer Response,Low,Enterprise,,24.0,26.0,0.08333333333333326,False
3270,CUST08147,Loom,Pending Customer Response,High,Enterprise,,4.5,13.0,1.8888888888888888,False
3271,CUST01461,Trello,Open,Critical,Premium,,10.5,14.0,0.33333333333333326,False
3272,CUST05001,Trello,Closed,Low,Free,3.0,3.0,4.5,0.5,False
3273,CUST00458,Confluence,Open,Low,Premium,,17.0,15.0,-0.11764705882352944,False
3274,CUST02078,Loom,Closed,Low,Free,2.0,12.5,11.5,-0.07999999999999996,False
3275,CUST07997,Loom,Open,Critical,Standard,,18.0,15.0,-0.16666666666666663,False
3276,CUST05057,Loom,Closed,Critical,Premium,4.0,18.0,13.5,-0.25,True
3277,CUST07545,Jira,Pending Customer Response,Critical,Standard,,15.5,8.0,-0.4838709677419355,True
3278,CUST03243,Loom,Open,High,Free,,4.0,5.5,0.375,False
3279,CUST00264,Jira,Pending Customer Response,Critical,Standard,,27.5,27.0,-0.018181818181818188,False
3280,CUST00909,Jira,Pending Customer Response,Medium,Standard,,20.5,22.5,0.09756097560975618,False
3281,CUST00422,Bitbucket,Closed,Critical,Enterprise,3.0,55.5,56.5,0.018018018018018056,False
3282,CUST04868,Jira,Open,Medium,Enterprise,,13.0,13.5,0.03846153846153855,False
3283,CUST01740,Trello,Open,Low,Standard,,9.5,14.0,0.4736842105263157,False
3284,CUST07065,Loom,Pending Customer Response,High,Premium,,9.0,13.5,0.5,False
3285,CUST03845,Jira,Closed,High,Enterprise,1.0,19.0,18.0,-0.052631578947368474,False
3286,CUST07235,Confluence,Closed,High,Standard,1.0,14.0,14.0,0.0,False
3287,CUST01974,Confluence,Open,High,Premium,,18.0,18.5,0.02777777777777768,False
3288,CUST03834,Jira,Pending Customer Response,Medium,Premium,,24.0,25.5,0.0625,False
3289,CUST01202,Confluence,Open,High,Standard,,20.5,16.5,-0.19512195121951215,False
3290,CUST01414,Loom,Closed,High,Standard,1.0,10.0,10.0,0.0,False
3291,CUST03281,Confluence,Open,Low,Enterprise,,28.5,19.0,-0.33333333333333337,True
3292,CUST02013,Jira,Closed,High,Standard,4.0,23.0,20.0,-0.13043478260869568,False
3293,CUST01532,Confluence,Closed,Low,Enterprise,5.0,25.5,22.0,-0.13725490196078427,False
3294,CUST06544,Trello,Closed,Medium,Premium,5.0,17.5,13.5,-0.22857142857142854,True
3295,CUST02066,Bitbucket,Pending Customer Response,Critical,Free,,7.5,6.0,-0.19999999999999996,False
3296,CUST03029,Jira,Pending Customer Response,High,Standard,,15.0,8.5,-0.43333333333333335,True
3297,CUST01705,Bitbucket,Open,High,Standard,,18.0,19.5,0.08333333333333326,False
3298,CUST01505,Confluence,Closed,Medium,Standard,4.0,24.5,29.0,0.18367346938775508,False
3299,CUST04606,Bitbucket,Closed,Critical,Free,4.0,8.0,7.0,-0.125,False
3300,CUST02063,Jira,Open,Low,Standard,,6.5,3.0,-0.5384615384615384,True
3301,CUST04179,Bitbucket,Pending Customer Response,Medium,Enterprise,,15.0,12.5,-0.16666666666666663,False
3302,CUST01534,Bitbucket,Open,High,Free,,8.0,8.5,0.0625,False
3303,CUST00538,Bitbucket,Closed,Low,Standard,4.0,26.0,22.5,-0.13461538461538458,False
3304,CUST01866,Bitbucket,Closed,Low,Premium,3.0,19.0,20.5,0.07894736842105265,False
3305,CUST08144,Bitbucket,Open,Low,Enterprise,,18.5,20.0,0.08108108108108114,False
3306,CUST03994,Bitbucket,Pending Customer Response,Critical,Premium,,23.5,21.5,-0.08510638297872342,False
3307,CUST01655,Bitbucket,Pending Customer Response,High,Premium,,18.5,17.0,-0.08108108108108103,False
3308,CUST02109,Jira,Pending Customer Response,High,Standard,,17.5,15.0,-0.1428571428571429,False
3309,CUST07172,Loom,Pending Customer Response,Low,Standard,,14.0,16.5,0.1785714285714286,False
3310,CUST01961,Confluence,Open,Critical,Free,,9.5,7.5,-0.21052631578947367,True
3311,CUST03687,Trello,Pending Customer Response,Critical,Free,,11.5,12.5,0.08695652173913038,False
3312,CUST00073,Jira,Closed,Low,Enterprise,1.0,28.0,28.5,0.017857142857142794,False
3313,CUST00670,Confluence,Pending Customer Response,Critical,Premium,,17.0,13.5,-0.20588235294117652,True
3314,CUST06189,Trello,Closed,High,Standard,3.0,8.5,11.0,0.2941176470588236,False
3315,CUST01598,Loom,Pending Customer Response,Low,Premium,,7.0,10.5,0.5,False
3316,CUST03796,Bitbucket,Closed,Medium,Premium,3.0,21.0,21.5,0.023809523809523725,False
3317,CUST08291,Jira,Open,Critical,Premium,,8.0,10.5,0.3125,False
3318,CUST06766,Jira,Closed,Medium,Standard,2.0,8.0,10.5,0.3125,False
3319,CUST00691,Loom,Pending Customer Response,High,Enterprise,,15.0,16.5,0.10000000000000009,False
3320,CUST00391,Bitbucket,Open,Medium,Standard,,11.5,11.0,-0.04347826086956519,False
3321,CUST03272,Confluence,Open,High,Free,,7.5,5.5,-0.2666666666666667,True
3322,CUST03541,Confluence,Closed,Critical,Premium,3.0,35.5,38.5,0.08450704225352124,False
3323,CUST02494,Loom,Open,Medium,Standard,,11.5,13.5,0.17391304347826098,False
3324,CUST02363,Jira,Open,Critical,Standard,,15.0,18.0,0.19999999999999996,False
3325,CUST01822,Confluence,Pending Customer Response,Medium,Free,,9.5,8.0,-0.1578947368421053,False
3326,CUST06984,Trello,Open,Medium,Standard,,23.5,24.5,0.042553191489361764,False
3327,CUST07448,Trello,Open,High,Standard,,15.0,11.0,-0.2666666666666667,True
3328,CUST05349,Loom,Closed,Critical,Standard,5.0,9.5,11.0,0.1578947368421053,False
3329,CUST05807,Bitbucket,Open,Medium,Enterprise,,18.5,14.5,-0.21621621621621623,True
3330,CUST05620,Jira,Closed,Low,Free,3.0,19.0,19.5,0.026315789473684292,False
3331,CUST03552,Trello,Pending Customer Response,Medium,Premium,,15.5,22.5,0.4516129032258065,False
3332,CUST01076,Jira,Pending Customer Response,High,Premium,,20.5,26.0,0.2682926829268293,False
3333,CUST02716,Trello,Pending Customer Response,Medium,Standard,,25.0,32.0,0.28,False
3334,CUST02659,Bitbucket,Open,High,Premium,,16.5,15.0,-0.09090909090909094,False
3335,CUST05455,Loom,Closed,Low,Standard,4.0,14.0,17.5,0.25,False
3336,CUST06645,Trello,Closed,Medium,Free,1.0,4.0,5.0,0.25,False
3337,CUST06393,Trello,Closed,Low,Standard,4.0,13.5,8.0,-0.40740740740740744,True
3338,CUST05227,Trello,Open,Critical,Premium,,19.0,14.0,-0.26315789473684215,True
3339,CUST07789,Jira,Closed,Medium,Standard,4.0,19.0,15.0,-0.21052631578947367,True
3340,CUST02930,Loom,Pending Customer Response,Low,Free,,15.0,12.0,-0.19999999999999996,False
3341,CUST03563,Jira,Closed,High,Standard,3.0,24.5,22.0,-0.10204081632653061,False
3342,CUST01078,Jira,Pending Customer Response,High,Standard,,19.5,19.5,0.0,False
3343,CUST01341,Trello,Pending Customer Response,Medium,Premium,,13.0,12.5,-0.038461538461538436,False
3344,CUST01979,Bitbucket,Pending Customer Response,High,Standard,,7.5,8.5,0.1333333333333333,False
3345,CUST01451,Bitbucket,Open,Critical,Standard,,8.5,7.0,-0.17647058823529416,False
3346,CUST01216,Bitbucket,Pending Customer Response,Low,Standard,,18.5,14.0,-0.2432432432432432,True
3347,CUST05140,Bitbucket,Closed,Critical,Free,3.0,17.0,20.0,0.17647058823529416,False
3348,CUST01771,Bitbucket,Pending Customer Response,Critical,Standard,,14.5,14.0,-0.03448275862068961,False
3349,CUST07046,Bitbucket,Closed,Medium,Enterprise,3.0,29.5,26.0,-0.11864406779661019,False
3350,CUST07494,Jira,Open,Medium,Premium,,7.0,9.0,0.2857142857142858,False
3351,CUST03313,Confluence,Closed,Critical,Premium,5.0,33.0,30.5,-0.0757575757575758,False
3352,CUST05638,Jira,Open,Low,Standard,,15.5,14.5,-0.06451612903225812,False
3353,CUST03842,Trello,Closed,High,Enterprise,4.0,18.0,18.0,0.0,False
3354,CUST07380,Jira,Pending Customer Response,High,Standard,,21.0,26.5,0.26190476190476186,False
3355,CUST01351,Loom,Open,High,Free,,11.5,10.5,-0.08695652173913049,False
3356,CUST00769,Confluence,Closed,Low,Premium,1.0,15.0,20.0,0.33333333333333326,False
3357,CUST00361,Confluence,Pending Customer Response,Low,Premium,,12.0,12.5,0.04166666666666674,False
3358,CUST07058,Bitbucket,Pending Customer Response,Medium,Standard,,11.5,14.0,0.21739130434782616,False
3359,CUST01747,Bitbucket,Open,Medium,Premium,,10.5,13.5,0.2857142857142858,False
3360,CUST01153,Bitbucket,Closed,Medium,Standard,3.0,10.5,14.0,0.33333333333333326,False
3361,CUST04004,Trello,Pending Customer Response,Critical,Standard,,16.5,17.5,0.06060606060606055,False
3362,CUST02991,Confluence,Closed,High,Premium,5.0,10.5,4.0,-0.6190476190476191,True
3363,CUST03744,Loom,Closed,High,Premium,1.0,21.0,24.0,0.1428571428571428,False
3364,CUST02773,Loom,Pending Customer Response,Low,Standard,,14.5,11.5,-0.2068965517241379,True
3365,CUST03698,Jira,Pending Customer Response,High,Premium,,19.5,19.0,-0.02564102564102566,False
3366,CUST05223,Trello,Closed,Critical,Free,1.0,2.5,10.5,3.2,False
3367,CUST03899,Loom,Pending Customer Response,Critical,Standard,,8.5,12.0,0.41176470588235303,False
3368,CUST05945,Jira,Pending Customer Response,High,Standard,,23.0,25.0,0.08695652173913038,False
3369,CUST01086,Loom,Pending Customer Response,Medium,Standard,,31.5,31.5,0.0,False
3370,CUST03067,Bitbucket,Closed,Low,Standard,2.0,25.0,25.0,0.0,False
3371,CUST07078,Jira,Closed,Low,Premium,2.0,20.0,16.0,-0.19999999999999996,False
3372,CUST03957,Jira,Pending Customer Response,Medium,Standard,,7.0,9.0,0.2857142857142858,False
3373,CUST05772,Loom,Pending Customer Response,High,Standard,,15.5,18.5,0.19354838709677424,False
3374,CUST01746,Bitbucket,Pending Customer Response,High,Standard,,7.5,10.0,0.33333333333333326,False
3375,CUST03183,Bitbucket,Closed,Critical,Standard,1.0,20.0,21.0,0.050000000000000044,False
3376,CUST03168,Jira,Open,Critical,Standard,,23.0,26.5,0.15217391304347827,False
3377,CUST02827,Loom,Closed,Low,Enterprise,1.0,9.5,7.0,-0.26315789473684215,True
3378,CUST04948,Jira,Pending Customer Response,Medium,Free,,18.0,17.5,-0.02777777777777779,False
3379,CUST05508,Confluence,Closed,High,Standard,3.0,36.0,36.5,0.01388888888888884,False
3380,CUST06033,Confluence,Closed,Medium,Premium,4.0,16.0,17.5,0.09375,False
3381,CUST02992,Confluence,Open,Critical,Standard,,21.0,14.0,-0.33333333333333337,True
3382,CUST05946,Trello,Closed,Critical,Premium,1.0,26.0,25.5,-0.019230769230769273,False
3383,CUST05400,Trello,Closed,Medium,Standard,1.0,4.0,9.0,1.25,False
3384,CUST06955,Trello,Pending Customer Response,High,Free,,10.0,15.0,0.5,False
3385,CUST07872,Loom,Closed,Medium,Free,4.0,10.5,10.0,-0.04761904761904767,False
3386,CUST07625,Trello,Open,Critical,Free,,18.5,19.0,0.027027027027026973,False
3387,CUST05450,Jira,Pending Customer Response,High,Premium,,14.5,16.5,0.13793103448275867,False
3388,CUST02180,Bitbucket,Closed,Critical,Standard,4.0,14.0,16.0,0.1428571428571428,False
3389,CUST03230,Trello,Open,Critical,Standard,,27.5,28.0,0.018181818181818077,False
3390,CUST01484,Bitbucket,Closed,Critical,Premium,4.0,15.0,15.0,0.0,False
3391,CUST03414,Jira,Closed,Medium,Free,2.0,8.5,10.0,0.17647058823529416,False
3392,CUST07833,Jira,Open,Medium,Free,,10.0,8.0,-0.19999999999999996,False
3393,CUST05033,Trello,Closed,Medium,Premium,4.0,35.0,34.5,-0.014285714285714235,False
3394,CUST00276,Confluence,Pending Customer Response,Critical,Standard,,24.5,20.5,-0.16326530612244894,False
3395,CUST05376,Bitbucket,Pending Customer Response,Medium,Enterprise,,30.5,37.0,0.21311475409836067,False
3396,CUST01509,Confluence,Closed,High,Premium,1.0,29.5,30.0,0.016949152542372836,False
3397,CUST07857,Bitbucket,Open,Critical,Standard,,12.0,11.0,-0.08333333333333337,False
3398,CUST05588,Confluence,Closed,Critical,Standard,2.0,21.0,19.5,-0.0714285714285714,False
3399,CUST01187,Loom,Closed,Low,Free,3.0,11.0,7.5,-0.31818181818181823,True
3400,CUST04097,Bitbucket,Closed,Critical,Standard,1.0,14.0,10.0,-0.2857142857142857,True
3401,CUST06020,Confluence,Pending Customer Response,High,Free,,6.0,13.0,1.1666666666666665,False
3402,CUST00921,Confluence,Pending Customer Response,Critical,Enterprise,,21.5,19.5,-0.09302325581395354,False
3403,CUST05802,Bitbucket,Pending Customer Response,Medium,Free,,4.5,2.0,-0.5555555555555556,True
3404,CUST06858,Bitbucket,Open,Medium,Enterprise,,5.5,9.5,0.7272727272727273,False
3405,CUST05371,Loom,Closed,High,Standard,1.0,12.0,12.5,0.04166666666666674,False
3406,CUST04135,Trello,Pending Customer Response,Medium,Standard,,34.0,33.5,-0.014705882352941124,False
3407,CUST06996,Loom,Pending Customer Response,High,Standard,,10.5,9.5,-0.09523809523809523,False
3408,CUST08293,Bitbucket,Closed,Medium,Enterprise,2.0,35.0,33.5,-0.042857142857142816,False
3409,CUST06740,Jira,Pending Customer Response,Critical,Enterprise,,22.5,17.0,-0.24444444444444446,True
3410,CUST05384,Jira,Pending Customer Response,Medium,Standard,,20.0,19.5,-0.025000000000000022,False
3411,CUST05088,Loom,Pending Customer Response,Medium,Free,,6.5,1.0,-0.8461538461538461,True
3412,CUST03426,Jira,Pending Customer Response,Low,Free,,10.0,5.5,-0.44999999999999996,True
3413,CUST06642,Confluence,Closed,Medium,Standard,3.0,16.0,16.5,0.03125,False
3414,CUST05377,Loom,Open,Medium,Standard,,8.5,13.0,0.5294117647058822,False
3415,CUST01040,Confluence,Open,Critical,Standard,,6.5,6.5,0.0,False
3416,CUST06831,Trello,Open,Low,Free,,13.5,13.0,-0.03703703703703709,False
3417,CUST06680,Confluence,Pending Customer Response,High,Premium,,15.5,16.5,0.06451612903225801,False
3418,CUST02404,Confluence,Closed,High,Standard,5.0,21.0,24.0,0.1428571428571428,False
3419,CUST07031,Trello,Open,Critical,Standard,,15.0,17.5,0.16666666666666674,False
3420,CUST03688,Trello,Pending Customer Response,Medium,Free,,14.5,14.0,-0.03448275862068961,False
3421,CUST04020,Trello,Closed,Medium,Standard,4.0,5.0,7.5,0.5,False
3422,CUST02896,Loom,Pending Customer Response,Low,Enterprise,,14.0,11.0,-0.2142857142857143,True
3423,CUST06478,Trello,Pending Customer Response,Low,Standard,,20.0,19.0,-0.050000000000000044,False
3424,CUST06856,Jira,Closed,High,Standard,5.0,14.5,10.0,-0.31034482758620685,True
3425,CUST01013,Loom,Pending Customer Response,Medium,Premium,,16.0,18.5,0.15625,False
3426,CUST06484,Confluence,Closed,High,Standard,5.0,15.5,18.5,0.19354838709677424,False
3427,CUST05552,Jira,Closed,Medium,Standard,3.0,16.0,22.0,0.375,False
3428,CUST04053,Bitbucket,Open,High,Standard,,18.0,20.5,0.13888888888888884,False
3429,CUST05651,Confluence,Open,Medium,Free,,12.0,14.5,0.20833333333333326,False
3430,CUST05523,Loom,Pending Customer Response,Critical,Standard,,11.0,10.5,-0.045454545454545414,False
3431,CUST06021,Trello,Open,Low,Enterprise,,14.5,12.0,-0.1724137931034483,False
3432,CUST00882,Bitbucket,Open,Low,Premium,,24.5,27.0,0.1020408163265305,False
3433,CUST06435,Loom,Closed,Critical,Premium,4.0,16.5,15.5,-0.06060606060606055,False
3434,CUST03917,Bitbucket,Pending Customer Response,Low,Standard,,7.5,10.5,0.3999999999999999,False
3435,CUST07287,Trello,Pending Customer Response,Medium,Premium,,10.0,15.5,0.55,False
3436,CUST03484,Trello,Open,Critical,Premium,,18.0,18.5,0.02777777777777768,False
3437,CUST00405,Jira,Pending Customer Response,Critical,Free,,3.5,2.5,-0.2857142857142857,True
3438,CUST04505,Bitbucket,Open,Low,Premium,,16.0,19.0,0.1875,False
3439,CUST04541,Loom,Open,Low,Enterprise,,24.5,24.0,-0.020408163265306145,False
3440,CUST06048,Loom,Closed,Critical,Standard,1.0,6.5,9.5,0.46153846153846145,False
3441,CUST01579,Confluence,Pending Customer Response,High,Premium,,24.0,26.5,0.10416666666666674,False
3442,CUST01643,Loom,Open,Low,Standard,,13.0,15.0,0.15384615384615374,False
3443,CUST00747,Trello,Open,Low,Standard,,15.5,14.5,-0.06451612903225812,False
3444,CUST08152,Confluence,Closed,Medium,Premium,5.0,18.0,22.5,0.25,False
3445,CUST06143,Confluence,Pending Customer Response,Critical,Free,,4.5,6.0,0.33333333333333326,False
3446,CUST03176,Jira,Open,Critical,Standard,,9.5,7.5,-0.21052631578947367,True
3447,CUST06184,Loom,Closed,High,Enterprise,3.0,17.5,14.5,-0.17142857142857137,False
3448,CUST05860,Jira,Open,Medium,Standard,,20.5,22.0,0.07317073170731714,False
3449,CUST08098,Trello,Pending Customer Response,Critical,Free,,9.5,10.0,0.05263157894736836,False
3450,CUST06617,Trello,Open,High,Standard,,30.5,36.5,0.19672131147540983,False
3451,CUST08120,Confluence,Open,Medium,Enterprise,,23.0,24.0,0.04347826086956519,False
3452,CUST05405,Loom,Open,Critical,Free,,9.5,7.5,-0.21052631578947367,True
3453,CUST07456,Confluence,Open,Low,Standard,,15.0,19.5,0.30000000000000004,False
3454,CUST05897,Loom,Open,High,Standard,,23.0,16.5,-0.28260869565217395,True
3455,CUST05887,Trello,Open,Critical,Premium,,16.0,15.5,-0.03125,False
3456,CUST08210,Trello,Pending Customer Response,Critical,Free,,11.0,13.0,0.18181818181818188,False
3457,CUST04672,Jira,Open,Low,Enterprise,,16.0,16.5,0.03125,False
3458,CUST01501,Loom,Pending Customer Response,Low,Standard,,37.5,40.0,0.06666666666666665,False
3459,CUST03263,Trello,Open,High,Standard,,8.5,14.0,0.6470588235294117,False
3460,CUST05781,Jira,Closed,High,Enterprise,4.0,93.5,89.0,-0.048128342245989275,False
3461,CUST01919,Loom,Closed,Medium,Standard,5.0,22.5,23.5,0.04444444444444451,False
3462,CUST05097,Confluence,Open,High,Enterprise,,11.5,12.5,0.08695652173913038,False
3463,CUST06684,Bitbucket,Open,Medium,Free,,7.5,6.0,-0.19999999999999996,False
3464,CUST08269,Loom,Pending Customer Response,Low,Standard,,10.0,8.0,-0.19999999999999996,False
3465,CUST07990,Jira,Open,High,Enterprise,,65.5,66.5,0.01526717557251911,False
3466,CUST05084,Loom,Open,Medium,Standard,,14.5,20.0,0.3793103448275863,False
3467,CUST07942,Jira,Closed,Low,Free,4.0,8.0,15.0,0.875,False
3468,CUST06207,Bitbucket,Open,Low,Premium,,22.0,21.0,-0.045454545454545414,False
3469,CUST07849,Jira,Pending Customer Response,High,Premium,,20.0,19.5,-0.025000000000000022,False
3470,CUST07988,Confluence,Open,Critical,Enterprise,,7.5,4.0,-0.4666666666666667,True
3471,CUST03717,Trello,Closed,Critical,Free,3.0,9.5,9.5,0.0,False
3472,CUST05622,Loom,Open,Low,Standard,,11.5,12.0,0.04347826086956519,False
3473,CUST07603,Loom,Open,Critical,Standard,,14.5,19.0,0.31034482758620685,False
3474,CUST06010,Confluence,Closed,Critical,Free,5.0,10.0,9.0,-0.09999999999999998,False
3475,CUST06166,Confluence,Open,High,Standard,,4.5,10.0,1.2222222222222223,False
3476,CUST07704,Bitbucket,Open,High,Free,,18.5,24.0,0.29729729729729737,False
3477,CUST00984,Jira,Closed,Low,Standard,3.0,32.0,32.5,0.015625,False
3478,CUST06459,Confluence,Closed,Critical,Premium,5.0,10.0,12.0,0.19999999999999996,False
3479,CUST07309,Confluence,Closed,Critical,Free,5.0,9.5,8.0,-0.1578947368421053,False
3480,CUST00099,Trello,Closed,Medium,Standard,1.0,22.0,23.0,0.045454545454545414,False
3481,CUST06328,Loom,Pending Customer Response,High,Standard,,11.0,15.0,0.36363636363636354,False
3482,CUST02634,Trello,Open,Medium,Premium,,17.0,22.5,0.32352941176470584,False
3483,CUST00385,Confluence,Pending Customer Response,Critical,Premium,,15.5,12.0,-0.22580645161290325,True
3484,CUST04997,Jira,Closed,High,Premium,5.0,25.0,22.5,-0.09999999999999998,False
3485,CUST02830,Jira,Pending Customer Response,High,Standard,,37.5,37.0,-0.013333333333333308,False
3486,CUST00071,Loom,Pending Customer Response,Critical,Standard,,10.0,9.0,-0.09999999999999998,False
3487,CUST07613,Bitbucket,Open,High,Enterprise,,22.5,24.0,0.06666666666666665,False
3488,CUST01527,Trello,Pending Customer Response,Medium,Standard,,42.5,36.0,-0.15294117647058825,False
3489,CUST00289,Trello,Open,Low,Standard,,12.5,12.0,-0.040000000000000036,False
3490,CUST02524,Loom,Closed,Medium,Standard,2.0,20.5,13.5,-0.3414634146341463,True
3491,CUST07824,Loom,Pending Customer Response,Low,Premium,,10.0,13.5,0.3500000000000001,False
3492,CUST04683,Trello,Pending Customer Response,Medium,Premium,,36.0,33.0,-0.08333333333333337,False
3493,CUST07212,Loom,Pending Customer Response,Medium,Premium,,18.0,21.0,0.16666666666666674,False
3494,CUST07005,Confluence,Pending Customer Response,Medium,Standard,,11.5,9.0,-0.21739130434782605,True
3495,CUST07108,Jira,Pending Customer Response,High,Premium,,21.0,20.5,-0.023809523809523836,False
3496,CUST03539,Bitbucket,Open,Critical,Standard,,17.0,17.0,0.0,False
3497,CUST07548,Trello,Open,High,Standard,,21.0,20.5,-0.023809523809523836,False
3498,CUST04863,Confluence,Pending Customer Response,Critical,Premium,,7.0,8.5,0.2142857142857142,False
3499,CUST01550,Confluence,Pending Customer Response,Critical,Free,,16.0,19.5,0.21875,False
3500,CUST00162,Jira,Pending Customer Response,Low,Premium,,15.5,16.5,0.06451612903225801,False
3501,CUST01890,Confluence,Open,Medium,Standard,,7.5,13.0,0.7333333333333334,False
3502,CUST00578,Loom,Pending Customer Response,Critical,Standard,,18.5,19.5,0.054054054054053946,False
3503,CUST06628,Confluence,Open,Medium,Standard,,11.5,17.0,0.4782608695652173,False
3504,CUST02467,Trello,Pending Customer Response,Medium,Enterprise,,22.0,24.0,0.09090909090909083,False
3505,CUST08119,Confluence,Open,Medium,Free,,7.5,10.0,0.33333333333333326,False
3506,CUST02808,Jira,Closed,Critical,Premium,2.0,23.5,20.0,-0.14893617021276595,False
3507,CUST02099,Trello,Pending Customer Response,Medium,Premium,,16.0,17.5,0.09375,False
3508,CUST05812,Confluence,Pending Customer Response,Medium,Free,,7.5,8.0,0.06666666666666665,False
3509,CUST01964,Loom,Open,Medium,Standard,,6.5,7.5,0.15384615384615374,False
3510,CUST01682,Trello,Open,Critical,Premium,,27.5,22.5,-0.18181818181818177,False
3511,CUST05954,Jira,Closed,Low,Standard,5.0,13.5,15.5,0.14814814814814814,False
3512,CUST04568,Confluence,Pending Customer Response,High,Premium,,12.0,13.5,0.125,False
3513,CUST06327,Confluence,Closed,High,Standard,1.0,11.0,11.0,0.0,False
3514,CUST04270,Jira,Closed,Low,Premium,1.0,40.0,32.0,-0.19999999999999996,False
3515,CUST06529,Confluence,Open,Medium,Enterprise,,19.0,22.5,0.18421052631578938,False
3516,CUST07241,Jira,Pending Customer Response,High,Premium,,18.5,21.0,0.1351351351351351,False
3517,CUST03590,Loom,Pending Customer Response,Medium,Standard,,17.0,14.5,-0.1470588235294118,False
3518,CUST04435,Confluence,Pending Customer Response,Low,Free,,11.0,11.5,0.045454545454545414,False
3519,CUST02083,Loom,Closed,Critical,Enterprise,2.0,3.0,5.0,0.6666666666666667,False
3520,CUST04219,Bitbucket,Closed,Critical,Enterprise,5.0,17.0,16.5,-0.02941176470588236,False
3521,CUST07903,Bitbucket,Open,Critical,Enterprise,,22.5,20.0,-0.11111111111111116,False
3522,CUST00736,Loom,Open,Medium,Standard,,6.0,12.0,1.0,False
3523,CUST06659,Bitbucket,Closed,Low,Standard,2.0,10.5,11.0,0.04761904761904767,False
3524,CUST01945,Loom,Closed,Critical,Premium,5.0,9.0,7.5,-0.16666666666666663,False
3525,CUST03342,Confluence,Closed,High,Standard,4.0,23.5,26.5,0.12765957446808507,False
3526,CUST04939,Confluence,Pending Customer Response,Critical,Free,,6.5,3.5,-0.46153846153846156,True
3527,CUST07485,Confluence,Closed,High,Premium,5.0,10.0,10.0,0.0,False
3528,CUST02670,Trello,Closed,Critical,Premium,2.0,19.0,25.5,0.3421052631578947,False
3529,CUST07160,Loom,Open,Critical,Free,,3.5,1.5,-0.5714285714285714,True
3530,CUST06231,Bitbucket,Open,Low,Free,,3.5,6.0,0.7142857142857142,False
3531,CUST04821,Trello,Pending Customer Response,Low,Premium,,16.5,19.0,0.1515151515151516,False
3532,CUST03453,Loom,Closed,Low,Standard,1.0,7.5,6.5,-0.1333333333333333,False
3533,CUST01442,Bitbucket,Pending Customer Response,High,Standard,,14.5,16.5,0.13793103448275867,False
3534,CUST04961,Trello,Closed,High,Free,1.0,20.5,20.0,-0.024390243902439046,False
3535,CUST03100,Jira,Open,Low,Enterprise,,19.5,22.5,0.15384615384615374,False
3536,CUST01712,Confluence,Open,High,Standard,,12.5,10.0,-0.19999999999999996,False
3537,CUST03403,Jira,Pending Customer Response,High,Standard,,18.5,19.5,0.054054054054053946,False
3538,CUST00623,Confluence,Open,High,Premium,,27.5,28.0,0.018181818181818077,False
3539,CUST01359,Bitbucket,Closed,Low,Premium,3.0,19.0,16.0,-0.1578947368421053,False
3540,CUST05951,Jira,Pending Customer Response,Critical,Enterprise,,11.0,17.0,0.5454545454545454,False
3541,CUST08164,Confluence,Closed,Low,Standard,5.0,10.0,13.5,0.3500000000000001,False
3542,CUST07588,Loom,Closed,Critical,Free,3.0,10.0,4.0,-0.6,True
3543,CUST02325,Confluence,Pending Customer Response,Medium,Enterprise,,26.0,23.0,-0.11538461538461542,False
3544,CUST03038,Confluence,Pending Customer Response,High,Standard,,12.5,16.5,0.32000000000000006,False
3545,CUST00482,Loom,Closed,Low,Standard,4.0,17.5,15.0,-0.1428571428571429,False
3546,CUST03136,Trello,Closed,Medium,Free,3.0,10.5,14.5,0.38095238095238093,False
3547,CUST07563,Trello,Open,Medium,Enterprise,,27.5,22.0,-0.19999999999999996,False
3548,CUST05539,Confluence,Pending Customer Response,High,Standard,,23.0,19.0,-0.17391304347826086,False
3549,CUST06979,Jira,Closed,Low,Premium,4.0,22.0,21.5,-0.022727272727272707,False
3550,CUST05814,Bitbucket,Pending Customer Response,Medium,Free,,10.0,14.0,0.3999999999999999,False
3551,CUST01220,Bitbucket,Pending Customer Response,Medium,Standard,,11.0,10.5,-0.045454545454545414,False
3552,CUST00700,Jira,Closed,Critical,Premium,1.0,22.0,24.0,0.09090909090909083,False
3553,CUST03065,Trello,Pending Customer Response,Low,Enterprise,,10.5,15.0,0.4285714285714286,False
3554,CUST02568,Loom,Closed,Low,Free,5.0,12.0,12.0,0.0,False
3555,CUST04821,Bitbucket,Open,Medium,Premium,,14.0,15.5,0.1071428571428572,False
3556,CUST00616,Loom,Open,Medium,Free,,9.0,8.0,-0.11111111111111116,False
3557,CUST02619,Trello,Pending Customer Response,Critical,Standard,,20.0,17.5,-0.125,False
3558,CUST02867,Loom,Pending Customer Response,Low,Premium,,10.5,8.5,-0.19047619047619047,False
3559,CUST00811,Confluence,Closed,Critical,Standard,1.0,13.5,11.0,-0.18518518518518523,False
3560,CUST05152,Trello,Open,Medium,Enterprise,,19.5,20.5,0.05128205128205132,False
3561,CUST00462,Trello,Closed,High,Standard,5.0,12.0,10.0,-0.16666666666666663,False
3562,CUST07654,Loom,Open,Low,Free,,6.5,2.5,-0.6153846153846154,True
3563,CUST05464,Bitbucket,Open,High,Premium,,16.0,22.0,0.375,False
3564,CUST01656,Loom,Closed,High,Premium,1.0,15.5,15.0,-0.032258064516129004,False
3565,CUST04825,Loom,Open,High,Free,,1.5,7.5,4.0,False
3566,CUST06817,Trello,Pending Customer Response,Critical,Standard,,14.0,14.0,0.0,False
3567,CUST04093,Loom,Pending Customer Response,Critical,Premium,,28.0,25.0,-0.1071428571428571,False
3568,CUST04842,Loom,Pending Customer Response,Critical,Free,,17.5,24.0,0.37142857142857144,False
3569,CUST06765,Loom,Closed,Medium,Standard,3.0,26.0,30.5,0.17307692307692313,False
3570,CUST03972,Confluence,Open,Low,Standard,,14.0,13.5,-0.0357142857142857,False
3571,CUST04278,Confluence,Open,Low,Premium,,43.0,42.0,-0.023255813953488413,False
3572,CUST05684,Jira,Closed,Low,Enterprise,2.0,56.5,55.0,-0.026548672566371723,False
3573,CUST03982,Jira,Open,Critical,Standard,,18.5,19.0,0.027027027027026973,False
3574,CUST07314,Jira,Open,High,Free,,13.0,12.0,-0.07692307692307687,False
3575,CUST04408,Bitbucket,Pending Customer Response,High,Standard,,26.5,21.5,-0.18867924528301883,False
3576,CUST00781,Loom,Closed,Low,Free,5.0,7.5,8.5,0.1333333333333333,False
3577,CUST04289,Loom,Closed,Medium,Premium,4.0,17.5,19.5,0.11428571428571432,False
3578,CUST01000,Confluence,Pending Customer Response,Medium,Free,,13.5,14.0,0.03703703703703698,False
3579,CUST01476,Loom,Closed,Critical,Enterprise,4.0,9.0,13.0,0.4444444444444444,False
3580,CUST04138,Trello,Closed,Critical,Free,3.0,8.0,8.0,0.0,False
3581,CUST08313,Confluence,Pending Customer Response,Low,Free,,5.0,11.5,1.2999999999999998,False
3582,CUST00744,Loom,Closed,Low,Standard,5.0,10.0,13.5,0.3500000000000001,False
3583,CUST04184,Jira,Closed,High,Premium,4.0,104.5,100.5,-0.038277511961722466,False
3584,CUST07779,Loom,Pending Customer Response,High,Standard,,8.5,13.0,0.5294117647058822,False
3585,CUST00637,Loom,Closed,Critical,Free,2.0,5.0,8.0,0.6000000000000001,False
3586,CUST06222,Trello,Open,Low,Free,,19.0,19.5,0.026315789473684292,False
3587,CUST01228,Jira,Closed,Medium,Standard,5.0,30.0,32.0,0.06666666666666665,False
3588,CUST01544,Jira,Pending Customer Response,Low,Premium,,21.5,16.0,-0.2558139534883721,True
3589,CUST06593,Trello,Open,High,Free,,7.0,10.0,0.4285714285714286,False
3590,CUST05150,Bitbucket,Closed,Low,Enterprise,2.0,42.5,41.0,-0.03529411764705881,False
3591,CUST01606,Confluence,Pending Customer Response,Low,Standard,,3.0,2.5,-0.16666666666666663,False
3592,CUST08022,Confluence,Closed,Low,Standard,2.0,6.5,11.5,0.7692307692307692,False
3593,CUST07827,Jira,Pending Customer Response,Critical,Enterprise,,9.5,7.5,-0.21052631578947367,True
3594,CUST02523,Jira,Pending Customer Response,Critical,Enterprise,,27.5,19.5,-0.2909090909090909,True
3595,CUST02578,Bitbucket,Closed,Low,Standard,5.0,16.0,12.0,-0.25,True
3596,CUST00140,Confluence,Pending Customer Response,Medium,Premium,,53.0,57.5,0.08490566037735858,False
3597,CUST03511,Confluence,Pending Customer Response,High,Enterprise,,10.5,6.5,-0.38095238095238093,True
3598,CUST05148,Trello,Pending Customer Response,Medium,Standard,,36.5,41.5,0.13698630136986312,False
3599,CUST05583,Trello,Closed,High,Free,5.0,16.0,13.0,-0.1875,False
3600,CUST05394,Bitbucket,Open,High,Premium,,13.5,10.5,-0.2222222222222222,True
3601,CUST02550,Trello,Closed,Critical,Standard,5.0,5.5,12.0,1.1818181818181817,False
3602,CUST02589,Bitbucket,Open,Medium,Free,,16.5,15.0,-0.09090909090909094,False
3603,CUST08191,Confluence,Open,Critical,Enterprise,,19.5,18.0,-0.07692307692307687,False
3604,CUST06382,Trello,Pending Customer Response,Critical,Standard,,20.0,15.0,-0.25,True
3605,CUST04242,Loom,Closed,Critical,Standard,3.0,3.5,12.0,2.4285714285714284,False
3606,CUST06411,Loom,Open,High,Free,,12.5,13.0,0.040000000000000036,False
3607,CUST00058,Confluence,Open,Medium,Enterprise,,29.5,25.0,-0.15254237288135597,False
3608,CUST02241,Confluence,Open,High,Standard,,21.5,23.5,0.09302325581395343,False
3609,CUST03815,Trello,Open,Low,Premium,,29.5,25.0,-0.15254237288135597,False
3610,CUST08264,Jira,Closed,High,Free,2.0,14.5,9.0,-0.3793103448275862,True
3611,CUST07696,Bitbucket,Pending Customer Response,Medium,Standard,,22.0,26.5,0.20454545454545459,False
3612,CUST06350,Trello,Open,Low,Free,,10.0,8.0,-0.19999999999999996,False
3613,CUST07049,Jira,Pending Customer Response,Low,Enterprise,,34.5,33.5,-0.02898550724637683,False
3614,CUST05773,Loom,Pending Customer Response,Medium,Enterprise,,7.0,3.5,-0.5,True
3615,CUST00608,Confluence,Open,High,Free,,18.0,12.5,-0.3055555555555556,True
3616,CUST02755,Loom,Open,Medium,Premium,,27.0,33.0,0.22222222222222232,False
3617,CUST03757,Trello,Open,High,Standard,,15.0,11.0,-0.2666666666666667,True
3618,CUST05734,Trello,Closed,Low,Premium,1.0,26.5,27.0,0.018867924528301883,False
3619,CUST06330,Bitbucket,Pending Customer Response,Medium,Premium,,42.0,38.5,-0.08333333333333337,False
3620,CUST07658,Confluence,Pending Customer Response,Critical,Standard,,27.0,21.5,-0.20370370370370372,True
3621,CUST01904,Jira,Pending Customer Response,Medium,Enterprise,,37.0,36.0,-0.027027027027026973,False
3622,CUST05553,Loom,Closed,High,Premium,3.0,8.0,8.5,0.0625,False
3623,CUST04921,Jira,Open,Low,Standard,,17.0,11.5,-0.32352941176470584,True
3624,CUST04012,Trello,Closed,Medium,Premium,3.0,44.5,37.0,-0.1685393258426966,False
3625,CUST03018,Loom,Open,High,Standard,,20.5,23.5,0.14634146341463405,False
3626,CUST07392,Loom,Open,Critical,Standard,,22.0,15.0,-0.31818181818181823,True
3627,CUST01665,Bitbucket,Pending Customer Response,High,Premium,,16.5,13.5,-0.18181818181818177,False
3628,CUST05586,Loom,Closed,High,Standard,5.0,14.5,10.0,-0.31034482758620685,True
3629,CUST01449,Jira,Open,Critical,Enterprise,,19.5,19.5,0.0,False
3630,CUST03492,Bitbucket,Open,High,Free,,11.5,17.5,0.5217391304347827,False
3631,CUST07662,Bitbucket,Pending Customer Response,High,Free,,11.5,13.5,0.17391304347826098,False
3632,CUST05382,Bitbucket,Pending Customer Response,Critical,Free,,16.5,14.0,-0.1515151515151515,False
3633,CUST02584,Bitbucket,Open,High,Enterprise,,27.5,30.0,0.09090909090909083,False
3634,CUST02250,Loom,Pending Customer Response,Medium,Enterprise,,25.0,25.5,0.020000000000000018,False
3635,CUST00309,Trello,Closed,Critical,Standard,3.0,25.0,25.5,0.020000000000000018,False
3636,CUST05558,Confluence,Open,Medium,Standard,,12.5,10.5,-0.16000000000000003,False
3637,CUST05318,Loom,Closed,Low,Standard,1.0,19.5,13.0,-0.33333333333333337,True
3638,CUST07106,Loom,Open,Critical,Free,,11.0,9.0,-0.18181818181818177,False
3639,CUST00885,Trello,Pending Customer Response,Medium,Premium,,19.0,18.0,-0.052631578947368474,False
3640,CUST04839,Trello,Pending Customer Response,Critical,Premium,,22.0,24.0,0.09090909090909083,False
3641,CUST02734,Loom,Open,Critical,Enterprise,,30.5,39.0,0.278688524590164,False
3642,CUST00649,Confluence,Pending Customer Response,Critical,Free,,4.0,6.5,0.625,False
3643,CUST07752,Jira,Pending Customer Response,Low,Standard,,28.0,28.0,0.0,False
3644,CUST06746,Loom,Open,Low,Premium,,14.5,17.0,0.17241379310344818,False
3645,CUST05484,Jira,Open,Medium,Free,,18.5,18.0,-0.027027027027026973,False
3646,CUST01692,Bitbucket,Closed,Low,Free,3.0,10.5,11.0,0.04761904761904767,False
3647,CUST07044,Bitbucket,Pending Customer Response,Critical,Enterprise,,21.0,21.5,0.023809523809523725,False
3648,CUST07514,Loom,Open,Medium,Free,,5.0,7.0,0.3999999999999999,False
3649,CUST02831,Jira,Closed,High,Free,3.0,8.0,12.0,0.5,False
3650,CUST02010,Bitbucket,Closed,Medium,Standard,5.0,9.0,9.0,0.0,False
3651,CUST07797,Confluence,Pending Customer Response,Medium,Standard,,11.0,12.0,0.09090909090909083,False
3652,CUST08215,Loom,Closed,Low,Standard,2.0,12.5,12.5,0.0,False
3653,CUST04559,Confluence,Closed,Medium,Enterprise,5.0,11.0,11.5,0.045454545454545414,False
3654,CUST05599,Jira,Open,Low,Free,,18.5,21.5,0.16216216216216206,False
3655,CUST04089,Trello,Closed,Medium,Free,3.0,7.5,6.5,-0.1333333333333333,False
3656,CUST02616,Loom,Pending Customer Response,Medium,Enterprise,,16.5,11.5,-0.303030303030303,True
3657,CUST03122,Jira,Closed,High,Enterprise,3.0,25.5,29.0,0.13725490196078427,False
3658,CUST07888,Jira,Closed,Low,Standard,1.0,29.5,29.0,-0.016949152542372836,False
3659,CUST05542,Bitbucket,Pending Customer Response,Medium,Enterprise,,31.0,37.5,0.20967741935483875,False
3660,CUST04066,Loom,Open,High,Standard,,15.5,17.0,0.09677419354838701,False
3661,CUST01325,Bitbucket,Open,Critical,Standard,,12.5,11.5,-0.07999999999999996,False
3662,CUST03190,Confluence,Open,Critical,Premium,,14.5,13.0,-0.10344827586206895,False
3663,CUST05388,Confluence,Pending Customer Response,Critical,Standard,,18.5,22.5,0.21621621621621623,False
3664,CUST02246,Jira,Open,Medium,Standard,,23.5,23.5,0.0,False
3665,CUST06485,Trello,Pending Customer Response,High,Standard,,27.0,27.0,0.0,False
3666,CUST05466,Confluence,Open,High,Free,,17.5,11.0,-0.37142857142857144,True
3667,CUST07606,Confluence,Open,Critical,Standard,,4.0,4.5,0.125,False
3668,CUST00501,Confluence,Closed,Critical,Free,3.0,22.5,28.5,0.2666666666666666,False
3669,CUST04916,Jira,Closed,Low,Standard,2.0,26.5,23.0,-0.13207547169811318,False
3670,CUST07077,Bitbucket,Open,High,Standard,,16.5,8.0,-0.5151515151515151,True
3671,CUST03360,Jira,Pending Customer Response,Medium,Free,,16.5,20.0,0.21212121212121215,False
3672,CUST04500,Trello,Pending Customer Response,Low,Standard,,12.5,12.5,0.0,False
3673,CUST00016,Loom,Closed,Critical,Enterprise,5.0,18.0,14.0,-0.2222222222222222,True
3674,CUST00297,Jira,Closed,Critical,Enterprise,4.0,19.0,15.0,-0.21052631578947367,True
3675,CUST04151,Bitbucket,Closed,High,Free,3.0,9.0,5.5,-0.38888888888888884,True
3676,CUST04436,Bitbucket,Closed,Medium,Free,4.0,14.0,17.0,0.2142857142857142,False
3677,CUST07562,Jira,Open,Low,Standard,,23.5,19.0,-0.19148936170212771,False
3678,CUST03033,Bitbucket,Pending Customer Response,High,Premium,,22.5,20.5,-0.0888888888888889,False
3679,CUST08060,Jira,Pending Customer Response,High,Enterprise,,34.0,34.5,0.014705882352941124,False
3680,CUST01118,Bitbucket,Open,Medium,Free,,9.0,9.5,0.05555555555555558,False
3681,CUST02605,Jira,Closed,Critical,Standard,1.0,21.5,17.5,-0.18604651162790697,False
3682,CUST01829,Confluence,Closed,Critical,Standard,4.0,14.0,11.5,-0.1785714285714286,False
3683,CUST01499,Jira,Pending Customer Response,High,Standard,,36.5,35.0,-0.04109589041095896,False
3684,CUST03339,Trello,Open,Medium,Standard,,20.0,19.5,-0.025000000000000022,False
3685,CUST04477,Loom,Pending Customer Response,Critical,Enterprise,,19.0,14.5,-0.23684210526315785,True
3686,CUST06306,Loom,Open,Critical,Standard,,22.5,18.5,-0.1777777777777778,False
3687,CUST02350,Jira,Pending Customer Response,Medium,Enterprise,,21.0,23.0,0.09523809523809534,False
3688,CUST05104,Confluence,Open,High,Standard,,9.5,10.5,0.10526315789473695,False
3689,CUST00116,Confluence,Open,Critical,Premium,,6.5,8.5,0.3076923076923077,False
3690,CUST01363,Jira,Open,Low,Premium,,30.0,29.0,-0.033333333333333326,False
3691,CUST05884,Confluence,Open,Medium,Premium,,34.5,26.0,-0.24637681159420288,True
3692,CUST06507,Confluence,Open,Medium,Standard,,21.0,20.5,-0.023809523809523836,False
3693,CUST00652,Trello,Closed,Low,Premium,3.0,11.5,15.0,0.30434782608695654,False
3694,CUST02179,Trello,Pending Customer Response,Medium,Free,,10.0,9.5,-0.050000000000000044,False
3695,CUST08119,Bitbucket,Closed,Critical,Free,5.0,17.0,16.0,-0.05882352941176472,False
3696,CUST05418,Trello,Open,High,Free,,11.5,7.5,-0.34782608695652173,True
3697,CUST04116,Confluence,Pending Customer Response,Critical,Standard,,8.0,10.5,0.3125,False
3698,CUST01093,Jira,Closed,Medium,Free,2.0,14.5,11.5,-0.2068965517241379,True
3699,CUST03547,Jira,Open,Low,Enterprise,,13.5,14.0,0.03703703703703698,False
3700,CUST06577,Bitbucket,Pending Customer Response,Critical,Standard,,23.0,27.5,0.19565217391304346,False
3701,CUST00796,Confluence,Closed,High,Standard,5.0,10.0,11.0,0.10000000000000009,False
3702,CUST00681,Loom,Closed,Critical,Premium,5.0,24.5,21.0,-0.1428571428571429,False
3703,CUST03010,Trello,Pending Customer Response,Critical,Standard,,11.5,13.5,0.17391304347826098,False
3704,CUST06725,Jira,Pending Customer Response,Low,Standard,,14.5,17.5,0.2068965517241379,False
3705,CUST08297,Trello,Open,Low,Enterprise,,11.0,20.0,0.8181818181818181,False
3706,CUST07621,Loom,Pending Customer Response,High,Premium,,10.5,8.0,-0.23809523809523814,True
3707,CUST04509,Confluence,Open,Critical,Free,,17.0,18.0,0.05882352941176472,False
3708,CUST07225,Loom,Closed,Low,Premium,3.0,19.5,15.5,-0.20512820512820518,True
3709,CUST04334,Jira,Open,Medium,Enterprise,,18.5,22.5,0.21621621621621623,False
3710,CUST07800,Bitbucket,Closed,Medium,Free,3.0,12.0,12.5,0.04166666666666674,False
3711,CUST06447,Bitbucket,Open,Critical,Standard,,21.0,19.0,-0.09523809523809523,False
3712,CUST04547,Loom,Open,Low,Standard,,5.0,7.5,0.5,False
3713,CUST01528,Trello,Pending Customer Response,High,Standard,,15.5,17.0,0.09677419354838701,False
3714,CUST03542,Jira,Pending Customer Response,Medium,Premium,,9.5,7.0,-0.26315789473684215,True
3715,CUST07076,Confluence,Open,Low,Standard,,14.0,16.0,0.1428571428571428,False
3716,CUST07817,Confluence,Pending Customer Response,Critical,Premium,,38.0,41.5,0.09210526315789469,False
3717,CUST06136,Confluence,Open,High,Premium,,24.5,23.5,-0.04081632653061229,False
3718,CUST03768,Confluence,Open,Critical,Standard,,30.5,25.0,-0.180327868852459,False
3719,CUST02588,Jira,Open,Medium,Standard,,19.5,19.0,-0.02564102564102566,False
3720,CUST05347,Bitbucket,Closed,Critical,Standard,3.0,20.0,11.5,-0.42500000000000004,True
3721,CUST01944,Loom,Open,Critical,Free,,11.0,5.5,-0.5,True
3722,CUST04364,Confluence,Closed,Medium,Premium,4.0,28.0,31.0,0.1071428571428572,False
3723,CUST04490,Loom,Open,Critical,Premium,,15.5,15.0,-0.032258064516129004,False
3724,CUST03748,Jira,Open,Medium,Premium,,26.5,26.5,0.0,False
3725,CUST08020,Loom,Pending Customer Response,High,Premium,,11.5,9.5,-0.17391304347826086,False
3726,CUST00042,Jira,Pending Customer Response,High,Premium,,20.5,20.0,-0.024390243902439046,False
3727,CUST05303,Jira,Closed,Medium,Standard,3.0,14.0,13.0,-0.0714285714285714,False
3728,CUST00474,Trello,Closed,Medium,Standard,3.0,26.5,30.5,0.15094339622641506,False
3729,CUST00918,Confluence,Open,High,Premium,,7.0,9.5,0.3571428571428572,False
3730,CUST00258,Trello,Pending Customer Response,Critical,Standard,,22.5,22.5,0.0,False
3731,CUST06221,Bitbucket,Pending Customer Response,Critical,Standard,,19.0,15.0,-0.21052631578947367,True
3732,CUST03790,Confluence,Closed,Critical,Premium,3.0,20.0,12.0,-0.4,True
3733,CUST00406,Trello,Pending Customer Response,Medium,Free,,11.5,11.0,-0.04347826086956519,False
3734,CUST06933,Confluence,Pending Customer Response,Low,Premium,,23.0,26.0,0.13043478260869557,False
3735,CUST06697,Loom,Pending Customer Response,Low,Standard,,9.0,6.5,-0.2777777777777778,True
3736,CUST03363,Loom,Pending Customer Response,Medium,Premium,,11.5,9.0,-0.21739130434782605,True
3737,CUST07063,Loom,Open,Medium,Standard,,10.0,9.5,-0.050000000000000044,False
3738,CUST03340,Loom,Open,Critical,Standard,,10.0,8.5,-0.15000000000000002,False
3739,CUST07267,Confluence,Closed,Low,Free,1.0,13.5,11.5,-0.14814814814814814,False
3740,CUST00896,Jira,Pending Customer Response,Medium,Standard,,19.5,16.5,-0.15384615384615385,False
3741,CUST01017,Trello,Pending Customer Response,Critical,Standard,,9.0,9.0,0.0,False
3742,CUST00207,Loom,Open,Low,Premium,,11.0,14.0,0.2727272727272727,False
3743,CUST00362,Jira,Pending Customer Response,Critical,Standard,,8.0,11.5,0.4375,False
3744,CUST04955,Jira,Closed,Low,Standard,3.0,18.5,21.0,0.1351351351351351,False
3745,CUST07946,Confluence,Closed,Low,Premium,3.0,21.0,21.5,0.023809523809523725,False
3746,CUST01927,Bitbucket,Pending Customer Response,Critical,Enterprise,,7.5,10.5,0.3999999999999999,False
3747,CUST05016,Loom,Open,Low,Enterprise,,35.0,28.5,-0.18571428571428572,False
3748,CUST06203,Confluence,Closed,High,Premium,2.0,46.0,43.0,-0.06521739130434778,False
3749,CUST07323,Confluence,Pending Customer Response,High,Free,,16.5,18.5,0.1212121212121211,False
3750,CUST07171,Bitbucket,Closed,Critical,Premium,5.0,12.5,16.5,0.32000000000000006,False
3751,CUST02563,Trello,Closed,Critical,Enterprise,1.0,26.5,19.0,-0.28301886792452835,True
3752,CUST04563,Loom,Pending Customer Response,Critical,Enterprise,,14.0,14.0,0.0,False
3753,CUST04263,Confluence,Pending Customer Response,Critical,Premium,,15.0,17.5,0.16666666666666674,False
3754,CUST02082,Trello,Open,High,Standard,,13.0,12.5,-0.038461538461538436,False
3755,CUST05183,Trello,Pending Customer Response,Low,Standard,,22.0,23.0,0.045454545454545414,False
3756,CUST04100,Confluence,Pending Customer Response,High,Free,,17.0,13.5,-0.20588235294117652,True
3757,CUST07337,Bitbucket,Open,Medium,Enterprise,,12.0,16.0,0.33333333333333326,False
3758,CUST01714,Confluence,Pending Customer Response,High,Standard,,9.0,10.5,0.16666666666666674,False
3759,CUST00937,Trello,Pending Customer Response,Critical,Standard,,8.0,16.0,1.0,False
3760,CUST01601,Bitbucket,Closed,Critical,Premium,4.0,6.5,10.0,0.5384615384615385,False
3761,CUST04102,Confluence,Pending Customer Response,Critical,Standard,,13.5,13.5,0.0,False
3762,CUST07644,Jira,Open,High,Premium,,10.5,12.5,0.19047619047619047,False
3763,CUST07665,Trello,Closed,High,Free,1.0,18.0,16.0,-0.11111111111111116,False
3764,CUST00960,Confluence,Open,Critical,Premium,,23.0,23.0,0.0,False
3765,CUST08208,Loom,Pending Customer Response,Critical,Standard,,8.0,7.5,-0.0625,False
3766,CUST03267,Trello,Closed,Medium,Standard,2.0,36.0,35.0,-0.02777777777777779,False
3767,CUST08232,Trello,Open,Low,Premium,,25.0,20.5,-0.18000000000000005,False
3768,CUST06248,Jira,Pending Customer Response,Medium,Free,,8.5,5.5,-0.3529411764705882,True
3769,CUST05820,Loom,Open,High,Premium,,11.0,7.5,-0.31818181818181823,True
3770,CUST05372,Confluence,Closed,High,Standard,3.0,9.0,7.0,-0.2222222222222222,True
3771,CUST04653,Jira,Closed,High,Enterprise,2.0,11.5,7.0,-0.3913043478260869,True
3772,CUST03223,Confluence,Pending Customer Response,Medium,Premium,,50.0,48.0,-0.040000000000000036,False
3773,CUST07539,Confluence,Closed,High,Standard,5.0,13.0,14.5,0.11538461538461542,False
3774,CUST07355,Jira,Closed,Medium,Premium,2.0,20.0,18.5,-0.07499999999999996,False
3775,CUST08039,Loom,Pending Customer Response,High,Standard,,7.0,8.0,0.1428571428571428,False
3776,CUST00103,Jira,Open,High,Standard,,14.5,14.5,0.0,False
3777,CUST02793,Trello,Open,High,Standard,,28.5,27.0,-0.052631578947368474,False
3778,CUST03092,Bitbucket,Open,High,Free,,19.5,15.0,-0.23076923076923073,True
3779,CUST06846,Trello,Open,High,Standard,,13.0,14.0,0.07692307692307687,False
3780,CUST07842,Confluence,Open,Low,Standard,,26.0,22.0,-0.15384615384615385,False
3781,CUST04807,Confluence,Pending Customer Response,Low,Standard,,13.5,11.0,-0.18518518518518523,False
3782,CUST05758,Bitbucket,Closed,Medium,Standard,3.0,38.0,36.0,-0.052631578947368474,False
3783,CUST05234,Loom,Open,Low,Enterprise,,10.5,7.0,-0.33333333333333337,True
3784,CUST05597,Bitbucket,Pending Customer Response,Medium,Free,,9.0,7.5,-0.16666666666666663,False
3785,CUST02276,Bitbucket,Pending Customer Response,High,Free,,9.0,12.0,0.33333333333333326,False
3786,CUST02002,Jira,Open,Critical,Free,,14.0,15.0,0.0714285714285714,False
3787,CUST02791,Jira,Closed,Medium,Premium,2.0,30.5,32.5,0.06557377049180335,False
3788,CUST02490,Jira,Pending Customer Response,Low,Premium,,28.0,30.0,0.0714285714285714,False
3789,CUST05191,Bitbucket,Closed,Medium,Premium,4.0,19.5,19.0,-0.02564102564102566,False
3790,CUST08185,Bitbucket,Closed,Low,Standard,2.0,14.0,11.0,-0.2142857142857143,True
3791,CUST02396,Jira,Closed,Critical,Premium,4.0,23.5,24.5,0.042553191489361764,False
3792,CUST04208,Jira,Open,Low,Premium,,7.0,5.5,-0.2142857142857143,True
3793,CUST02426,Bitbucket,Closed,High,Standard,3.0,31.5,32.0,0.015873015873015817,False
3794,CUST05143,Bitbucket,Open,High,Premium,,20.0,23.0,0.1499999999999999,False
3795,CUST01911,Confluence,Closed,Low,Standard,1.0,12.0,13.0,0.08333333333333326,False
3796,CUST06113,Jira,Closed,Medium,Standard,1.0,12.0,14.0,0.16666666666666674,False
3797,CUST05614,Trello,Open,Low,Standard,,8.5,6.0,-0.2941176470588235,True
3798,CUST07506,Bitbucket,Open,Medium,Standard,,15.0,11.0,-0.2666666666666667,True
3799,CUST04710,Confluence,Closed,Low,Standard,2.0,16.0,11.0,-0.3125,True
3800,CUST04933,Bitbucket,Closed,High,Enterprise,4.0,36.0,31.5,-0.125,False
3801,CUST00420,Jira,Pending Customer Response,Critical,Enterprise,,37.0,35.0,-0.05405405405405406,False
3802,CUST01924,Bitbucket,Open,High,Standard,,18.5,17.5,-0.05405405405405406,False
3803,CUST01850,Loom,Pending Customer Response,Low,Premium,,13.0,9.5,-0.2692307692307693,True
3804,CUST00156,Confluence,Pending Customer Response,Critical,Enterprise,,20.5,17.0,-0.1707317073170732,False
3805,CUST05909,Jira,Pending Customer Response,Critical,Standard,,9.0,15.5,0.7222222222222223,False
3806,CUST05285,Jira,Closed,Low,Standard,1.0,9.5,11.5,0.21052631578947367,False
3807,CUST04886,Confluence,Pending Customer Response,High,Standard,,17.5,17.5,0.0,False
3808,CUST03598,Loom,Open,Critical,Premium,,9.0,7.0,-0.2222222222222222,True
3809,CUST04361,Confluence,Pending Customer Response,Critical,Premium,,43.5,36.5,-0.16091954022988508,False
3810,CUST05994,Confluence,Open,Critical,Enterprise,,30.5,34.5,0.13114754098360648,False
3811,CUST04488,Trello,Closed,Critical,Standard,1.0,24.5,21.0,-0.1428571428571429,False
3812,CUST04412,Loom,Open,Critical,Premium,,29.5,27.0,-0.0847457627118644,False
3813,CUST07264,Jira,Open,High,Enterprise,,21.0,20.0,-0.04761904761904767,False
3814,CUST02680,Bitbucket,Pending Customer Response,Critical,Premium,,47.5,48.5,0.021052631578947434,False
3815,CUST06380,Confluence,Open,Critical,Premium,,5.0,8.0,0.6000000000000001,False
3816,CUST01010,Trello,Closed,High,Free,1.0,8.0,7.5,-0.0625,False
3817,CUST00384,Trello,Open,Medium,Premium,,19.5,19.0,-0.02564102564102566,False
3818,CUST07105,Bitbucket,Pending Customer Response,High,Premium,,17.0,14.0,-0.17647058823529416,False
3819,CUST01691,Trello,Pending Customer Response,Critical,Enterprise,,19.0,15.5,-0.1842105263157895,False
3820,CUST00693,Jira,Closed,High,Free,2.0,10.0,10.0,0.0,False
3821,CUST01090,Jira,Open,High,Standard,,15.0,15.5,0.03333333333333344,False
3822,CUST04641,Loom,Closed,Low,Enterprise,3.0,10.5,14.0,0.33333333333333326,False
3823,CUST01185,Trello,Open,Critical,Premium,,31.5,25.5,-0.19047619047619047,False
3824,CUST07018,Jira,Open,Low,Standard,,13.5,15.0,0.11111111111111116,False
3825,CUST00622,Bitbucket,Closed,Low,Premium,2.0,46.5,43.5,-0.06451612903225812,False
3826,CUST04793,Confluence,Open,Critical,Premium,,13.0,13.0,0.0,False
3827,CUST04561,Jira,Closed,Critical,Premium,3.0,19.0,16.5,-0.13157894736842102,False
3828,CUST03503,Confluence,Closed,High,Premium,3.0,24.5,21.5,-0.12244897959183676,False
3829,CUST04966,Bitbucket,Pending Customer Response,Medium,Enterprise,,8.5,9.0,0.05882352941176472,False
3830,CUST05018,Jira,Closed,High,Enterprise,5.0,37.5,32.5,-0.1333333333333333,False
3831,CUST00159,Bitbucket,Closed,Low,Premium,5.0,19.5,21.0,0.07692307692307687,False
3832,CUST01787,Trello,Open,High,Premium,,11.5,15.5,0.34782608695652173,False
3833,CUST06807,Bitbucket,Closed,Medium,Premium,2.0,17.0,12.5,-0.2647058823529411,True
3834,CUST03409,Loom,Closed,Critical,Standard,1.0,25.0,28.5,0.1399999999999999,False
3835,CUST05666,Trello,Closed,Low,Free,3.0,20.5,20.0,-0.024390243902439046,False
3836,CUST02517,Bitbucket,Pending Customer Response,Critical,Enterprise,,18.0,19.0,0.05555555555555558,False
3837,CUST04846,Trello,Closed,Medium,Standard,2.0,11.0,11.5,0.045454545454545414,False
3838,CUST05218,Bitbucket,Open,High,Standard,,13.5,8.0,-0.40740740740740744,True
3839,CUST03197,Jira,Open,High,Premium,,18.0,13.5,-0.25,True
3840,CUST03523,Confluence,Pending Customer Response,Low,Premium,,18.0,16.0,-0.11111111111111116,False
3841,CUST02029,Trello,Pending Customer Response,High,Enterprise,,20.0,22.5,0.125,False
3842,CUST04511,Jira,Pending Customer Response,Critical,Standard,,15.5,15.0,-0.032258064516129004,False
3843,CUST06880,Loom,Open,High,Enterprise,,28.5,29.0,0.01754385964912286,False
3844,CUST01398,Trello,Closed,Critical,Premium,3.0,8.0,9.0,0.125,False
3845,CUST08256,Confluence,Closed,Medium,Standard,3.0,9.0,16.0,0.7777777777777777,False
3846,CUST04851,Jira,Open,Medium,Premium,,20.5,19.0,-0.07317073170731703,False
3847,CUST02021,Loom,Open,High,Enterprise,,24.5,15.5,-0.36734693877551017,True
3848,CUST05863,Loom,Closed,Critical,Premium,3.0,25.5,27.5,0.07843137254901955,False
3849,CUST03081,Trello,Open,High,Free,,9.5,15.0,0.5789473684210527,False
3850,CUST04744,Jira,Pending Customer Response,Low,Premium,,11.0,14.5,0.3181818181818181,False
3851,CUST08258,Trello,Pending Customer Response,Critical,Premium,,7.5,10.5,0.3999999999999999,False
3852,CUST03408,Trello,Closed,High,Standard,4.0,14.5,14.5,0.0,False
3853,CUST00429,Trello,Pending Customer Response,Medium,Enterprise,,5.5,8.0,0.4545454545454546,False
3854,CUST01142,Trello,Closed,Low,Free,2.0,9.5,12.5,0.3157894736842106,False
3855,CUST03995,Jira,Open,Critical,Standard,,13.5,12.0,-0.11111111111111116,False
3856,CUST00581,Bitbucket,Open,Critical,Enterprise,,22.0,23.0,0.045454545454545414,False
3857,CUST04096,Loom,Open,Medium,Free,,5.5,14.0,1.5454545454545454,False
3858,CUST05938,Loom,Pending Customer Response,High,Standard,,25.5,21.5,-0.1568627450980392,False
3859,CUST01272,Trello,Closed,Medium,Free,3.0,8.0,3.0,-0.625,True
3860,CUST00060,Loom,Closed,High,Free,2.0,5.0,4.5,-0.09999999999999998,False
3861,CUST00551,Loom,Closed,Critical,Standard,2.0,12.5,6.5,-0.48,True
3862,CUST06046,Confluence,Open,Medium,Enterprise,,14.0,16.5,0.1785714285714286,False
3863,CUST02911,Trello,Closed,Critical,Free,2.0,4.5,4.5,0.0,False
3864,CUST03316,Bitbucket,Closed,Low,Premium,2.0,11.0,13.0,0.18181818181818188,False
3865,CUST03832,Loom,Open,Critical,Enterprise,,16.0,16.0,0.0,False
3866,CUST08041,Confluence,Pending Customer Response,High,Enterprise,,37.0,34.5,-0.06756756756756754,False
3867,CUST05770,Loom,Closed,Low,Standard,2.0,7.5,10.0,0.33333333333333326,False
3868,CUST04788,Confluence,Closed,Medium,Enterprise,4.0,14.0,11.5,-0.1785714285714286,False
3869,CUST01555,Trello,Open,High,Free,,2.0,4.0,1.0,False
3870,CUST06598,Jira,Pending Customer Response,Low,Premium,,22.5,21.0,-0.06666666666666665,False
3871,CUST03588,Confluence,Closed,Critical,Enterprise,5.0,16.0,14.0,-0.125,False
3872,CUST07892,Bitbucket,Open,Low,Free,,8.5,7.0,-0.17647058823529416,False
3873,CUST06318,Jira,Closed,Medium,Premium,2.0,24.0,27.0,0.125,False
3874,CUST02090,Jira,Open,Low,Free,,38.5,36.0,-0.06493506493506496,False
3875,CUST03323,Loom,Closed,Low,Premium,4.0,15.5,11.5,-0.25806451612903225,True
3876,CUST03659,Trello,Open,Low,Standard,,20.0,20.5,0.02499999999999991,False
3877,CUST05263,Trello,Closed,Critical,Premium,1.0,14.5,14.5,0.0,False
3878,CUST07692,Confluence,Open,Critical,Free,,4.0,1.5,-0.625,True
3879,CUST03597,Loom,Pending Customer Response,Critical,Enterprise,,12.5,10.5,-0.16000000000000003,False
3880,CUST07840,Confluence,Open,Critical,Premium,,33.5,33.0,-0.014925373134328401,False
3881,CUST07386,Bitbucket,Open,Low,Standard,,9.5,14.0,0.4736842105263157,False
3882,CUST01426,Confluence,Closed,High,Premium,5.0,14.5,16.5,0.13793103448275867,False
3883,CUST06167,Jira,Pending Customer Response,Low,Free,,12.0,13.0,0.08333333333333326,False
3884,CUST04091,Confluence,Open,Medium,Standard,,20.0,8.0,-0.6,True
3885,CUST07875,Confluence,Pending Customer Response,High,Standard,,5.0,8.5,0.7,False
3886,CUST00484,Bitbucket,Open,Medium,Standard,,24.5,26.5,0.08163265306122458,False
3887,CUST07432,Loom,Open,Low,Standard,,5.0,5.5,0.10000000000000009,False
3888,CUST01307,Jira,Closed,Low,Premium,2.0,33.5,33.5,0.0,False
3889,CUST05052,Confluence,Closed,Critical,Premium,4.0,23.0,25.5,0.10869565217391308,False
3890,CUST02555,Loom,Closed,Medium,Free,1.0,10.5,7.5,-0.2857142857142857,True
3891,CUST07612,Loom,Pending Customer Response,High,Free,,7.0,7.5,0.0714285714285714,False
3892,CUST01880,Jira,Closed,Medium,Standard,1.0,23.5,19.5,-0.17021276595744683,False
3893,CUST01567,Loom,Pending Customer Response,Critical,Standard,,14.5,16.5,0.13793103448275867,False
3894,CUST02112,Confluence,Closed,Critical,Enterprise,4.0,25.5,24.0,-0.05882352941176472,False
3895,CUST04757,Confluence,Open,Critical,Premium,,25.5,24.0,-0.05882352941176472,False
3896,CUST07790,Bitbucket,Closed,High,Premium,4.0,25.5,27.0,0.05882352941176472,False
3897,CUST01966,Confluence,Open,High,Free,,1.0,6.0,5.0,False
3898,CUST04418,Trello,Closed,Medium,Free,1.0,20.5,12.0,-0.41463414634146345,True
3899,CUST00059,Confluence,Pending Customer Response,Low,Free,,5.0,3.5,-0.30000000000000004,True
3900,CUST03947,Trello,Pending Customer Response,High,Premium,,7.0,7.5,0.0714285714285714,False
3901,CUST07774,Loom,Open,Medium,Premium,,8.5,14.5,0.7058823529411764,False
3902,CUST07153,Bitbucket,Pending Customer Response,High,Standard,,22.0,20.0,-0.09090909090909094,False
3903,CUST05742,Jira,Open,Critical,Enterprise,,18.5,15.5,-0.16216216216216217,False
3904,CUST07830,Trello,Closed,Critical,Enterprise,1.0,11.5,9.0,-0.21739130434782605,True
3905,CUST04071,Bitbucket,Pending Customer Response,Critical,Standard,,10.5,10.0,-0.04761904761904767,False
3906,CUST05230,Trello,Closed,Critical,Free,4.0,17.0,12.5,-0.2647058823529411,True
3907,CUST02569,Loom,Closed,Critical,Free,5.0,13.0,11.0,-0.15384615384615385,False
3908,CUST05892,Confluence,Open,High,Enterprise,,12.5,12.5,0.0,False
3909,CUST07512,Loom,Closed,High,Premium,1.0,22.5,19.0,-0.15555555555555556,False
3910,CUST03817,Bitbucket,Closed,High,Premium,1.0,21.5,14.5,-0.32558139534883723,True
3911,CUST03407,Confluence,Closed,Critical,Enterprise,5.0,23.5,23.0,-0.021276595744680882,False
3912,CUST05924,Bitbucket,Open,Low,Standard,,15.5,10.0,-0.3548387096774194,True
3913,CUST04917,Bitbucket,Closed,High,Free,5.0,6.5,11.5,0.7692307692307692,False
3914,CUST07000,Jira,Closed,High,Premium,3.0,20.5,16.0,-0.2195121951219512,True
3915,CUST04478,Trello,Pending Customer Response,High,Enterprise,,23.5,19.0,-0.19148936170212771,False
3916,CUST03298,Bitbucket,Open,Low,Premium,,18.0,15.0,-0.16666666666666663,False
3917,CUST03325,Loom,Closed,Critical,Free,4.0,7.0,3.0,-0.5714285714285714,True
3918,CUST00283,Jira,Closed,Medium,Standard,1.0,22.5,25.0,0.11111111111111116,False
3919,CUST03310,Bitbucket,Open,High,Premium,,19.0,17.5,-0.07894736842105265,False
3920,CUST01776,Bitbucket,Closed,Medium,Standard,3.0,27.0,24.0,-0.11111111111111116,False
3921,CUST01497,Loom,Open,Medium,Free,,7.5,7.0,-0.06666666666666665,False
3922,CUST03266,Trello,Pending Customer Response,Medium,Standard,,15.0,18.5,0.2333333333333334,False
3923,CUST05276,Bitbucket,Pending Customer Response,Low,Free,,12.5,10.5,-0.16000000000000003,False
3924,CUST08242,Jira,Open,Medium,Enterprise,,32.5,34.0,0.04615384615384621,False
3925,CUST01893,Bitbucket,Pending Customer Response,Medium,Standard,,20.5,21.5,0.04878048780487809,False
3926,CUST01720,Loom,Pending Customer Response,Low,Premium,,13.0,12.0,-0.07692307692307687,False
3927,CUST01718,Trello,Closed,Critical,Standard,3.0,22.5,22.5,0.0,False
3928,CUST00119,Loom,Pending Customer Response,Low,Standard,,14.0,12.0,-0.1428571428571429,False
3929,CUST07206,Confluence,Pending Customer Response,Low,Enterprise,,30.0,31.5,0.050000000000000044,False
3930,CUST00858,Bitbucket,Open,Critical,Standard,,26.5,25.5,-0.037735849056603765,False
3931,CUST03321,Bitbucket,Open,Low,Standard,,15.5,11.5,-0.25806451612903225,True
3932,CUST00999,Jira,Closed,High,Enterprise,5.0,15.5,13.0,-0.16129032258064513,False
3933,CUST03324,Jira,Open,High,Standard,,31.0,26.5,-0.14516129032258063,False
3934,CUST03785,Loom,Pending Customer Response,Medium,Standard,,12.5,10.0,-0.19999999999999996,False
3935,CUST05548,Confluence,Pending Customer Response,Medium,Premium,,28.0,27.5,-0.017857142857142905,False
3936,CUST04189,Loom,Pending Customer Response,Critical,Free,,4.0,7.0,0.75,False
3937,CUST00883,Jira,Pending Customer Response,High,Enterprise,,25.5,21.0,-0.17647058823529416,False
3938,CUST01122,Loom,Closed,Medium,Premium,2.0,20.0,16.0,-0.19999999999999996,False
3939,CUST00688,Trello,Open,High,Standard,,15.0,11.5,-0.23333333333333328,True
3940,CUST02051,Bitbucket,Closed,Critical,Standard,4.0,18.5,17.5,-0.05405405405405406,False
3941,CUST07902,Bitbucket,Open,Low,Premium,,26.0,21.0,-0.1923076923076923,False
3942,CUST06917,Confluence,Closed,High,Free,4.0,11.0,12.0,0.09090909090909083,False
3943,CUST02207,Bitbucket,Pending Customer Response,Critical,Standard,,28.5,23.5,-0.17543859649122806,False
3944,CUST01298,Bitbucket,Closed,High,Standard,4.0,21.0,19.0,-0.09523809523809523,False
3945,CUST03655,Loom,Closed,Critical,Free,5.0,5.5,3.5,-0.36363636363636365,True
3946,CUST02803,Bitbucket,Closed,High,Premium,3.0,21.5,19.0,-0.11627906976744184,False
3947,CUST02318,Loom,Closed,High,Standard,5.0,9.5,8.0,-0.1578947368421053,False
3948,CUST03433,Confluence,Open,Medium,Premium,,17.5,15.5,-0.11428571428571432,False
3949,CUST04517,Loom,Closed,High,Enterprise,4.0,9.5,7.5,-0.21052631578947367,True
3950,CUST02612,Loom,Pending Customer Response,Critical,Premium,,9.0,13.0,0.4444444444444444,False
3951,CUST00410,Trello,Closed,Medium,Enterprise,4.0,24.5,21.0,-0.1428571428571429,False
3952,CUST06658,Bitbucket,Open,Medium,Standard,,14.0,19.0,0.3571428571428572,False
3953,CUST01860,Confluence,Pending Customer Response,Medium,Standard,,9.5,10.5,0.10526315789473695,False
3954,CUST07956,Confluence,Open,Medium,Standard,,21.5,18.5,-0.13953488372093026,False
3955,CUST05277,Bitbucket,Closed,High,Standard,2.0,11.0,11.0,0.0,False
3956,CUST02066,Confluence,Pending Customer Response,Medium,Free,,3.5,6.0,0.7142857142857142,False
3957,CUST03242,Jira,Open,High,Standard,,11.5,12.0,0.04347826086956519,False
3958,CUST06641,Loom,Closed,High,Premium,1.0,10.0,9.0,-0.09999999999999998,False
3959,CUST00439,Confluence,Open,Low,Standard,,20.5,21.0,0.024390243902439046,False
3960,CUST08281,Loom,Open,Critical,Free,,10.5,6.0,-0.4285714285714286,True
3961,CUST01088,Jira,Closed,Critical,Free,2.0,9.0,3.5,-0.6111111111111112,True
3962,CUST06520,Confluence,Open,Medium,Premium,,13.5,10.0,-0.2592592592592593,True
3963,CUST04740,Loom,Open,Low,Free,,12.0,12.5,0.04166666666666674,False
3964,CUST02829,Loom,Open,Critical,Standard,,4.5,6.5,0.4444444444444444,False
3965,CUST02058,Bitbucket,Pending Customer Response,Low,Enterprise,,37.0,35.5,-0.04054054054054057,False
3966,CUST06409,Bitbucket,Closed,High,Standard,5.0,17.5,19.5,0.11428571428571432,False
3967,CUST00658,Confluence,Closed,Critical,Standard,2.0,24.0,23.0,-0.04166666666666663,False
3968,CUST03639,Bitbucket,Closed,Medium,Premium,3.0,25.5,22.5,-0.11764705882352944,False
3969,CUST08070,Loom,Closed,Medium,Standard,2.0,7.5,8.5,0.1333333333333333,False
3970,CUST06540,Jira,Closed,Critical,Standard,1.0,24.0,22.5,-0.0625,False
3971,CUST02651,Confluence,Pending Customer Response,Medium,Standard,,19.5,15.5,-0.20512820512820518,True
3972,CUST06911,Jira,Open,Medium,Standard,,11.0,10.5,-0.045454545454545414,False
3973,CUST06742,Jira,Open,Critical,Premium,,17.5,24.5,0.3999999999999999,False
3974,CUST07059,Jira,Open,Critical,Standard,,14.0,15.5,0.1071428571428572,False
3975,CUST08143,Trello,Pending Customer Response,High,Free,,10.5,12.5,0.19047619047619047,False
3976,CUST03301,Bitbucket,Closed,Medium,Premium,2.0,21.5,22.0,0.023255813953488413,False
3977,CUST03091,Trello,Closed,Medium,Standard,2.0,38.0,35.0,-0.07894736842105265,False
3978,CUST07023,Jira,Open,High,Standard,,23.0,23.0,0.0,False
3979,CUST03579,Trello,Open,Critical,Premium,,18.5,20.0,0.08108108108108114,False
3980,CUST04528,Loom,Closed,High,Premium,3.0,30.0,23.5,-0.21666666666666667,True
3981,CUST00488,Bitbucket,Closed,High,Free,3.0,17.5,16.0,-0.08571428571428574,False
3982,CUST01756,Jira,Pending Customer Response,Medium,Standard,,25.0,21.5,-0.14,False
3983,CUST01380,Jira,Pending Customer Response,Critical,Enterprise,,22.0,20.5,-0.06818181818181823,False
3984,CUST05895,Trello,Open,Critical,Standard,,11.5,10.5,-0.08695652173913049,False
3985,CUST03229,Jira,Closed,Critical,Premium,4.0,23.0,22.5,-0.021739130434782594,False
3986,CUST01731,Bitbucket,Open,High,Premium,,47.0,41.5,-0.11702127659574468,False
3987,CUST07695,Bitbucket,Open,Low,Standard,,20.5,18.0,-0.12195121951219512,False
3988,CUST02923,Jira,Closed,Critical,Premium,5.0,13.0,13.5,0.03846153846153855,False
3989,CUST06154,Trello,Open,Medium,Enterprise,,15.0,12.5,-0.16666666666666663,False
3990,CUST00341,Trello,Pending Customer Response,Critical,Free,,11.0,11.0,0.0,False
3991,CUST05806,Confluence,Pending Customer Response,High,Standard,,6.0,6.0,0.0,False
3992,CUST05971,Jira,Closed,Low,Free,1.0,15.5,11.5,-0.25806451612903225,True
3993,CUST04549,Loom,Closed,Critical,Enterprise,1.0,18.5,16.0,-0.1351351351351351,False
3994,CUST04745,Loom,Open,Low,Standard,,10.5,9.5,-0.09523809523809523,False
3995,CUST05656,Jira,Open,Low,Standard,,26.5,20.5,-0.2264150943396226,True
3996,CUST02567,Jira,Closed,Critical,Standard,4.0,24.0,26.5,0.10416666666666674,False
3997,CUST05403,Loom,Closed,Critical,Standard,5.0,14.5,19.0,0.31034482758620685,False
3998,CUST00511,Jira,Open,High,Premium,,34.0,30.5,-0.1029411764705882,False
3999,CUST07681,Trello,Closed,High,Enterprise,5.0,42.5,40.5,-0.04705882352941182,False
4000,CUST03951,Confluence,Pending Customer Response,Low,Standard,,18.5,19.5,0.054054054054053946,False
4001,CUST02947,Bitbucket,Closed,Medium,Standard,4.0,19.0,22.0,0.1578947368421053,False
4002,CUST01369,Bitbucket,Open,Critical,Enterprise,,20.5,23.0,0.12195121951219523,False
4003,CUST04975,Bitbucket,Closed,Medium,Enterprise,5.0,42.0,53.0,0.26190476190476186,False
4004,CUST01872,Bitbucket,Pending Customer Response,Critical,Free,,12.5,8.5,-0.31999999999999995,True
4005,CUST01863,Confluence,Closed,Critical,Premium,2.0,28.0,30.0,0.0714285714285714,False
4006,CUST04233,Bitbucket,Closed,Low,Standard,3.0,14.0,15.0,0.0714285714285714,False
4007,CUST04891,Trello,Pending Customer Response,Medium,Premium,,39.0,37.0,-0.05128205128205132,False
4008,CUST05172,Bitbucket,Pending Customer Response,Medium,Enterprise,,21.0,20.0,-0.04761904761904767,False
4009,CUST08209,Trello,Pending Customer Response,Low,Standard,,21.5,23.0,0.06976744186046502,False
4010,CUST00643,Bitbucket,Open,Low,Standard,,18.0,22.5,0.25,False
4011,CUST02737,Trello,Pending Customer Response,Medium,Standard,,54.5,57.5,0.05504587155963292,False
4012,CUST00109,Trello,Closed,High,Standard,1.0,28.5,29.5,0.03508771929824572,False
4013,CUST07812,Jira,Pending Customer Response,Medium,Premium,,14.5,18.5,0.27586206896551735,False
4014,CUST03002,Trello,Closed,Critical,Standard,2.0,10.0,11.0,0.10000000000000009,False
4015,CUST03387,Bitbucket,Closed,Medium,Premium,5.0,18.5,19.0,0.027027027027026973,False
4016,CUST06386,Bitbucket,Open,Critical,Standard,,11.0,12.5,0.13636363636363646,False
4017,CUST01938,Trello,Closed,Low,Free,3.0,2.5,6.5,1.6,False
4018,CUST08314,Confluence,Open,Low,Premium,,23.5,24.5,0.042553191489361764,False
4019,CUST07715,Trello,Open,Critical,Enterprise,,32.0,28.0,-0.125,False
4020,CUST00952,Jira,Closed,High,Enterprise,3.0,30.5,34.0,0.11475409836065564,False
4021,CUST05350,Bitbucket,Open,High,Free,,8.5,7.0,-0.17647058823529416,False
4022,CUST01410,Trello,Open,Medium,Premium,,10.0,7.5,-0.25,True
4023,CUST03599,Bitbucket,Closed,Critical,Enterprise,4.0,19.0,24.0,0.26315789473684204,False
4024,CUST02290,Bitbucket,Pending Customer Response,Critical,Free,,9.5,7.5,-0.21052631578947367,True
4025,CUST04569,Trello,Closed,Low,Standard,5.0,16.0,14.5,-0.09375,False
4026,CUST02395,Trello,Pending Customer Response,Critical,Standard,,14.5,14.0,-0.03448275862068961,False
4027,CUST01297,Bitbucket,Open,High,Standard,,7.0,13.5,0.9285714285714286,False
4028,CUST01109,Confluence,Open,Critical,Standard,,16.0,12.0,-0.25,True
4029,CUST07183,Confluence,Pending Customer Response,Low,Premium,,13.0,17.5,0.34615384615384626,False
4030,CUST05198,Confluence,Pending Customer Response,Medium,Free,,9.0,10.0,0.11111111111111116,False
4031,CUST05593,Trello,Open,Medium,Enterprise,,17.5,11.0,-0.37142857142857144,True
4032,CUST03470,Confluence,Pending Customer Response,High,Standard,,15.0,13.0,-0.1333333333333333,False
4033,CUST03761,Loom,Closed,High,Free,2.0,11.5,8.5,-0.26086956521739135,True
4034,CUST06970,Confluence,Pending Customer Response,Critical,Free,,10.5,8.0,-0.23809523809523814,True
4035,CUST05640,Loom,Pending Customer Response,Low,Premium,,10.0,9.5,-0.050000000000000044,False
4036,CUST07222,Jira,Closed,Medium,Enterprise,5.0,21.0,18.0,-0.1428571428571429,False
4037,CUST07699,Trello,Pending Customer Response,Medium,Standard,,30.5,30.5,0.0,False
4038,CUST02485,Bitbucket,Pending Customer Response,Low,Standard,,16.5,19.5,0.18181818181818188,False
4039,CUST00160,Confluence,Closed,High,Standard,3.0,16.5,16.0,-0.030303030303030276,False
4040,CUST07515,Bitbucket,Closed,Medium,Standard,1.0,19.0,16.5,-0.13157894736842102,False
4041,CUST03869,Trello,Open,Critical,Standard,,24.0,21.0,-0.125,False
4042,CUST04888,Trello,Closed,Critical,Free,5.0,4.5,8.0,0.7777777777777777,False
4043,CUST04427,Bitbucket,Closed,High,Standard,2.0,18.5,16.5,-0.10810810810810811,False
4044,CUST00564,Bitbucket,Closed,Critical,Standard,5.0,11.5,18.0,0.5652173913043479,False
4045,CUST01212,Confluence,Open,Critical,Free,,5.5,5.0,-0.09090909090909094,False
4046,CUST07554,Confluence,Open,Critical,Standard,,4.5,3.5,-0.2222222222222222,True
4047,CUST02504,Jira,Pending Customer Response,Low,Free,,13.0,12.5,-0.038461538461538436,False
4048,CUST01518,Trello,Closed,Critical,Premium,4.0,23.0,25.5,0.10869565217391308,False
4049,CUST07600,Bitbucket,Closed,Medium,Standard,1.0,14.5,12.0,-0.1724137931034483,False
4050,CUST05550,Loom,Pending Customer Response,Critical,Standard,,5.0,1.0,-0.8,True
4051,CUST01136,Confluence,Open,High,Premium,,23.5,16.5,-0.2978723404255319,True
4052,CUST04668,Confluence,Pending Customer Response,Low,Standard,,14.0,13.5,-0.0357142857142857,False
4053,CUST01067,Bitbucket,Pending Customer Response,Low,Standard,,26.5,26.5,0.0,False
4054,CUST05919,Trello,Pending Customer Response,Medium,Standard,,13.5,12.0,-0.11111111111111116,False
4055,CUST01546,Trello,Open,Critical,Premium,,13.0,10.5,-0.1923076923076923,False
4056,CUST03144,Loom,Open,Medium,Standard,,13.5,19.5,0.4444444444444444,False
4057,CUST07010,Loom,Open,Critical,Standard,,4.5,12.5,1.7777777777777777,False
4058,CUST04574,Bitbucket,Pending Customer Response,High,Enterprise,,26.0,16.0,-0.3846153846153846,True
4059,CUST01168,Bitbucket,Closed,Medium,Free,4.0,11.5,12.0,0.04347826086956519,False
4060,CUST07678,Loom,Open,Low,Premium,,9.5,5.5,-0.42105263157894735,True
4061,CUST06750,Jira,Closed,Low,Premium,2.0,16.0,17.0,0.0625,False
4062,CUST03464,Trello,Closed,Low,Enterprise,5.0,32.0,39.0,0.21875,False
4063,CUST06059,Trello,Open,Medium,Premium,,25.0,25.5,0.020000000000000018,False
4064,CUST00797,Loom,Closed,High,Free,2.0,10.0,5.5,-0.44999999999999996,True
4065,CUST06944,Loom,Closed,High,Standard,2.0,12.5,18.0,0.43999999999999995,False
4066,CUST02536,Jira,Open,Low,Premium,,21.5,22.0,0.023255813953488413,False
4067,CUST07676,Trello,Closed,High,Standard,5.0,12.0,13.0,0.08333333333333326,False
4068,CUST01048,Jira,Pending Customer Response,High,Standard,,12.0,12.0,0.0,False
4069,CUST02347,Jira,Closed,Low,Enterprise,5.0,32.0,30.5,-0.046875,False
4070,CUST04897,Confluence,Closed,Critical,Free,1.0,10.5,8.5,-0.19047619047619047,False
4071,CUST00673,Loom,Open,Critical,Premium,,15.0,16.0,0.06666666666666665,False
4072,CUST00806,Jira,Pending Customer Response,High,Free,,19.0,17.0,-0.10526315789473684,False
4073,CUST04094,Jira,Pending Customer Response,Low,Free,,6.5,6.5,0.0,False
4074,CUST01502,Jira,Open,Medium,Premium,,10.0,8.0,-0.19999999999999996,False
4075,CUST00379,Confluence,Closed,High,Premium,4.0,17.0,17.5,0.02941176470588225,False
4076,CUST06240,Trello,Open,High,Standard,,11.0,5.0,-0.5454545454545454,True
4077,CUST02134,Loom,Pending Customer Response,Critical,Standard,,11.5,11.0,-0.04347826086956519,False
4078,CUST00790,Bitbucket,Closed,Critical,Premium,2.0,32.5,30.0,-0.07692307692307687,False
4079,CUST01346,Bitbucket,Pending Customer Response,Medium,Enterprise,,18.5,15.5,-0.16216216216216217,False
4080,CUST04752,Confluence,Closed,High,Standard,2.0,8.5,13.0,0.5294117647058822,False
4081,CUST04823,Confluence,Closed,High,Standard,3.0,22.5,27.0,0.19999999999999996,False
4082,CUST06187,Trello,Pending Customer Response,High,Enterprise,,18.5,14.0,-0.2432432432432432,True
4083,CUST00444,Loom,Open,Medium,Premium,,26.5,24.5,-0.07547169811320753,False
4084,CUST05902,Trello,Pending Customer Response,Critical,Standard,,8.5,9.5,0.11764705882352944,False
4085,CUST01059,Confluence,Pending Customer Response,High,Standard,,19.0,14.5,-0.23684210526315785,True
4086,CUST08052,Bitbucket,Pending Customer Response,Critical,Enterprise,,31.0,29.0,-0.06451612903225812,False
4087,CUST04644,Jira,Pending Customer Response,Medium,Standard,,16.5,17.5,0.06060606060606055,False
4088,CUST07989,Jira,Open,Medium,Standard,,6.5,6.5,0.0,False
4089,CUST07814,Jira,Open,Critical,Free,,14.0,12.0,-0.1428571428571429,False
4090,CUST04602,Bitbucket,Closed,Critical,Premium,2.0,28.5,30.0,0.05263157894736836,False
4091,CUST06639,Confluence,Open,Medium,Standard,,16.5,20.0,0.21212121212121215,False
4092,CUST04738,Jira,Closed,High,Free,5.0,20.0,16.0,-0.19999999999999996,False
4093,CUST05048,Confluence,Open,High,Standard,,24.5,28.5,0.16326530612244894,False
4094,CUST03920,Jira,Open,High,Premium,,26.5,27.0,0.018867924528301883,False
4095,CUST02641,Trello,Pending Customer Response,Medium,Free,,8.5,10.0,0.17647058823529416,False
4096,CUST08100,Trello,Pending Customer Response,High,Standard,,19.5,22.5,0.15384615384615374,False
4097,CUST06906,Confluence,Open,Low,Enterprise,,7.0,8.5,0.2142857142857142,False
4098,CUST06935,Jira,Open,Medium,Standard,,12.0,17.5,0.45833333333333326,False
4099,CUST02064,Bitbucket,Open,Critical,Premium,,9.5,6.5,-0.3157894736842105,True
4100,CUST07270,Jira,Open,Medium,Standard,,16.5,18.5,0.1212121212121211,False
4101,CUST08078,Jira,Pending Customer Response,Medium,Premium,,80.0,79.5,-0.006249999999999978,False
4102,CUST05252,Confluence,Open,Medium,Free,,5.5,6.0,0.09090909090909083,False
4103,CUST02287,Jira,Closed,Critical,Standard,5.0,32.0,30.0,-0.0625,False
4104,CUST00517,Loom,Pending Customer Response,Low,Standard,,19.0,14.0,-0.26315789473684215,True
4105,CUST04217,Trello,Open,Medium,Standard,,12.0,8.0,-0.33333333333333337,True
4106,CUST06553,Confluence,Open,Medium,Standard,,10.5,6.5,-0.38095238095238093,True
4107,CUST07273,Loom,Open,High,Standard,,10.5,7.5,-0.2857142857142857,True
4108,CUST04987,Trello,Pending Customer Response,Critical,Premium,,11.5,5.0,-0.5652173913043479,True
4109,CUST05590,Confluence,Open,Critical,Free,,8.5,3.5,-0.5882352941176471,True
4110,CUST00180,Bitbucket,Open,Low,Premium,,8.0,9.5,0.1875,False
4111,CUST06563,Confluence,Closed,Critical,Standard,4.0,18.5,19.5,0.054054054054053946,False
4112,CUST03402,Trello,Closed,Low,Free,1.0,19.5,15.0,-0.23076923076923073,True
4113,CUST00223,Jira,Open,Low,Premium,,18.5,23.0,0.2432432432432432,False
4114,CUST00837,Trello,Open,Low,Free,,8.5,5.0,-0.4117647058823529,True
4115,CUST01478,Trello,Pending Customer Response,Critical,Standard,,18.0,19.0,0.05555555555555558,False
4116,CUST01696,Confluence,Open,Low,Standard,,28.5,27.5,-0.03508771929824561,False
4117,CUST07043,Bitbucket,Pending Customer Response,High,Premium,,19.0,18.5,-0.02631578947368418,False
4118,CUST01473,Confluence,Pending Customer Response,High,Free,,4.0,11.5,1.875,False
4119,CUST03742,Confluence,Pending Customer Response,Critical,Enterprise,,30.0,33.5,0.1166666666666667,False
4120,CUST04637,Loom,Closed,High,Premium,5.0,27.0,20.5,-0.2407407407407407,True
4121,CUST01889,Jira,Closed,High,Standard,4.0,5.5,2.5,-0.5454545454545454,True
4122,CUST06964,Confluence,Pending Customer Response,Low,Premium,,20.5,19.5,-0.04878048780487809,False
4123,CUST02199,Jira,Closed,High,Standard,2.0,10.0,13.0,0.30000000000000004,False
4124,CUST00735,Bitbucket,Closed,Critical,Free,4.0,12.5,9.0,-0.28,True
4125,CUST07125,Confluence,Open,Low,Free,,9.5,9.5,0.0,False
4126,CUST03517,Bitbucket,Pending Customer Response,Low,Free,,22.5,22.0,-0.022222222222222254,False
4127,CUST06762,Confluence,Closed,Medium,Premium,3.0,32.5,32.0,-0.01538461538461533,False
4128,CUST08213,Jira,Pending Customer Response,High,Standard,,16.5,22.5,0.36363636363636354,False
4129,CUST07356,Jira,Closed,Low,Enterprise,2.0,20.0,24.0,0.19999999999999996,False
4130,CUST01757,Trello,Open,Critical,Standard,,7.5,8.5,0.1333333333333333,False
4131,CUST00291,Jira,Closed,Critical,Premium,3.0,22.5,20.5,-0.0888888888888889,False
4132,CUST03461,Loom,Closed,Medium,Enterprise,4.0,14.0,16.5,0.1785714285714286,False
4133,CUST02262,Trello,Open,Critical,Standard,,25.0,27.0,0.08000000000000007,False
4134,CUST02742,Loom,Closed,High,Premium,4.0,18.5,17.0,-0.08108108108108103,False
4135,CUST03366,Jira,Closed,High,Premium,4.0,21.0,16.5,-0.2142857142857143,True
4136,CUST02656,Trello,Pending Customer Response,Critical,Premium,,22.5,20.5,-0.0888888888888889,False
4137,CUST02935,Loom,Closed,High,Enterprise,5.0,8.0,6.5,-0.1875,False
4138,CUST03000,Trello,Open,High,Premium,,16.0,16.0,0.0,False
4139,CUST00874,Trello,Pending Customer Response,Low,Free,,10.0,7.0,-0.30000000000000004,True
4140,CUST05998,Loom,Pending Customer Response,High,Free,,14.5,10.5,-0.27586206896551724,True
4141,CUST05053,Confluence,Open,Medium,Standard,,11.0,13.0,0.18181818181818188,False
4142,CUST07011,Confluence,Pending Customer Response,Medium,Premium,,21.0,26.5,0.26190476190476186,False
4143,CUST06693,Jira,Pending Customer Response,Critical,Free,,16.0,12.0,-0.25,True
4144,CUST04843,Loom,Open,Critical,Premium,,19.5,14.5,-0.2564102564102564,True
4145,CUST04671,Bitbucket,Open,Medium,Enterprise,,9.0,9.0,0.0,False
4146,CUST04657,Trello,Closed,Critical,Standard,1.0,10.5,12.5,0.19047619047619047,False
4147,CUST03380,Jira,Pending Customer Response,Medium,Standard,,16.5,11.5,-0.303030303030303,True
4148,CUST04771,Trello,Closed,Medium,Standard,1.0,14.0,14.5,0.03571428571428581,False
4149,CUST01151,Jira,Closed,Critical,Standard,2.0,12.0,7.0,-0.41666666666666663,True
4150,CUST01264,Trello,Pending Customer Response,Low,Enterprise,,17.0,20.0,0.17647058823529416,False
4151,CUST05904,Jira,Closed,Critical,Premium,2.0,5.0,11.0,1.2000000000000002,False
4152,CUST07582,Jira,Closed,Low,Free,4.0,27.5,27.5,0.0,False
4153,CUST03751,Loom,Closed,High,Standard,1.0,10.0,11.0,0.10000000000000009,False
4154,CUST00924,Bitbucket,Open,High,Premium,,28.5,25.0,-0.1228070175438597,False
4155,CUST01654,Bitbucket,Open,High,Premium,,39.5,44.5,0.12658227848101267,False
4156,CUST02548,Loom,Pending Customer Response,Medium,Enterprise,,19.5,18.5,-0.05128205128205132,False
4157,CUST06738,Loom,Pending Customer Response,High,Free,,4.5,3.0,-0.33333333333333337,True
4158,CUST01536,Trello,Open,High,Free,,10.5,10.5,0.0,False
4159,CUST04380,Loom,Pending Customer Response,Critical,Free,,7.5,10.5,0.3999999999999999,False
4160,CUST05956,Loom,Pending Customer Response,Medium,Standard,,8.5,8.5,0.0,False
4161,CUST02264,Jira,Pending Customer Response,Critical,Standard,,11.5,7.0,-0.3913043478260869,True
4162,CUST00036,Bitbucket,Pending Customer Response,Low,Enterprise,,30.5,29.0,-0.049180327868852514,False
4163,CUST06706,Trello,Closed,Critical,Standard,1.0,14.0,10.0,-0.2857142857142857,True
4164,CUST06491,Trello,Open,Medium,Standard,,17.0,14.5,-0.1470588235294118,False
4165,CUST02060,Bitbucket,Pending Customer Response,High,Enterprise,,22.5,26.0,0.15555555555555545,False
4166,CUST01036,Loom,Pending Customer Response,Critical,Standard,,3.5,2.0,-0.4285714285714286,True
4167,CUST04954,Bitbucket,Pending Customer Response,Low,Standard,,13.5,16.0,0.18518518518518512,False
4168,CUST03800,Bitbucket,Closed,Critical,Standard,2.0,8.0,8.0,0.0,False
4169,CUST02674,Bitbucket,Pending Customer Response,Critical,Standard,,25.0,25.5,0.020000000000000018,False
4170,CUST00164,Trello,Closed,Medium,Enterprise,5.0,58.0,58.5,0.008620689655172376,False
4171,CUST07255,Trello,Pending Customer Response,Medium,Standard,,17.0,18.0,0.05882352941176472,False
4172,CUST01148,Loom,Pending Customer Response,High,Premium,,5.0,4.0,-0.19999999999999996,False
4173,CUST06758,Trello,Pending Customer Response,Critical,Standard,,31.0,36.0,0.16129032258064524,False
4174,CUST00004,Bitbucket,Open,Medium,Enterprise,,38.0,40.0,0.05263157894736836,False
4175,CUST05931,Confluence,Pending Customer Response,Medium,Enterprise,,13.0,11.0,-0.15384615384615385,False
4176,CUST04390,Jira,Open,Low,Premium,,8.5,14.0,0.6470588235294117,False
4177,CUST05208,Jira,Open,Low,Standard,,14.0,9.0,-0.3571428571428571,True
4178,CUST00331,Bitbucket,Open,Medium,Premium,,29.0,32.0,0.10344827586206895,False
4179,CUST07948,Bitbucket,Closed,Low,Free,4.0,8.5,12.5,0.47058823529411775,False
4180,CUST03074,Bitbucket,Open,Critical,Standard,,11.5,5.0,-0.5652173913043479,True
4181,CUST04074,Trello,Open,Medium,Free,,9.5,7.5,-0.21052631578947367,True
4182,CUST06948,Bitbucket,Pending Customer Response,Medium,Enterprise,,18.5,21.5,0.16216216216216206,False
4183,CUST06504,Bitbucket,Open,Medium,Standard,,51.5,55.5,0.07766990291262132,False
4184,CUST06990,Trello,Pending Customer Response,Medium,Free,,5.0,2.5,-0.5,True
4185,CUST03909,Jira,Open,High,Premium,,48.0,44.5,-0.07291666666666663,False
4186,CUST06398,Bitbucket,Pending Customer Response,High,Premium,,21.5,22.5,0.04651162790697683,False
4187,CUST03628,Loom,Pending Customer Response,Critical,Standard,,3.0,6.0,1.0,False
4188,CUST00590,Trello,Pending Customer Response,Low,Standard,,12.0,11.0,-0.08333333333333337,False
4189,CUST05205,Loom,Pending Customer Response,Low,Premium,,11.5,13.0,0.13043478260869557,False
4190,CUST02879,Loom,Pending Customer Response,High,Standard,,10.0,9.5,-0.050000000000000044,False
4191,CUST07525,Trello,Open,Critical,Enterprise,,15.5,12.0,-0.22580645161290325,True
4192,CUST00238,Trello,Pending Customer Response,Medium,Standard,,15.0,14.5,-0.033333333333333326,False
4193,CUST06091,Bitbucket,Closed,Critical,Standard,3.0,4.0,5.0,0.25,False
4194,CUST02251,Bitbucket,Open,Critical,Premium,,14.5,12.0,-0.1724137931034483,False
4195,CUST03457,Confluence,Pending Customer Response,Medium,Standard,,24.5,27.5,0.12244897959183665,False
4196,CUST00698,Jira,Pending Customer Response,Critical,Free,,20.0,24.5,0.2250000000000001,False
4197,CUST04981,Jira,Pending Customer Response,Medium,Standard,,21.0,21.0,0.0,False
4198,CUST07403,Bitbucket,Pending Customer Response,Critical,Standard,,39.0,38.0,-0.02564102564102566,False
4199,CUST04090,Jira,Pending Customer Response,Medium,Standard,,15.5,11.5,-0.25806451612903225,True
4200,CUST02880,Bitbucket,Pending Customer Response,Critical,Premium,,27.5,26.0,-0.054545454545454564,False
4201,CUST03967,Jira,Closed,Medium,Standard,4.0,23.5,22.5,-0.04255319148936165,False
4202,CUST01132,Jira,Pending Customer Response,Critical,Premium,,27.0,20.5,-0.2407407407407407,True
4203,CUST00220,Trello,Pending Customer Response,Medium,Premium,,38.0,44.5,0.17105263157894735,False
4204,CUST02441,Trello,Open,High,Standard,,15.0,17.5,0.16666666666666674,False
4205,CUST07526,Bitbucket,Pending Customer Response,High,Enterprise,,16.0,19.0,0.1875,False
4206,CUST02952,Trello,Open,Critical,Premium,,22.0,28.5,0.2954545454545454,False
4207,CUST05443,Jira,Open,High,Free,,12.0,13.5,0.125,False
4208,CUST00704,Jira,Open,Medium,Standard,,23.0,22.0,-0.04347826086956519,False
4209,CUST02448,Confluence,Pending Customer Response,High,Standard,,30.5,38.0,0.24590163934426235,False
4210,CUST03536,Trello,Pending Customer Response,Medium,Premium,,17.0,17.5,0.02941176470588225,False
4211,CUST00211,Trello,Closed,Critical,Free,1.0,14.5,9.5,-0.3448275862068966,True
4212,CUST07618,Confluence,Closed,Low,Free,1.0,14.0,12.5,-0.1071428571428571,False
4213,CUST06122,Loom,Open,High,Enterprise,,18.5,21.0,0.1351351351351351,False
4214,CUST05624,Confluence,Closed,Low,Standard,4.0,15.5,15.5,0.0,False
4215,CUST01735,Confluence,Pending Customer Response,High,Free,,5.5,7.5,0.36363636363636354,False
4216,CUST00948,Loom,Open,High,Enterprise,,15.5,19.5,0.25806451612903225,False
4217,CUST08085,Loom,Pending Customer Response,High,Premium,,14.5,14.0,-0.03448275862068961,False
4218,CUST07350,Jira,Closed,Low,Standard,4.0,36.0,32.5,-0.09722222222222221,False
4219,CUST06038,Jira,Open,Medium,Free,,7.5,5.0,-0.33333333333333337,True
4220,CUST04209,Jira,Pending Customer Response,Medium,Standard,,25.0,19.5,-0.21999999999999997,True
4221,CUST08271,Loom,Pending Customer Response,High,Standard,,26.5,24.5,-0.07547169811320753,False
4222,CUST01400,Trello,Pending Customer Response,High,Premium,,14.5,12.5,-0.13793103448275867,False
4223,CUST04054,Jira,Pending Customer Response,Critical,Enterprise,,30.0,30.0,0.0,False
4224,CUST00611,Trello,Pending Customer Response,Critical,Premium,,21.5,19.5,-0.09302325581395354,False
4225,CUST05639,Trello,Pending Customer Response,Medium,Standard,,22.5,20.0,-0.11111111111111116,False
4226,CUST07030,Jira,Pending Customer Response,Low,Premium,,19.5,19.0,-0.02564102564102566,False
4227,CUST03103,Jira,Pending Customer Response,Low,Premium,,19.5,22.5,0.15384615384615374,False
4228,CUST00548,Jira,Open,High,Premium,,13.0,13.0,0.0,False
4229,CUST08274,Confluence,Open,Critical,Premium,,19.0,20.5,0.07894736842105265,False
4230,CUST01439,Trello,Closed,Critical,Standard,4.0,19.0,21.0,0.10526315789473695,False
4231,CUST05560,Loom,Open,High,Standard,,11.5,12.5,0.08695652173913038,False
4232,CUST03400,Trello,Closed,Critical,Enterprise,3.0,40.0,37.0,-0.07499999999999996,False
4233,CUST04396,Trello,Pending Customer Response,Medium,Standard,,14.5,16.5,0.13793103448275867,False
4234,CUST06215,Trello,Closed,High,Standard,1.0,10.5,14.5,0.38095238095238093,False
4235,CUST03989,Confluence,Closed,High,Premium,1.0,27.5,23.5,-0.1454545454545455,False
4236,CUST02338,Bitbucket,Closed,Critical,Standard,1.0,19.0,20.0,0.05263157894736836,False
4237,CUST02447,Jira,Pending Customer Response,High,Standard,,24.0,24.5,0.02083333333333326,False
4238,CUST02443,Loom,Closed,Low,Standard,1.0,13.5,10.5,-0.2222222222222222,True
4239,CUST06891,Jira,Pending Customer Response,Critical,Standard,,25.0,26.0,0.040000000000000036,False
4240,CUST07998,Trello,Closed,Critical,Premium,4.0,26.0,24.0,-0.07692307692307687,False
4241,CUST04662,Trello,Open,High,Standard,,7.0,8.0,0.1428571428571428,False
4242,CUST00039,Loom,Closed,Medium,Enterprise,5.0,16.5,19.5,0.18181818181818188,False
4243,CUST04628,Bitbucket,Closed,Critical,Standard,4.0,19.5,16.5,-0.15384615384615385,False
4244,CUST02087,Loom,Closed,High,Premium,1.0,11.5,8.0,-0.30434782608695654,True
4245,CUST08008,Trello,Open,High,Free,,4.0,8.0,1.0,False
4246,CUST06317,Loom,Pending Customer Response,Medium,Enterprise,,20.5,21.0,0.024390243902439046,False
4247,CUST04284,Loom,Closed,High,Premium,2.0,8.5,8.5,0.0,False
4248,CUST04059,Trello,Pending Customer Response,Critical,Free,,13.5,11.5,-0.14814814814814814,False
4249,CUST06349,Jira,Pending Customer Response,Critical,Premium,,39.5,37.5,-0.05063291139240511,False
4250,CUST07318,Jira,Pending Customer Response,Low,Standard,,18.0,16.5,-0.08333333333333337,False
4251,CUST06323,Jira,Pending Customer Response,Medium,Standard,,10.0,9.5,-0.050000000000000044,False
4252,CUST07710,Trello,Pending Customer Response,High,Premium,,17.5,16.5,-0.05714285714285716,False
4253,CUST05595,Loom,Open,Critical,Premium,,13.0,12.5,-0.038461538461538436,False
4254,CUST07289,Jira,Closed,High,Standard,5.0,20.0,16.5,-0.17500000000000004,False
4255,CUST06512,Jira,Open,High,Premium,,17.0,16.0,-0.05882352941176472,False
4256,CUST00409,Confluence,Pending Customer Response,High,Enterprise,,53.0,58.0,0.09433962264150941,False
4257,CUST02288,Jira,Closed,Critical,Standard,3.0,21.5,25.5,0.18604651162790709,False
4258,CUST07210,Trello,Open,Medium,Premium,,23.5,22.5,-0.04255319148936165,False
4259,CUST03448,Confluence,Closed,Medium,Premium,2.0,20.5,19.0,-0.07317073170731703,False
4260,CUST07702,Jira,Pending Customer Response,Critical,Free,,6.0,12.5,1.0833333333333335,False
4261,CUST06161,Jira,Pending Customer Response,High,Premium,,11.5,15.5,0.34782608695652173,False
4262,CUST03508,Trello,Open,Critical,Free,,6.0,9.5,0.5833333333333333,False
4263,CUST05577,Confluence,Open,Medium,Standard,,22.5,25.5,0.1333333333333333,False
4264,CUST07927,Jira,Open,High,Premium,,10.5,8.0,-0.23809523809523814,True
4265,CUST01969,Jira,Closed,Critical,Standard,4.0,22.5,26.0,0.15555555555555545,False
4266,CUST03098,Bitbucket,Pending Customer Response,High,Premium,,28.0,29.5,0.0535714285714286,False
4267,CUST01357,Trello,Closed,Critical,Free,4.0,11.5,12.5,0.08695652173913038,False
4268,CUST06756,Confluence,Closed,Critical,Standard,2.0,32.5,31.5,-0.03076923076923077,False
4269,CUST07772,Bitbucket,Closed,Low,Standard,4.0,20.5,19.5,-0.04878048780487809,False
4270,CUST04535,Bitbucket,Open,Critical,Free,,8.0,8.5,0.0625,False
4271,CUST03016,Loom,Pending Customer Response,High,Enterprise,,28.0,28.5,0.017857142857142794,False
4272,CUST00054,Bitbucket,Pending Customer Response,High,Free,,14.5,15.0,0.034482758620689724,False
4273,CUST00838,Trello,Open,High,Premium,,14.5,12.0,-0.1724137931034483,False
4274,CUST07530,Loom,Pending Customer Response,High,Free,,4.5,2.5,-0.4444444444444444,True
4275,CUST02128,Jira,Closed,Medium,Enterprise,2.0,18.0,15.0,-0.16666666666666663,False
4276,CUST01630,Confluence,Pending Customer Response,Critical,Free,,13.0,8.5,-0.34615384615384615,True
4277,CUST01823,Bitbucket,Pending Customer Response,Critical,Standard,,16.5,14.5,-0.12121212121212122,False
4278,CUST04236,Loom,Open,High,Premium,,25.5,19.5,-0.23529411764705888,True
4279,CUST07755,Confluence,Open,Low,Free,,2.0,8.5,3.25,False
4280,CUST03373,Bitbucket,Open,Medium,Free,,14.0,12.5,-0.1071428571428571,False
4281,CUST02149,Trello,Pending Customer Response,Critical,Premium,,18.0,16.0,-0.11111111111111116,False
4282,CUST05803,Bitbucket,Closed,Medium,Enterprise,2.0,27.5,27.0,-0.018181818181818188,False
4283,CUST02908,Loom,Open,High,Free,,6.5,1.0,-0.8461538461538461,True
4284,CUST02785,Trello,Pending Customer Response,Medium,Enterprise,,32.0,26.5,-0.171875,False
4285,CUST08066,Loom,Closed,Low,Premium,3.0,38.0,28.0,-0.26315789473684215,True
4286,CUST02004,Loom,Pending Customer Response,Critical,Standard,,6.5,7.0,0.07692307692307687,False
4287,CUST07483,Loom,Open,Medium,Enterprise,,10.0,8.0,-0.19999999999999996,False
4288,CUST05875,Confluence,Closed,Critical,Free,4.0,8.0,2.0,-0.75,True
4289,CUST03485,Loom,Open,Medium,Enterprise,,17.0,16.0,-0.05882352941176472,False
4290,CUST00663,Confluence,Pending Customer Response,High,Free,,14.0,14.5,0.03571428571428581,False
4291,CUST06695,Jira,Pending Customer Response,Medium,Premium,,17.5,17.0,-0.02857142857142858,False
4292,CUST07155,Loom,Closed,Low,Premium,3.0,19.5,17.5,-0.10256410256410253,False
4293,CUST00102,Jira,Pending Customer Response,Medium,Free,,13.0,13.5,0.03846153846153855,False
4294,CUST02077,Bitbucket,Pending Customer Response,Critical,Enterprise,,18.5,15.5,-0.16216216216216217,False
4295,CUST01764,Confluence,Pending Customer Response,High,Premium,,8.5,9.0,0.05882352941176472,False
4296,CUST05974,Trello,Pending Customer Response,Critical,Standard,,18.0,18.5,0.02777777777777768,False
4297,CUST02586,Jira,Pending Customer Response,Low,Enterprise,,20.0,21.0,0.050000000000000044,False
4298,CUST03551,Jira,Open,High,Premium,,29.5,33.0,0.11864406779661008,False
4299,CUST04977,Jira,Pending Customer Response,Low,Free,,8.0,6.0,-0.25,True
4300,CUST07706,Bitbucket,Open,High,Premium,,30.0,24.5,-0.18333333333333335,False
4301,CUST02892,Confluence,Pending Customer Response,Medium,Premium,,22.0,21.5,-0.022727272727272707,False
4302,CUST07698,Bitbucket,Closed,Medium,Premium,3.0,27.5,34.0,0.23636363636363633,False
4303,CUST04051,Bitbucket,Open,Low,Standard,,17.0,15.5,-0.08823529411764708,False
4304,CUST02164,Confluence,Pending Customer Response,Medium,Standard,,20.5,20.0,-0.024390243902439046,False
4305,CUST06588,Trello,Closed,Medium,Standard,1.0,20.5,24.0,0.1707317073170731,False
4306,CUST04401,Jira,Pending Customer Response,High,Standard,,25.5,22.0,-0.13725490196078427,False
4307,CUST02580,Confluence,Open,Medium,Standard,,5.0,12.0,1.4,False
4308,CUST06823,Jira,Pending Customer Response,Low,Premium,,48.0,50.5,0.05208333333333326,False
4309,CUST05977,Jira,Open,Medium,Standard,,13.5,8.5,-0.37037037037037035,True
4310,CUST07655,Loom,Open,Low,Free,,9.5,13.5,0.42105263157894735,False
4311,CUST07310,Bitbucket,Closed,Critical,Free,4.0,5.5,4.0,-0.2727272727272727,True
4312,CUST06098,Jira,Pending Customer Response,High,Standard,,12.5,15.0,0.19999999999999996,False
4313,CUST04252,Confluence,Open,Critical,Enterprise,,18.0,20.0,0.11111111111111116,False
4314,CUST00277,Trello,Pending Customer Response,Low,Free,,9.5,12.0,0.26315789473684204,False
4315,CUST01662,Confluence,Closed,Critical,Standard,2.0,30.5,32.5,0.06557377049180335,False
4316,CUST07736,Jira,Open,High,Standard,,16.5,23.0,0.39393939393939403,False
4317,CUST05495,Confluence,Pending Customer Response,Low,Standard,,14.5,15.5,0.06896551724137923,False
4318,CUST04389,Trello,Open,Low,Premium,,26.5,21.5,-0.18867924528301883,False
4319,CUST06927,Confluence,Pending Customer Response,Critical,Premium,,25.5,22.0,-0.13725490196078427,False
4320,CUST00483,Loom,Pending Customer Response,High,Premium,,16.0,17.0,0.0625,False
4321,CUST05915,Loom,Pending Customer Response,Low,Standard,,11.0,9.0,-0.18181818181818177,False
4322,CUST02870,Bitbucket,Pending Customer Response,Medium,Premium,,26.5,28.5,0.07547169811320753,False
4323,CUST08262,Loom,Open,High,Premium,,24.5,26.0,0.061224489795918435,False
4324,CUST01666,Jira,Closed,Low,Free,3.0,23.5,24.5,0.042553191489361764,False
4325,CUST05164,Bitbucket,Pending Customer Response,Medium,Standard,,17.0,20.5,0.2058823529411764,False
4326,CUST02417,Jira,Pending Customer Response,High,Enterprise,,11.5,11.0,-0.04347826086956519,False
4327,CUST05921,Bitbucket,Pending Customer Response,Low,Standard,,15.0,20.0,0.33333333333333326,False
4328,CUST01392,Loom,Pending Customer Response,Medium,Premium,,22.0,21.0,-0.045454545454545414,False
4329,CUST07974,Jira,Open,Critical,Premium,,10.0,9.0,-0.09999999999999998,False
4330,CUST06921,Trello,Open,Low,Standard,,17.0,14.0,-0.17647058823529416,False
4331,CUST04965,Bitbucket,Open,High,Enterprise,,33.5,31.0,-0.07462686567164178,False
4332,CUST01761,Trello,Pending Customer Response,Medium,Premium,,12.5,13.0,0.040000000000000036,False
4333,CUST04005,Confluence,Pending Customer Response,Critical,Premium,,20.0,18.0,-0.09999999999999998,False
4334,CUST03309,Trello,Closed,Medium,Premium,5.0,19.0,20.0,0.05263157894736836,False
4335,CUST07534,Bitbucket,Pending Customer Response,Medium,Free,,12.0,12.0,0.0,False
4336,CUST01816,Bitbucket,Closed,Critical,Standard,2.0,8.5,6.0,-0.2941176470588235,True
4337,CUST01001,Confluence,Closed,Critical,Standard,3.0,22.0,26.0,0.18181818181818188,False
4338,CUST05546,Jira,Pending Customer Response,Critical,Premium,,27.0,22.5,-0.16666666666666663,False
4339,CUST05474,Jira,Open,Low,Standard,,20.0,26.0,0.30000000000000004,False
4340,CUST06149,Loom,Closed,High,Standard,4.0,15.5,14.0,-0.09677419354838712,False
4341,CUST06126,Bitbucket,Open,Medium,Enterprise,,18.0,14.0,-0.2222222222222222,True
4342,CUST07102,Loom,Pending Customer Response,Medium,Free,,5.5,1.5,-0.7272727272727273,True
4343,CUST00190,Confluence,Closed,Low,Enterprise,5.0,9.5,9.0,-0.052631578947368474,False
4344,CUST06348,Confluence,Open,High,Standard,,13.5,10.5,-0.2222222222222222,True
4345,CUST04148,Confluence,Pending Customer Response,Low,Standard,,15.0,14.0,-0.06666666666666665,False
4346,CUST02797,Jira,Open,Low,Standard,,14.5,17.5,0.2068965517241379,False
4347,CUST08166,Jira,Pending Customer Response,Low,Free,,20.0,14.0,-0.30000000000000004,True
4348,CUST01082,Jira,Pending Customer Response,Low,Premium,,20.5,22.0,0.07317073170731714,False
4349,CUST05714,Trello,Pending Customer Response,Low,Standard,,13.5,20.0,0.4814814814814814,False
4350,CUST00265,Bitbucket,Pending Customer Response,High,Premium,,16.5,16.5,0.0,False
4351,CUST05364,Bitbucket,Open,Critical,Enterprise,,12.5,11.5,-0.07999999999999996,False
4352,CUST04037,Loom,Closed,High,Free,5.0,8.0,9.0,0.125,False
4353,CUST01967,Confluence,Pending Customer Response,High,Standard,,19.5,20.0,0.02564102564102555,False
4354,CUST07761,Jira,Pending Customer Response,Medium,Enterprise,,29.0,29.0,0.0,False
4355,CUST05153,Loom,Closed,High,Free,3.0,11.0,15.5,0.40909090909090917,False
4356,CUST04301,Trello,Pending Customer Response,Critical,Premium,,21.0,12.5,-0.40476190476190477,True
4357,CUST04635,Bitbucket,Closed,Medium,Standard,3.0,13.0,10.5,-0.1923076923076923,False
4358,CUST06532,Trello,Pending Customer Response,High,Standard,,25.5,25.5,0.0,False
4359,CUST03647,Bitbucket,Pending Customer Response,High,Free,,10.5,9.5,-0.09523809523809523,False
4360,CUST00040,Trello,Pending Customer Response,Critical,Standard,,10.0,20.5,1.0499999999999998,False
4361,CUST02899,Trello,Closed,Medium,Free,1.0,7.5,3.0,-0.6,True
4362,CUST03883,Jira,Open,High,Enterprise,,39.5,41.5,0.05063291139240511,False
4363,CUST06296,Jira,Pending Customer Response,Low,Premium,,15.5,8.0,-0.4838709677419355,True
4364,CUST02158,Trello,Open,Low,Standard,,28.0,28.0,0.0,False
4365,CUST08171,Loom,Pending Customer Response,Low,Premium,,12.0,16.5,0.375,False
4366,CUST06967,Confluence,Open,High,Standard,,11.5,12.0,0.04347826086956519,False
4367,CUST02440,Bitbucket,Open,Critical,Standard,,30.0,22.0,-0.2666666666666667,True
4368,CUST07313,Bitbucket,Closed,High,Standard,4.0,3.5,11.5,2.2857142857142856,False
4369,CUST02802,Jira,Open,High,Standard,,28.5,29.0,0.01754385964912286,False
4370,CUST03463,Jira,Pending Customer Response,High,Premium,,22.0,13.0,-0.40909090909090906,True
4371,CUST01155,Loom,Pending Customer Response,High,Free,,5.5,8.0,0.4545454545454546,False
4372,CUST00955,Bitbucket,Open,High,Premium,,11.5,10.5,-0.08695652173913049,False
4373,CUST03788,Confluence,Pending Customer Response,Low,Standard,,15.5,11.0,-0.29032258064516125,True
4374,CUST04451,Bitbucket,Pending Customer Response,Medium,Standard,,10.0,11.0,0.10000000000000009,False
4375,CUST03861,Loom,Closed,Critical,Premium,5.0,15.0,15.5,0.03333333333333344,False
4376,CUST02629,Loom,Pending Customer Response,Critical,Standard,,10.5,13.5,0.2857142857142858,False
4377,CUST00128,Trello,Open,Low,Standard,,9.5,8.5,-0.10526315789473684,False
4378,CUST01812,Bitbucket,Closed,Critical,Premium,3.0,20.5,20.5,0.0,False
4379,CUST06664,Jira,Closed,Critical,Enterprise,4.0,45.5,50.0,0.098901098901099,False
4380,CUST04021,Confluence,Closed,Critical,Premium,4.0,37.5,38.0,0.01333333333333342,False
4381,CUST00300,Jira,Pending Customer Response,High,Premium,,31.5,30.5,-0.031746031746031744,False
4382,CUST08033,Trello,Pending Customer Response,Medium,Standard,,18.5,16.5,-0.10810810810810811,False
4383,CUST00342,Confluence,Closed,Critical,Free,2.0,8.5,4.0,-0.5294117647058824,True
4384,CUST04392,Confluence,Closed,Critical,Standard,5.0,17.0,20.0,0.17647058823529416,False
4385,CUST04103,Confluence,Pending Customer Response,High,Standard,,28.5,21.5,-0.24561403508771928,True
4386,CUST03458,Loom,Closed,Medium,Standard,4.0,7.0,1.5,-0.7857142857142857,True
4387,CUST02514,Bitbucket,Pending Customer Response,Low,Premium,,33.5,29.0,-0.13432835820895528,False
4388,CUST02518,Jira,Open,Critical,Standard,,18.0,13.0,-0.2777777777777778,True
4389,CUST02937,Bitbucket,Closed,Critical,Free,4.0,3.5,3.5,0.0,False
4390,CUST01833,Jira,Open,High,Free,,16.5,18.5,0.1212121212121211,False
4391,CUST02206,Confluence,Closed,Low,Standard,3.0,14.5,11.0,-0.24137931034482762,True
4392,CUST05526,Bitbucket,Open,Medium,Premium,,25.5,32.0,0.2549019607843137,False
4393,CUST01943,Bitbucket,Pending Customer Response,Low,Standard,,14.0,9.0,-0.3571428571428571,True
4394,CUST00989,Trello,Pending Customer Response,Medium,Standard,,8.5,8.0,-0.05882352941176472,False
4395,CUST04624,Loom,Pending Customer Response,Critical,Standard,,11.0,9.5,-0.13636363636363635,False
4396,CUST04214,Trello,Pending Customer Response,Low,Standard,,12.5,10.0,-0.19999999999999996,False
4397,CUST01702,Jira,Open,Low,Standard,,14.0,15.5,0.1071428571428572,False
4398,CUST00726,Loom,Open,High,Standard,,8.0,9.5,0.1875,False
4399,CUST05030,Confluence,Closed,Critical,Standard,5.0,9.5,8.0,-0.1578947368421053,False
4400,CUST06300,Trello,Closed,Medium,Standard,4.0,11.5,11.5,0.0,False
4401,CUST02970,Bitbucket,Closed,High,Enterprise,1.0,13.0,9.5,-0.2692307692307693,True
4402,CUST01277,Jira,Pending Customer Response,High,Free,,24.0,19.5,-0.1875,False
4403,CUST06083,Bitbucket,Open,Low,Premium,,25.5,28.0,0.0980392156862746,False
4404,CUST08113,Trello,Open,Critical,Free,,10.0,11.5,0.1499999999999999,False
4405,CUST08105,Confluence,Closed,High,Enterprise,2.0,57.0,58.5,0.026315789473684292,False
4406,CUST01300,Bitbucket,Pending Customer Response,Medium,Enterprise,,42.5,45.0,0.05882352941176472,False
4407,CUST02306,Jira,Pending Customer Response,High,Premium,,18.5,17.0,-0.08108108108108103,False
4408,CUST00545,Trello,Pending Customer Response,High,Enterprise,,31.5,36.0,0.1428571428571428,False
4409,CUST05492,Trello,Closed,Low,Free,3.0,15.0,19.0,0.2666666666666666,False
4410,CUST01338,Loom,Open,Medium,Premium,,5.0,8.0,0.6000000000000001,False
4411,CUST05849,Bitbucket,Closed,High,Standard,3.0,7.5,8.5,0.1333333333333333,False
4412,CUST06938,Jira,Pending Customer Response,Low,Premium,,22.0,22.0,0.0,False
4413,CUST02931,Confluence,Closed,Medium,Enterprise,2.0,22.5,20.5,-0.0888888888888889,False
4414,CUST01141,Jira,Open,High,Enterprise,,16.5,16.0,-0.030303030303030276,False
4415,CUST07192,Loom,Open,Critical,Enterprise,,37.5,36.0,-0.040000000000000036,False
4416,CUST03561,Trello,Closed,Medium,Premium,3.0,19.0,19.5,0.026315789473684292,False
4417,CUST04721,Trello,Open,Critical,Standard,,15.5,15.0,-0.032258064516129004,False
4418,CUST02092,Bitbucket,Closed,Low,Premium,5.0,24.0,26.0,0.08333333333333326,False
4419,CUST03978,Trello,Pending Customer Response,Medium,Standard,,11.5,17.5,0.5217391304347827,False
4420,CUST02401,Trello,Pending Customer Response,Critical,Standard,,8.0,10.5,0.3125,False
4421,CUST00953,Bitbucket,Closed,Medium,Premium,2.0,14.5,14.0,-0.03448275862068961,False
4422,CUST02305,Trello,Open,High,Premium,,15.5,16.5,0.06451612903225801,False
4423,CUST04881,Jira,Pending Customer Response,High,Premium,,20.0,22.0,0.10000000000000009,False
4424,CUST05434,Jira,Closed,Critical,Premium,2.0,18.5,20.5,0.10810810810810811,False
4425,CUST01521,Confluence,Closed,Medium,Standard,3.0,11.5,15.0,0.30434782608695654,False
4426,CUST03891,Loom,Closed,Critical,Premium,2.0,11.0,10.5,-0.045454545454545414,False
4427,CUST07598,Jira,Closed,Low,Standard,5.0,15.0,13.5,-0.09999999999999998,False
4428,CUST04425,Confluence,Pending Customer Response,Medium,Standard,,32.0,30.5,-0.046875,False
4429,CUST00021,Bitbucket,Open,High,Premium,,24.5,19.5,-0.20408163265306123,True
4430,CUST07084,Loom,Open,Low,Standard,,16.5,13.5,-0.18181818181818177,False
4431,CUST04405,Loom,Open,Critical,Premium,,10.0,9.5,-0.050000000000000044,False
4432,CUST05051,Confluence,Pending Customer Response,Medium,Standard,,14.0,16.5,0.1785714285714286,False
4433,CUST08253,Bitbucket,Closed,Critical,Free,1.0,15.5,13.5,-0.12903225806451613,False
4434,CUST05652,Confluence,Closed,High,Standard,4.0,10.0,8.0,-0.19999999999999996,False
4435,CUST03567,Confluence,Open,Critical,Free,,14.0,16.5,0.1785714285714286,False
4436,CUST01107,Jira,Open,Critical,Standard,,23.0,25.5,0.10869565217391308,False
4437,CUST01160,Confluence,Pending Customer Response,Low,Standard,,17.0,15.0,-0.11764705882352944,False
4438,CUST06850,Confluence,Closed,Critical,Standard,1.0,16.5,11.5,-0.303030303030303,True
4439,CUST06637,Confluence,Pending Customer Response,Medium,Standard,,18.0,15.5,-0.13888888888888884,False
4440,CUST05964,Jira,Closed,Critical,Standard,4.0,27.0,32.0,0.18518518518518512,False
4441,CUST00492,Trello,Pending Customer Response,High,Free,,11.0,11.5,0.045454545454545414,False
4442,CUST04828,Jira,Pending Customer Response,Medium,Premium,,34.5,33.0,-0.04347826086956519,False
4443,CUST05732,Confluence,Closed,Medium,Standard,2.0,22.0,20.5,-0.06818181818181823,False
4444,CUST06669,Trello,Pending Customer Response,Critical,Standard,,15.5,14.0,-0.09677419354838712,False
4445,CUST00230,Bitbucket,Open,Critical,Premium,,23.0,17.5,-0.23913043478260865,True
4446,CUST02270,Jira,Pending Customer Response,Low,Standard,,28.0,27.5,-0.017857142857142905,False
4447,CUST06596,Confluence,Open,Medium,Standard,,20.5,16.5,-0.19512195121951215,False
4448,CUST05154,Bitbucket,Pending Customer Response,Medium,Premium,,17.5,15.5,-0.11428571428571432,False
4449,CUST05757,Jira,Pending Customer Response,Critical,Enterprise,,18.5,23.0,0.2432432432432432,False
4450,CUST04437,Trello,Open,Medium,Free,,12.5,12.0,-0.040000000000000036,False
4451,CUST02598,Confluence,Pending Customer Response,Medium,Standard,,10.0,15.5,0.55,False
4452,CUST07667,Bitbucket,Open,Medium,Standard,,17.5,17.5,0.0,False
4453,CUST05766,Trello,Closed,Critical,Standard,5.0,27.0,27.0,0.0,False
4454,CUST00979,Trello,Closed,High,Standard,1.0,17.0,18.5,0.08823529411764697,False
4455,CUST00416,Jira,Pending Customer Response,Low,Standard,,9.0,8.0,-0.11111111111111116,False
4456,CUST03854,Loom,Open,High,Standard,,6.5,7.5,0.15384615384615374,False
4457,CUST04598,Loom,Pending Customer Response,Critical,Enterprise,,11.5,10.0,-0.13043478260869568,False
4458,CUST01011,Confluence,Closed,Low,Standard,1.0,31.0,33.5,0.08064516129032251,False
4459,CUST02176,Loom,Open,Low,Premium,,9.5,14.0,0.4736842105263157,False
4460,CUST06928,Jira,Closed,Medium,Standard,5.0,14.5,15.5,0.06896551724137923,False
4461,CUST04595,Confluence,Pending Customer Response,Low,Standard,,7.0,11.5,0.6428571428571428,False
4462,CUST04130,Bitbucket,Pending Customer Response,High,Standard,,23.5,18.0,-0.23404255319148937,True
4463,CUST04949,Loom,Closed,Low,Standard,3.0,16.0,13.5,-0.15625,False
4464,CUST01309,Bitbucket,Open,Medium,Standard,,9.5,10.5,0.10526315789473695,False
4465,CUST06539,Confluence,Closed,Low,Standard,4.0,11.5,10.0,-0.13043478260869568,False
4466,CUST07149,Bitbucket,Open,Medium,Premium,,20.0,19.0,-0.050000000000000044,False
4467,CUST01932,Jira,Open,Low,Free,,6.0,7.5,0.25,False
4468,CUST06568,Confluence,Pending Customer Response,Critical,Premium,,28.5,25.5,-0.10526315789473684,False
4469,CUST05930,Trello,Pending Customer Response,Medium,Standard,,17.5,14.0,-0.19999999999999996,False
4470,CUST08002,Loom,Pending Customer Response,Critical,Standard,,13.5,15.0,0.11111111111111116,False
4471,CUST01671,Loom,Pending Customer Response,High,Free,,2.0,5.5,1.75,False
4472,CUST03585,Confluence,Open,Low,Premium,,15.5,19.0,0.22580645161290325,False
4473,CUST02538,Trello,Open,Low,Standard,,18.0,18.5,0.02777777777777768,False
4474,CUST05274,Bitbucket,Closed,High,Standard,1.0,18.0,16.0,-0.11111111111111116,False
4475,CUST06640,Bitbucket,Pending Customer Response,High,Standard,,22.0,19.0,-0.13636363636363635,False
4476,CUST03836,Trello,Closed,High,Free,1.0,9.0,2.5,-0.7222222222222222,True
4477,CUST02070,Confluence,Open,Critical,Standard,,11.0,15.0,0.36363636363636354,False
4478,CUST01768,Trello,Closed,Low,Free,2.0,13.0,11.0,-0.15384615384615385,False
4479,CUST01936,Confluence,Open,Medium,Standard,,19.5,16.0,-0.17948717948717952,False
4480,CUST06199,Jira,Open,Low,Premium,,31.0,30.5,-0.016129032258064502,False
4481,CUST05027,Jira,Closed,High,Standard,5.0,30.5,30.5,0.0,False
4482,CUST03189,Loom,Closed,Critical,Premium,5.0,24.0,24.5,0.02083333333333326,False
4483,CUST02805,Jira,Pending Customer Response,Medium,Standard,,11.0,13.0,0.18181818181818188,False
4484,CUST02844,Loom,Pending Customer Response,Low,Premium,,16.5,18.5,0.1212121212121211,False
4485,CUST05832,Bitbucket,Closed,High,Premium,1.0,29.5,28.0,-0.05084745762711862,False
4486,CUST02974,Jira,Pending Customer Response,High,Standard,,31.5,29.5,-0.06349206349206349,False
4487,CUST07053,Jira,Pending Customer Response,Medium,Enterprise,,7.5,16.5,1.2000000000000002,False
4488,CUST05707,Jira,Open,Low,Standard,,18.0,16.0,-0.11111111111111116,False
4489,CUST04265,Loom,Pending Customer Response,Medium,Free,,8.0,1.0,-0.875,True
4490,CUST07745,Jira,Open,High,Standard,,24.5,31.0,0.26530612244897966,False
4491,CUST06421,Bitbucket,Closed,Critical,Enterprise,2.0,16.0,14.0,-0.125,False
4492,CUST00596,Loom,Open,High,Standard,,12.5,12.0,-0.040000000000000036,False
4493,CUST00328,Trello,Closed,Critical,Free,1.0,13.0,13.0,0.0,False
4494,CUST02361,Loom,Pending Customer Response,Low,Enterprise,,32.0,37.5,0.171875,False
4495,CUST06235,Trello,Pending Customer Response,Medium,Enterprise,,26.5,21.5,-0.18867924528301883,False
4496,CUST08161,Bitbucket,Closed,Low,Free,4.0,6.5,9.0,0.3846153846153846,False
4497,CUST00638,Loom,Closed,High,Free,3.0,7.0,8.0,0.1428571428571428,False
4498,CUST05037,Confluence,Closed,High,Enterprise,5.0,14.0,19.0,0.3571428571428572,False
4499,CUST04324,Trello,Pending Customer Response,Medium,Premium,,21.0,21.5,0.023809523809523725,False
4500,CUST07572,Confluence,Open,Critical,Standard,,4.5,8.5,0.8888888888888888,False
4501,CUST06392,Loom,Closed,Low,Standard,4.0,17.5,19.0,0.08571428571428563,False
4502,CUST03601,Loom,Open,Low,Standard,,3.5,5.5,0.5714285714285714,False
4503,CUST02464,Loom,Pending Customer Response,Critical,Standard,,12.0,10.5,-0.125,False
4504,CUST06313,Trello,Closed,Low,Standard,4.0,61.0,56.0,-0.08196721311475408,False
4505,CUST02739,Trello,Closed,Low,Standard,3.0,24.0,24.0,0.0,False
4506,CUST08265,Bitbucket,Closed,High,Free,1.0,13.5,5.5,-0.5925925925925926,True
4507,CUST06689,Bitbucket,Closed,Critical,Free,2.0,8.5,6.5,-0.23529411764705888,True
4508,CUST01019,Trello,Pending Customer Response,Low,Standard,,17.0,16.5,-0.02941176470588236,False
4509,CUST02787,Confluence,Open,Critical,Standard,,18.0,12.5,-0.3055555555555556,True
4510,CUST04041,Jira,Open,Low,Standard,,21.5,22.0,0.023255813953488413,False
4511,CUST08139,Confluence,Open,Low,Premium,,30.0,27.5,-0.08333333333333337,False
4512,CUST00062,Jira,Closed,Low,Premium,5.0,25.5,31.0,0.21568627450980382,False
4513,CUST03592,Jira,Closed,Low,Standard,2.0,13.0,18.0,0.3846153846153846,False
4514,CUST05170,Loom,Closed,Critical,Premium,5.0,14.0,14.0,0.0,False
4515,CUST00679,Loom,Pending Customer Response,Critical,Standard,,15.5,12.5,-0.19354838709677424,False
4516,CUST08183,Loom,Open,Critical,Standard,,6.5,8.0,0.23076923076923084,False
4517,CUST00181,Bitbucket,Closed,Critical,Premium,1.0,35.5,33.5,-0.05633802816901412,False
4518,CUST00656,Confluence,Closed,Low,Free,3.0,10.0,7.0,-0.30000000000000004,True
4519,CUST01149,Jira,Closed,High,Premium,1.0,21.5,17.5,-0.18604651162790697,False
4520,CUST02123,Bitbucket,Pending Customer Response,Critical,Free,,4.0,3.5,-0.125,False
4521,CUST05081,Loom,Pending Customer Response,Low,Premium,,13.0,10.5,-0.1923076923076923,False
4522,CUST06558,Jira,Open,High,Free,,12.0,11.5,-0.04166666666666663,False
4523,CUST02041,Loom,Open,High,Free,,5.5,9.5,0.7272727272727273,False
4524,CUST00826,Bitbucket,Open,Low,Premium,,59.0,59.5,0.008474576271186418,False
4525,CUST04474,Trello,Closed,Medium,Standard,4.0,12.5,14.0,0.1200000000000001,False
4526,CUST01950,Loom,Closed,Critical,Premium,4.0,12.5,8.5,-0.31999999999999995,True
4527,CUST03527,Jira,Open,Critical,Premium,,16.5,17.5,0.06060606060606055,False
4528,CUST02841,Confluence,Open,Critical,Enterprise,,61.0,55.5,-0.0901639344262295,False
4529,CUST03064,Trello,Closed,Low,Premium,5.0,16.5,18.0,0.09090909090909083,False
4530,CUST02499,Confluence,Closed,Critical,Premium,3.0,18.5,20.0,0.08108108108108114,False
4531,CUST00259,Confluence,Closed,Critical,Standard,4.0,13.5,16.5,0.22222222222222232,False
4532,CUST03287,Trello,Pending Customer Response,High,Premium,,21.0,18.5,-0.11904761904761907,False
4533,CUST03072,Confluence,Closed,High,Free,4.0,15.0,12.5,-0.16666666666666663,False
4534,CUST03162,Loom,Open,High,Standard,,7.5,6.0,-0.19999999999999996,False
4535,CUST06188,Loom,Pending Customer Response,Low,Premium,,19.0,15.5,-0.1842105263157895,False
4536,CUST05200,Confluence,Pending Customer Response,Low,Standard,,20.5,21.5,0.04878048780487809,False
4537,CUST03245,Bitbucket,Open,Medium,Free,,9.0,8.5,-0.05555555555555558,False
4538,CUST00139,Loom,Pending Customer Response,Critical,Standard,,8.5,11.0,0.2941176470588236,False
4539,CUST00344,Trello,Open,Medium,Standard,,16.5,20.5,0.24242424242424243,False
4540,CUST02610,Confluence,Open,Critical,Standard,,34.0,24.0,-0.2941176470588235,True
4541,CUST06049,Confluence,Closed,Low,Standard,1.0,30.0,26.0,-0.1333333333333333,False
4542,CUST01595,Loom,Pending Customer Response,Critical,Standard,,10.0,3.0,-0.7,True
4543,CUST04687,Bitbucket,Pending Customer Response,Medium,Premium,,23.5,24.0,0.02127659574468077,False
4544,CUST01684,Confluence,Open,Low,Premium,,28.0,27.0,-0.0357142857142857,False
4545,CUST03923,Trello,Closed,Low,Standard,3.0,38.0,35.0,-0.07894736842105265,False
4546,CUST04702,Jira,Pending Customer Response,Low,Enterprise,,18.0,18.0,0.0,False
4547,CUST05668,Jira,Pending Customer Response,Medium,Premium,,26.5,23.5,-0.1132075471698113,False
4548,CUST01396,Confluence,Open,Low,Enterprise,,16.0,15.5,-0.03125,False
4549,CUST01125,Jira,Open,High,Premium,,17.5,18.5,0.05714285714285716,False
4550,CUST06840,Trello,Closed,Low,Premium,5.0,33.5,40.5,0.20895522388059695,False
4551,CUST00117,Bitbucket,Closed,Low,Standard,1.0,32.5,25.5,-0.2153846153846154,True
4552,CUST06573,Jira,Pending Customer Response,Medium,Standard,,20.5,16.5,-0.19512195121951215,False
4553,CUST07947,Jira,Pending Customer Response,Medium,Premium,,33.0,32.5,-0.015151515151515138,False
4554,CUST00467,Trello,Open,Critical,Standard,,16.0,18.0,0.125,False
4555,CUST06076,Confluence,Open,Medium,Standard,,16.5,17.5,0.06060606060606055,False
4556,CUST03840,Bitbucket,Pending Customer Response,Critical,Enterprise,,30.5,28.5,-0.06557377049180324,False
4557,CUST05559,Jira,Open,Critical,Premium,,31.0,28.5,-0.08064516129032262,False
4558,CUST05235,Confluence,Pending Customer Response,Low,Premium,,18.5,14.0,-0.2432432432432432,True
4559,CUST08217,Jira,Closed,High,Free,4.0,11.5,10.5,-0.08695652173913049,False
4560,CUST00012,Jira,Open,Low,Standard,,35.0,34.5,-0.014285714285714235,False
4561,CUST03833,Bitbucket,Open,Medium,Free,,16.5,19.0,0.1515151515151516,False
4562,CUST06339,Bitbucket,Closed,Low,Premium,4.0,48.5,45.5,-0.061855670103092786,False
4563,CUST00319,Loom,Pending Customer Response,Critical,Enterprise,,13.0,12.0,-0.07692307692307687,False
4564,CUST00899,Confluence,Open,Medium,Premium,,18.5,19.0,0.027027027027026973,False
4565,CUST02459,Trello,Closed,Medium,Standard,5.0,9.0,9.5,0.05555555555555558,False
4566,CUST00892,Confluence,Open,High,Enterprise,,20.0,16.0,-0.19999999999999996,False
4567,CUST00967,Loom,Open,Critical,Standard,,12.5,10.0,-0.19999999999999996,False
4568,CUST01533,Bitbucket,Open,High,Premium,,34.5,34.0,-0.01449275362318836,False
4569,CUST00141,Confluence,Pending Customer Response,Critical,Standard,,18.0,19.5,0.08333333333333326,False
4570,CUST01793,Loom,Open,High,Free,,7.5,9.0,0.19999999999999996,False
4571,CUST03532,Loom,Pending Customer Response,Critical,Standard,,5.0,5.5,0.10000000000000009,False
4572,CUST07555,Jira,Closed,Low,Enterprise,5.0,27.0,26.0,-0.03703703703703709,False
4573,CUST07257,Loom,Closed,Low,Enterprise,1.0,26.5,22.0,-0.16981132075471694,False
4574,CUST05864,Confluence,Closed,High,Standard,3.0,18.0,16.0,-0.11111111111111116,False
4575,CUST07731,Jira,Open,Medium,Standard,,10.5,17.0,0.6190476190476191,False
4576,CUST04476,Trello,Pending Customer Response,Low,Free,,11.0,6.5,-0.40909090909090906,True
4577,CUST04584,Trello,Closed,Critical,Standard,3.0,16.5,14.5,-0.12121212121212122,False
4578,CUST07937,Confluence,Closed,Medium,Premium,3.0,14.0,12.5,-0.1071428571428571,False
4579,CUST00940,Jira,Pending Customer Response,High,Free,,15.5,13.5,-0.12903225806451613,False
4580,CUST04573,Jira,Pending Customer Response,High,Premium,,78.5,75.0,-0.04458598726114649,False
4581,CUST06405,Bitbucket,Closed,Medium,Free,5.0,12.0,12.5,0.04166666666666674,False
4582,CUST08167,Bitbucket,Open,Critical,Free,,3.0,7.0,1.3333333333333335,False
4583,CUST07913,Bitbucket,Closed,Medium,Enterprise,5.0,52.0,46.0,-0.11538461538461542,False
4584,CUST06061,Bitbucket,Pending Customer Response,Low,Standard,,9.5,9.5,0.0,False
4585,CUST02466,Bitbucket,Closed,Low,Standard,4.0,10.5,7.5,-0.2857142857142857,True
4586,CUST02184,Confluence,Open,High,Standard,,9.0,10.0,0.11111111111111116,False
4587,CUST00465,Confluence,Pending Customer Response,Low,Standard,,33.0,32.5,-0.015151515151515138,False
4588,CUST04158,Trello,Pending Customer Response,High,Premium,,27.5,25.5,-0.07272727272727275,False
4589,CUST01940,Trello,Pending Customer Response,Medium,Standard,,14.5,11.0,-0.24137931034482762,True
4590,CUST02299,Trello,Closed,Critical,Free,4.0,3.5,6.0,0.7142857142857142,False
4591,CUST04327,Loom,Closed,Critical,Enterprise,4.0,16.0,16.0,0.0,False
4592,CUST05746,Confluence,Closed,Low,Standard,5.0,34.0,29.5,-0.13235294117647056,False
4593,CUST01091,Confluence,Closed,High,Standard,5.0,13.0,12.5,-0.038461538461538436,False
4594,CUST07547,Trello,Closed,Low,Standard,5.0,8.5,13.0,0.5294117647058822,False
4595,CUST04377,Jira,Open,Low,Standard,,15.0,9.0,-0.4,True
4596,CUST00512,Confluence,Closed,Critical,Standard,5.0,8.0,9.0,0.125,False
4597,CUST06362,Confluence,Open,Critical,Standard,,19.0,13.5,-0.2894736842105263,True
4598,CUST00875,Bitbucket,Pending Customer Response,Critical,Premium,,35.0,38.5,0.10000000000000009,False
4599,CUST06064,Jira,Open,High,Standard,,25.0,27.0,0.08000000000000007,False
4600,CUST07861,Loom,Pending Customer Response,Critical,Standard,,11.0,14.5,0.3181818181818181,False
4601,CUST03211,Trello,Closed,High,Standard,5.0,23.0,24.0,0.04347826086956519,False
4602,CUST00198,Jira,Closed,Low,Standard,3.0,11.0,14.5,0.3181818181818181,False
4603,CUST03174,Jira,Closed,Medium,Premium,5.0,10.5,7.5,-0.2857142857142857,True
4604,CUST04796,Jira,Pending Customer Response,Low,Premium,,35.0,27.5,-0.2142857142857143,True
4605,CUST05939,Trello,Open,Critical,Standard,,16.0,13.0,-0.1875,False
4606,CUST07502,Trello,Open,Low,Standard,,24.0,22.0,-0.08333333333333337,False
4607,CUST06073,Jira,Closed,High,Premium,1.0,17.5,14.5,-0.17142857142857137,False
4608,CUST07186,Confluence,Pending Customer Response,Medium,Standard,,15.5,12.5,-0.19354838709677424,False
4609,CUST07156,Trello,Pending Customer Response,High,Standard,,15.0,19.0,0.2666666666666666,False
4610,CUST07219,Trello,Pending Customer Response,Medium,Standard,,15.5,12.5,-0.19354838709677424,False
4611,CUST03169,Loom,Pending Customer Response,High,Premium,,16.5,21.5,0.303030303030303,False
4612,CUST05354,Jira,Closed,Low,Free,4.0,11.0,12.0,0.09090909090909083,False
4613,CUST05260,Confluence,Open,Low,Standard,,23.0,19.0,-0.17391304347826086,False
4614,CUST02383,Trello,Pending Customer Response,High,Standard,,19.0,26.0,0.368421052631579,False
4615,CUST08305,Loom,Closed,Medium,Free,1.0,10.0,6.0,-0.4,True
4616,CUST05867,Jira,Closed,Low,Free,3.0,4.0,1.0,-0.75,True
4617,CUST00534,Confluence,Closed,Medium,Enterprise,3.0,12.5,13.0,0.040000000000000036,False
4618,CUST03986,Jira,Pending Customer Response,Medium,Premium,,40.5,41.5,0.024691358024691468,False
4619,CUST00606,Confluence,Open,Critical,Standard,,17.5,16.0,-0.08571428571428574,False
4620,CUST02175,Loom,Closed,Low,Enterprise,5.0,21.0,20.0,-0.04761904761904767,False
4621,CUST02927,Confluence,Closed,High,Standard,2.0,16.5,18.0,0.09090909090909083,False
4622,CUST02833,Confluence,Closed,High,Standard,3.0,9.5,14.0,0.4736842105263157,False
4623,CUST01805,Trello,Pending Customer Response,High,Free,,19.0,20.5,0.07894736842105265,False
4624,CUST07788,Trello,Pending Customer Response,High,Standard,,31.5,23.5,-0.25396825396825395,True
4625,CUST05066,Confluence,Open,Medium,Premium,,16.0,13.0,-0.1875,False
4626,CUST03781,Confluence,Pending Customer Response,Medium,Enterprise,,20.0,21.0,0.050000000000000044,False
4627,CUST04588,Bitbucket,Open,High,Standard,,19.0,23.5,0.23684210526315796,False
4628,CUST01701,Loom,Closed,Medium,Enterprise,4.0,20.0,14.5,-0.275,True
4629,CUST03884,Bitbucket,Pending Customer Response,High,Enterprise,,25.0,20.0,-0.19999999999999996,False
4630,CUST04043,Bitbucket,Pending Customer Response,Critical,Free,,14.5,11.5,-0.2068965517241379,True
4631,CUST05511,Trello,Open,High,Standard,,19.5,19.0,-0.02564102564102566,False
4632,CUST04651,Trello,Pending Customer Response,Medium,Premium,,31.5,26.0,-0.17460317460317465,False
4633,CUST03158,Trello,Closed,Medium,Enterprise,4.0,16.5,16.0,-0.030303030303030276,False
4634,CUST07701,Trello,Pending Customer Response,High,Premium,,21.5,16.0,-0.2558139534883721,True
4635,CUST02993,Trello,Closed,Low,Premium,5.0,34.5,33.5,-0.02898550724637683,False
4636,CUST05862,Jira,Pending Customer Response,Medium,Enterprise,,23.5,25.5,0.0851063829787233,False
4637,CUST05997,Jira,Open,Medium,Standard,,33.0,34.5,0.045454545454545414,False
4638,CUST04760,Trello,Open,Low,Premium,,34.5,36.0,0.04347826086956519,False
4639,CUST01914,Loom,Pending Customer Response,High,Free,,13.5,11.0,-0.18518518518518523,False
4640,CUST00902,Jira,Open,Medium,Free,,13.0,12.5,-0.038461538461538436,False
4641,CUST08182,Trello,Open,High,Standard,,31.5,30.5,-0.031746031746031744,False
4642,CUST03769,Confluence,Open,Low,Premium,,33.0,35.0,0.06060606060606055,False
4643,CUST02218,Confluence,Closed,Low,Premium,3.0,17.5,18.0,0.02857142857142847,False
4644,CUST06976,Jira,Pending Customer Response,Critical,Premium,,20.0,18.5,-0.07499999999999996,False
4645,CUST04032,Loom,Open,High,Free,,3.0,6.5,1.1666666666666665,False
4646,CUST03571,Bitbucket,Open,Medium,Premium,,16.5,18.5,0.1212121212121211,False
4647,CUST05925,Jira,Pending Customer Response,High,Premium,,33.5,32.5,-0.02985074626865669,False
4648,CUST06056,Bitbucket,Open,Critical,Standard,,16.5,15.5,-0.06060606060606055,False
4649,CUST06616,Confluence,Open,Critical,Standard,,21.0,18.5,-0.11904761904761907,False
4650,CUST05973,Confluence,Closed,Low,Standard,5.0,17.5,19.0,0.08571428571428563,False
4651,CUST01468,Trello,Pending Customer Response,Low,Premium,,13.5,11.5,-0.14814814814814814,False
4652,CUST06112,Jira,Open,Medium,Standard,,12.5,17.5,0.3999999999999999,False
4653,CUST01753,Loom,Closed,High,Enterprise,2.0,26.0,28.5,0.09615384615384626,False
4654,CUST05037,Jira,Open,High,Enterprise,,23.5,24.5,0.042553191489361764,False
4655,CUST04155,Trello,Open,Critical,Enterprise,,21.5,21.0,-0.023255813953488413,False
4656,CUST01800,Trello,Closed,Medium,Free,3.0,6.0,10.0,0.6666666666666667,False
4657,CUST03919,Trello,Open,Medium,Standard,,8.5,9.0,0.05882352941176472,False
4658,CUST07630,Loom,Open,Critical,Enterprise,,14.0,12.0,-0.1428571428571429,False
4659,CUST03908,Trello,Open,Low,Standard,,11.5,11.5,0.0,False
4660,CUST01331,Loom,Pending Customer Response,Low,Free,,5.0,11.0,1.2000000000000002,False
4661,CUST00500,Bitbucket,Pending Customer Response,High,Enterprise,,15.5,12.5,-0.19354838709677424,False
4662,CUST01917,Loom,Open,High,Free,,5.0,9.5,0.8999999999999999,False
4663,CUST06570,Loom,Open,High,Premium,,3.0,6.0,1.0,False
4664,CUST07945,Bitbucket,Closed,Critical,Premium,5.0,21.0,23.5,0.11904761904761907,False
4665,CUST01263,Bitbucket,Closed,Low,Premium,1.0,19.5,16.5,-0.15384615384615385,False
4666,CUST04626,Confluence,Closed,High,Premium,5.0,8.5,11.5,0.3529411764705883,False
4667,CUST03996,Loom,Pending Customer Response,Medium,Standard,,8.5,12.0,0.41176470588235303,False
4668,CUST01629,Confluence,Pending Customer Response,Critical,Enterprise,,8.5,8.0,-0.05882352941176472,False
4669,CUST07266,Confluence,Open,High,Standard,,18.5,17.0,-0.08108108108108103,False
4670,CUST05822,Jira,Closed,Critical,Premium,4.0,13.0,8.5,-0.34615384615384615,True
4671,CUST03279,Trello,Open,Low,Enterprise,,38.0,34.0,-0.10526315789473684,False
4672,CUST07611,Trello,Open,Critical,Enterprise,,22.0,21.5,-0.022727272727272707,False
4673,CUST05090,Confluence,Pending Customer Response,Medium,Standard,,14.5,18.0,0.24137931034482762,False
4674,CUST02806,Jira,Open,Medium,Premium,,24.5,20.5,-0.16326530612244894,False
4675,CUST04322,Bitbucket,Closed,Medium,Standard,2.0,19.0,18.0,-0.052631578947368474,False
4676,CUST04003,Jira,Closed,Critical,Standard,4.0,12.5,14.5,0.15999999999999992,False
4677,CUST04621,Bitbucket,Closed,Medium,Free,5.0,8.0,12.0,0.5,False
4678,CUST01390,Loom,Open,High,Standard,,17.0,12.0,-0.2941176470588235,True
4679,CUST05755,Jira,Open,Critical,Premium,,6.5,13.0,1.0,False
4680,CUST02977,Loom,Pending Customer Response,High,Premium,,14.5,12.5,-0.13793103448275867,False
4681,CUST00873,Jira,Pending Customer Response,High,Premium,,13.0,16.0,0.23076923076923084,False
4682,CUST01021,Loom,Pending Customer Response,High,Free,,12.5,12.0,-0.040000000000000036,False
4683,CUST06916,Bitbucket,Pending Customer Response,Low,Premium,,27.0,27.0,0.0,False
4684,CUST04445,Bitbucket,Pending Customer Response,Low,Standard,,20.0,16.5,-0.17500000000000004,False
4685,CUST02412,Bitbucket,Open,Medium,Premium,,39.0,39.0,0.0,False
4686,CUST05011,Trello,Closed,High,Premium,3.0,19.5,17.0,-0.1282051282051282,False
4687,CUST01631,Confluence,Open,Low,Premium,,26.5,26.5,0.0,False
4688,CUST00626,Confluence,Open,Medium,Standard,,19.0,17.5,-0.07894736842105265,False
4689,CUST03538,Loom,Closed,High,Enterprise,1.0,14.5,10.5,-0.27586206896551724,True
4690,CUST03296,Trello,Closed,Critical,Premium,1.0,22.5,22.5,0.0,False
4691,CUST03350,Confluence,Open,Medium,Premium,,13.5,10.5,-0.2222222222222222,True
4692,CUST02732,Jira,Pending Customer Response,High,Premium,,20.0,26.5,0.32499999999999996,False
4693,CUST02547,Jira,Closed,Critical,Free,3.0,10.5,10.5,0.0,False
4694,CUST00293,Bitbucket,Pending Customer Response,Low,Standard,,11.5,10.5,-0.08695652173913049,False
4695,CUST04110,Confluence,Open,High,Premium,,17.5,13.0,-0.2571428571428571,True
4696,CUST01081,Loom,Closed,Low,Premium,3.0,7.0,5.5,-0.2142857142857143,True
4697,CUST05838,Trello,Closed,Medium,Free,5.0,10.0,16.0,0.6000000000000001,False
4698,CUST04166,Trello,Open,Medium,Standard,,7.0,8.5,0.2142857142857142,False
4699,CUST02549,Loom,Open,Medium,Enterprise,,4.0,9.0,1.25,False
4700,CUST06508,Confluence,Pending Customer Response,Medium,Standard,,16.5,18.0,0.09090909090909083,False
4701,CUST04469,Jira,Closed,Critical,Premium,3.0,27.0,23.0,-0.14814814814814814,False
4702,CUST04617,Jira,Closed,High,Premium,3.0,11.0,11.0,0.0,False
4703,CUST01623,Loom,Open,Low,Premium,,14.5,13.5,-0.06896551724137934,False
4704,CUST07934,Loom,Closed,High,Enterprise,1.0,14.0,11.5,-0.1785714285714286,False
4705,CUST01276,Jira,Closed,Low,Standard,3.0,23.5,18.0,-0.23404255319148937,True
4706,CUST03500,Bitbucket,Closed,High,Standard,5.0,20.5,16.5,-0.19512195121951215,False
4707,CUST04441,Jira,Pending Customer Response,High,Standard,,10.5,13.0,0.23809523809523814,False
4708,CUST02197,Jira,Open,Low,Free,,16.0,16.5,0.03125,False
4709,CUST06158,Jira,Closed,Medium,Standard,1.0,19.0,20.0,0.05263157894736836,False
4710,CUST00473,Loom,Pending Customer Response,Medium,Standard,,11.5,10.0,-0.13043478260869568,False
4711,CUST00829,Trello,Closed,Low,Standard,3.0,11.5,9.0,-0.21739130434782605,True
4712,CUST03177,Trello,Closed,Critical,Standard,1.0,18.5,15.0,-0.18918918918918914,False
4713,CUST07513,Trello,Pending Customer Response,Low,Free,,3.5,1.0,-0.7142857142857143,True
4714,CUST01485,Loom,Open,High,Standard,,12.0,11.0,-0.08333333333333337,False
4715,CUST04035,Loom,Closed,High,Free,5.0,3.0,4.0,0.33333333333333326,False
4716,CUST07173,Confluence,Open,Low,Premium,,12.0,10.5,-0.125,False
4717,CUST00775,Confluence,Open,Low,Premium,,33.0,38.0,0.1515151515151516,False
4718,CUST01365,Loom,Closed,Critical,Standard,5.0,12.0,10.5,-0.125,False
4719,CUST07931,Jira,Pending Customer Response,Medium,Standard,,20.0,16.0,-0.19999999999999996,False
4720,CUST07419,Jira,Open,High,Enterprise,,17.0,20.5,0.2058823529411764,False
4721,CUST00248,Jira,Open,Critical,Standard,,10.5,17.5,0.6666666666666667,False
4722,CUST06554,Confluence,Closed,High,Premium,2.0,26.5,23.5,-0.1132075471698113,False
4723,CUST07666,Confluence,Open,High,Premium,,27.5,28.5,0.036363636363636376,False
4724,CUST05126,Bitbucket,Open,Low,Premium,,21.5,22.5,0.04651162790697683,False
4725,CUST00324,Jira,Closed,Critical,Enterprise,1.0,28.0,28.0,0.0,False
4726,CUST05870,Trello,Open,Critical,Standard,,14.5,13.0,-0.10344827586206895,False
4727,CUST02209,Trello,Open,Medium,Premium,,22.5,15.5,-0.3111111111111111,True
4728,CUST02705,Loom,Pending Customer Response,Medium,Free,,11.0,7.5,-0.31818181818181823,True
4729,CUST06650,Confluence,Open,High,Premium,,9.5,10.0,0.05263157894736836,False
4730,CUST01052,Confluence,Closed,Low,Free,4.0,8.5,6.5,-0.23529411764705888,True
4731,CUST05393,Confluence,Pending Customer Response,Critical,Premium,,12.0,12.0,0.0,False
4732,CUST08235,Confluence,Pending Customer Response,Medium,Standard,,19.0,14.0,-0.26315789473684215,True
4733,CUST06416,Loom,Open,Low,Premium,,21.5,24.0,0.11627906976744184,False
4734,CUST00636,Trello,Closed,High,Enterprise,5.0,22.5,24.0,0.06666666666666665,False
4735,CUST07707,Jira,Open,Low,Free,,8.0,10.0,0.25,False
4736,CUST04143,Loom,Closed,Critical,Free,3.0,15.0,14.5,-0.033333333333333326,False
4737,CUST00895,Trello,Open,Medium,Premium,,16.5,28.0,0.696969696969697,False
4738,CUST00337,Bitbucket,Closed,Medium,Premium,2.0,23.5,21.5,-0.08510638297872342,False
4739,CUST03099,Trello,Pending Customer Response,Medium,Standard,,16.0,19.5,0.21875,False
4740,CUST06968,Jira,Open,High,Premium,,19.5,21.5,0.10256410256410264,False
4741,CUST07095,Jira,Open,High,Enterprise,,23.0,25.0,0.08695652173913038,False
4742,CUST05702,Jira,Open,Critical,Standard,,32.0,33.5,0.046875,False
4743,CUST02018,Trello,Open,Critical,Standard,,13.0,13.5,0.03846153846153855,False
4744,CUST05853,Confluence,Closed,High,Premium,2.0,26.0,24.0,-0.07692307692307687,False
4745,CUST00090,Loom,Open,High,Standard,,14.5,14.5,0.0,False
4746,CUST03247,Bitbucket,Closed,Low,Premium,1.0,20.0,16.5,-0.17500000000000004,False
4747,CUST04973,Trello,Closed,High,Standard,2.0,25.5,20.5,-0.196078431372549,False
4748,CUST01403,Trello,Open,Medium,Premium,,29.5,30.5,0.03389830508474567,False
4749,CUST01931,Bitbucket,Closed,Critical,Standard,1.0,46.0,41.5,-0.09782608695652173,False
4750,CUST03583,Bitbucket,Open,High,Premium,,23.5,21.0,-0.1063829787234043,False
4751,CUST01929,Trello,Open,Medium,Enterprise,,6.5,10.0,0.5384615384615385,False
4752,CUST04510,Jira,Pending Customer Response,Medium,Premium,,16.5,16.0,-0.030303030303030276,False
4753,CUST05177,Confluence,Closed,Low,Premium,4.0,14.0,13.0,-0.0714285714285714,False
4754,CUST00147,Bitbucket,Pending Customer Response,High,Premium,,24.5,24.5,0.0,False
4755,CUST05118,Loom,Pending Customer Response,High,Premium,,13.0,15.0,0.15384615384615374,False
4756,CUST06963,Jira,Pending Customer Response,Medium,Premium,,32.0,29.5,-0.078125,False
4757,CUST02539,Confluence,Open,Low,Standard,,11.0,10.5,-0.045454545454545414,False
4758,CUST01642,Jira,Open,Critical,Enterprise,,27.5,27.0,-0.018181818181818188,False
4759,CUST07661,Jira,Open,Low,Enterprise,,18.0,17.0,-0.05555555555555558,False
4760,CUST04912,Loom,Pending Customer Response,Low,Free,,7.5,7.0,-0.06666666666666665,False
4761,CUST06302,Bitbucket,Pending Customer Response,High,Standard,,21.5,25.0,0.16279069767441867,False
4762,CUST05171,Trello,Pending Customer Response,Medium,Standard,,13.0,14.5,0.11538461538461542,False
4763,CUST04969,Jira,Open,Critical,Standard,,10.5,10.5,0.0,False
4764,CUST00959,Bitbucket,Open,Low,Enterprise,,9.5,15.0,0.5789473684210527,False
4765,CUST01899,Loom,Pending Customer Response,Low,Standard,,10.0,11.5,0.1499999999999999,False
4766,CUST06961,Confluence,Closed,Medium,Premium,4.0,33.0,33.0,0.0,False
4767,CUST06209,Trello,Closed,Low,Premium,3.0,33.5,35.0,0.04477611940298498,False
4768,CUST02561,Trello,Closed,High,Premium,3.0,27.0,28.0,0.03703703703703698,False
4769,CUST05491,Bitbucket,Open,Medium,Premium,,25.0,22.0,-0.12,False
4770,CUST00694,Loom,Closed,Low,Standard,4.0,14.5,15.5,0.06896551724137923,False
4771,CUST04762,Trello,Closed,High,Standard,1.0,18.0,14.0,-0.2222222222222222,True
4772,CUST01726,Jira,Open,High,Standard,,26.0,28.0,0.07692307692307687,False
4773,CUST02434,Jira,Pending Customer Response,Critical,Premium,,24.5,21.5,-0.12244897959183676,False
4774,CUST06138,Trello,Closed,Critical,Premium,1.0,15.0,16.0,0.06666666666666665,False
4775,CUST06848,Loom,Closed,Medium,Standard,5.0,6.5,10.5,0.6153846153846154,False
4776,CUST03054,Bitbucket,Pending Customer Response,Low,Premium,,13.5,18.0,0.33333333333333326,False
4777,CUST00201,Confluence,Open,High,Enterprise,,16.5,16.5,0.0,False
4778,CUST03347,Trello,Closed,High,Standard,5.0,19.0,17.5,-0.07894736842105265,False
4779,CUST07158,Loom,Closed,Critical,Enterprise,1.0,15.5,15.0,-0.032258064516129004,False
4780,CUST04309,Confluence,Open,Critical,Enterprise,,16.0,20.0,0.25,False
4781,CUST03611,Confluence,Open,High,Enterprise,,17.5,22.5,0.2857142857142858,False
4782,CUST01242,Jira,Pending Customer Response,High,Standard,,7.5,7.0,-0.06666666666666665,False
4783,CUST01554,Bitbucket,Open,Medium,Standard,,20.5,24.5,0.19512195121951215,False
4784,CUST03436,Trello,Closed,High,Free,3.0,9.5,8.5,-0.10526315789473684,False
4785,CUST07439,Trello,Pending Customer Response,Medium,Standard,,31.0,30.5,-0.016129032258064502,False
4786,CUST02012,Loom,Pending Customer Response,Low,Enterprise,,49.5,42.0,-0.1515151515151515,False
4787,CUST02304,Jira,Open,Low,Premium,,13.0,14.5,0.11538461538461542,False
4788,CUST00874,Confluence,Open,Medium,Free,,8.0,7.5,-0.0625,False
4789,CUST05679,Jira,Pending Customer Response,Medium,Free,,11.5,12.5,0.08695652173913038,False
4790,CUST01409,Trello,Open,Critical,Standard,,22.5,20.5,-0.0888888888888889,False
4791,CUST08136,Confluence,Open,Critical,Free,,12.5,10.5,-0.16000000000000003,False
4792,CUST03886,Jira,Pending Customer Response,Critical,Premium,,23.0,29.0,0.26086956521739135,False
4793,CUST04743,Bitbucket,Pending Customer Response,Medium,Free,,6.0,7.0,0.16666666666666674,False
4794,CUST05061,Jira,Open,Critical,Standard,,27.5,25.0,-0.09090909090909094,False
4795,CUST04439,Jira,Open,High,Free,,9.0,14.0,0.5555555555555556,False
4796,CUST08276,Loom,Open,High,Free,,6.5,8.5,0.3076923076923077,False
4797,CUST01730,Trello,Pending Customer Response,Critical,Free,,13.5,18.0,0.33333333333333326,False
4798,CUST02183,Jira,Pending Customer Response,High,Standard,,18.0,14.0,-0.2222222222222222,True
4799,CUST00286,Loom,Pending Customer Response,High,Standard,,19.0,18.0,-0.052631578947368474,False
4800,CUST04111,Jira,Open,High,Standard,,42.0,39.0,-0.0714285714285714,False
4801,CUST05151,Trello,Open,Critical,Standard,,17.5,14.5,-0.17142857142857137,False
4802,CUST07211,Confluence,Open,High,Premium,,18.5,20.0,0.08108108108108114,False
4803,CUST01462,Confluence,Closed,Low,Enterprise,4.0,10.0,12.5,0.25,False
4804,CUST03285,Loom,Open,Medium,Standard,,17.5,19.0,0.08571428571428563,False
4805,CUST01538,Loom,Closed,Medium,Standard,4.0,14.5,15.5,0.06896551724137923,False
4806,CUST06366,Loom,Pending Customer Response,Critical,Standard,,22.0,24.5,0.11363636363636354,False
4807,CUST03031,Jira,Open,Low,Standard,,6.0,12.0,1.0,False
4808,CUST05186,Loom,Open,Low,Premium,,16.0,12.0,-0.25,True
4809,CUST04145,Confluence,Open,Low,Free,,33.0,30.0,-0.09090909090909094,False
4810,CUST02469,Confluence,Open,Critical,Enterprise,,23.0,20.0,-0.13043478260869568,False
4811,CUST01267,Trello,Open,Low,Premium,,17.0,11.0,-0.3529411764705882,True
4812,CUST07223,Loom,Open,Low,Premium,,23.0,24.0,0.04347826086956519,False
4813,CUST04152,Bitbucket,Pending Customer Response,Critical,Premium,,21.5,20.5,-0.046511627906976716,False
4814,CUST06399,Loom,Pending Customer Response,Low,Enterprise,,17.5,21.0,0.19999999999999996,False
4815,CUST07091,Loom,Pending Customer Response,High,Premium,,6.0,13.0,1.1666666666666665,False
4816,CUST02254,Trello,Closed,High,Premium,1.0,19.0,17.5,-0.07894736842105265,False
4817,CUST00009,Confluence,Closed,High,Premium,2.0,20.0,17.0,-0.15000000000000002,False
4818,CUST07845,Loom,Closed,High,Enterprise,5.0,13.5,19.5,0.4444444444444444,False
4819,CUST02602,Bitbucket,Open,Low,Premium,,24.0,26.5,0.10416666666666674,False
4820,CUST04137,Loom,Open,Medium,Enterprise,,11.0,11.0,0.0,False
4821,CUST08298,Jira,Closed,Low,Enterprise,1.0,19.5,18.0,-0.07692307692307687,False
4822,CUST05788,Bitbucket,Open,High,Free,,14.0,13.0,-0.0714285714285714,False
4823,CUST07700,Trello,Pending Customer Response,Low,Standard,,17.0,18.5,0.08823529411764697,False
4824,CUST02214,Bitbucket,Open,Low,Enterprise,,34.5,34.0,-0.01449275362318836,False
4825,CUST04348,Jira,Pending Customer Response,Medium,Standard,,14.0,22.0,0.5714285714285714,False
4826,CUST01645,Bitbucket,Closed,Medium,Free,4.0,6.5,7.5,0.15384615384615374,False
4827,CUST02662,Bitbucket,Open,High,Standard,,17.5,20.5,0.17142857142857149,False
4828,CUST08076,Trello,Open,High,Standard,,6.5,9.5,0.46153846153846145,False
4829,CUST03003,Confluence,Pending Customer Response,Medium,Standard,,49.5,47.5,-0.04040404040404044,False
4830,CUST04287,Jira,Pending Customer Response,Low,Premium,,16.0,18.5,0.15625,False
4831,CUST01802,Loom,Pending Customer Response,High,Standard,,12.5,6.5,-0.48,True
4832,CUST06304,Confluence,Closed,Low,Premium,2.0,42.5,42.0,-0.0117647058823529,False
4833,CUST03888,Confluence,Closed,High,Standard,5.0,12.5,16.5,0.32000000000000006,False
4834,CUST06677,Confluence,Pending Customer Response,Medium,Standard,,13.0,17.0,0.3076923076923077,False
4835,CUST05401,Jira,Closed,Low,Free,3.0,7.0,6.5,-0.0714285714285714,False
4836,CUST00118,Confluence,Pending Customer Response,Medium,Enterprise,,27.5,26.5,-0.036363636363636376,False
4837,CUST07438,Trello,Open,Low,Free,,1.0,4.5,3.5,False
4838,CUST04319,Confluence,Pending Customer Response,Low,Standard,,12.0,11.0,-0.08333333333333337,False
4839,CUST06486,Confluence,Open,Critical,Premium,,14.5,10.0,-0.31034482758620685,True
4840,CUST05579,Confluence,Open,High,Premium,,15.0,9.5,-0.3666666666666667,True
4841,CUST07559,Confluence,Open,High,Premium,,6.5,8.0,0.23076923076923084,False
4842,CUST00795,Loom,Closed,Critical,Premium,3.0,21.5,20.0,-0.06976744186046513,False
4843,CUST07844,Jira,Closed,Low,Standard,4.0,36.5,40.5,0.1095890410958904,False
4844,CUST07647,Trello,Open,Critical,Free,,10.0,9.5,-0.050000000000000044,False
4845,CUST03277,Loom,Open,Critical,Free,,6.5,4.0,-0.3846153846153846,True
4846,CUST04926,Jira,Pending Customer Response,Critical,Free,,7.5,7.0,-0.06666666666666665,False
4847,CUST00847,Loom,Pending Customer Response,Critical,Premium,,17.5,15.5,-0.11428571428571432,False
4848,CUST06070,Bitbucket,Open,High,Enterprise,,27.0,27.0,0.0,False
4849,CUST05813,Confluence,Open,High,Standard,,24.0,19.5,-0.1875,False
4850,CUST01743,Loom,Closed,Low,Standard,1.0,7.5,6.0,-0.19999999999999996,False
4851,CUST07033,Trello,Pending Customer Response,Critical,Standard,,10.0,10.5,0.050000000000000044,False
4852,CUST02172,Trello,Pending Customer Response,Low,Standard,,20.5,14.0,-0.31707317073170727,True
4853,CUST06705,Confluence,Pending Customer Response,Medium,Standard,,19.0,20.0,0.05263157894736836,False
4854,CUST04797,Loom,Pending Customer Response,Medium,Premium,,8.5,5.5,-0.3529411764705882,True
4855,CUST00418,Loom,Open,Medium,Free,,7.5,7.0,-0.06666666666666665,False
4856,CUST05979,Trello,Pending Customer Response,Low,Standard,,16.0,16.5,0.03125,False
4857,CUST08244,Confluence,Open,Critical,Premium,,17.0,21.0,0.23529411764705888,False
4858,CUST04316,Loom,Closed,Critical,Premium,1.0,23.5,16.0,-0.3191489361702128,True
4859,CUST04194,Bitbucket,Open,Medium,Standard,,7.0,7.5,0.0714285714285714,False
4860,CUST02278,Confluence,Open,Medium,Standard,,7.0,12.0,0.7142857142857142,False
4861,CUST03427,Confluence,Pending Customer Response,Low,Enterprise,,31.0,30.0,-0.032258064516129004,False
4862,CUST06068,Bitbucket,Pending Customer Response,Low,Premium,,19.5,17.5,-0.10256410256410253,False
4863,CUST00930,Confluence,Open,Medium,Premium,,13.0,18.5,0.42307692307692313,False
4864,CUST01741,Confluence,Open,High,Premium,,42.5,43.0,0.0117647058823529,False
4865,CUST00881,Bitbucket,Pending Customer Response,Medium,Premium,,8.5,5.5,-0.3529411764705882,True
4866,CUST02451,Jira,Closed,High,Enterprise,5.0,22.5,22.0,-0.022222222222222254,False
4867,CUST03101,Jira,Pending Customer Response,Low,Premium,,24.5,25.0,0.020408163265306145,False
4868,CUST08316,Trello,Pending Customer Response,Critical,Premium,,15.5,15.5,0.0,False
4869,CUST04620,Loom,Open,Low,Premium,,13.5,12.0,-0.11111111111111116,False
4870,CUST07673,Jira,Closed,Medium,Free,2.0,8.0,9.0,0.125,False
4871,CUST02754,Jira,Closed,Critical,Standard,3.0,10.5,14.5,0.38095238095238093,False
4872,CUST07823,Confluence,Pending Customer Response,High,Enterprise,,32.0,30.5,-0.046875,False
4873,CUST05130,Bitbucket,Pending Customer Response,Critical,Premium,,21.0,23.0,0.09523809523809534,False
4874,CUST04104,Confluence,Closed,Medium,Free,4.0,19.0,21.0,0.10526315789473695,False
4875,CUST05222,Confluence,Closed,High,Free,1.0,12.5,11.5,-0.07999999999999996,False
4876,CUST05855,Trello,Open,Critical,Standard,,2.0,8.5,3.25,False
4877,CUST07532,Confluence,Open,Critical,Standard,,15.0,16.5,0.10000000000000009,False
4878,CUST08197,Trello,Closed,Medium,Enterprise,1.0,23.0,23.5,0.021739130434782705,False
4879,CUST05463,Bitbucket,Pending Customer Response,High,Standard,,14.5,15.5,0.06896551724137923,False
4880,CUST03651,Bitbucket,Open,High,Premium,,18.5,17.5,-0.05405405405405406,False
4881,CUST05504,Trello,Open,Medium,Free,,15.0,9.0,-0.4,True
4882,CUST05710,Trello,Pending Customer Response,Low,Enterprise,,11.5,4.5,-0.6086956521739131,True
4883,CUST00556,Trello,Closed,High,Standard,3.0,26.0,20.0,-0.23076923076923073,True
4884,CUST01997,Confluence,Closed,Medium,Enterprise,3.0,35.5,42.0,0.18309859154929575,False
4885,CUST07062,Loom,Closed,High,Enterprise,2.0,14.5,13.0,-0.10344827586206895,False
4886,CUST00890,Confluence,Pending Customer Response,Critical,Standard,,6.0,8.5,0.41666666666666674,False
4887,CUST05982,Confluence,Open,Low,Standard,,10.0,4.5,-0.55,True
4888,CUST01581,Trello,Pending Customer Response,Critical,Premium,,52.0,53.5,0.028846153846153744,False
4889,CUST06621,Trello,Pending Customer Response,Low,Standard,,11.5,10.5,-0.08695652173913049,False
4890,CUST06456,Bitbucket,Closed,Medium,Standard,1.0,36.5,37.5,0.027397260273972712,False
4891,CUST06768,Jira,Closed,Medium,Standard,1.0,16.0,15.0,-0.0625,False
4892,CUST03902,Bitbucket,Closed,Low,Standard,4.0,24.5,30.0,0.22448979591836737,False
4893,CUST08225,Jira,Pending Customer Response,Medium,Premium,,46.0,52.0,0.13043478260869557,False
4894,CUST00495,Loom,Pending Customer Response,High,Standard,,34.5,34.0,-0.01449275362318836,False
4895,CUST03582,Jira,Closed,High,Standard,3.0,5.0,7.5,0.5,False
4896,CUST01552,Confluence,Pending Customer Response,High,Enterprise,,16.0,11.0,-0.3125,True
4897,CUST00656,Trello,Pending Customer Response,Critical,Free,,8.0,7.0,-0.125,False
4898,CUST00668,Jira,Closed,Low,Standard,3.0,11.5,11.5,0.0,False
4899,CUST05501,Jira,Open,Low,Enterprise,,16.0,17.0,0.0625,False
4900,CUST07080,Jira,Pending Customer Response,Critical,Standard,,15.0,11.0,-0.2666666666666667,True
4901,CUST02461,Loom,Pending Customer Response,Critical,Premium,,7.0,8.0,0.1428571428571428,False
4902,CUST05969,Confluence,Closed,Medium,Standard,3.0,11.0,9.5,-0.13636363636363635,False
4903,CUST00189,Loom,Closed,Critical,Standard,5.0,12.0,6.0,-0.5,True
4904,CUST07966,Bitbucket,Open,Medium,Standard,,14.5,13.0,-0.10344827586206895,False
4905,CUST05632,Bitbucket,Pending Customer Response,Low,Premium,,21.0,22.5,0.0714285714285714,False
4906,CUST06145,Confluence,Open,Low,Standard,,10.0,15.5,0.55,False
4907,CUST01584,Bitbucket,Pending Customer Response,Medium,Standard,,27.5,28.0,0.018181818181818077,False
4908,CUST06557,Confluence,Open,High,Standard,,24.5,20.0,-0.18367346938775508,False
4909,CUST07368,Confluence,Closed,Medium,Enterprise,2.0,30.5,28.0,-0.08196721311475408,False
4910,CUST03219,Bitbucket,Closed,High,Enterprise,2.0,25.5,24.0,-0.05882352941176472,False
4911,CUST01240,Jira,Open,Low,Premium,,11.0,12.5,0.13636363636363646,False
4912,CUST02944,Bitbucket,Open,Critical,Premium,,14.0,16.0,0.1428571428571428,False
4913,CUST00013,Loom,Open,High,Standard,,11.5,12.5,0.08695652173913038,False
4914,CUST08319,Jira,Closed,Critical,Standard,2.0,9.5,11.0,0.1578947368421053,False
4915,CUST00963,Jira,Pending Customer Response,Low,Standard,,22.5,24.0,0.06666666666666665,False
4916,CUST03118,Trello,Closed,Critical,Premium,4.0,11.0,16.0,0.4545454545454546,False
4917,CUST00194,Jira,Pending Customer Response,High,Standard,,20.0,15.0,-0.25,True
4918,CUST04471,Jira,Open,Critical,Enterprise,,25.0,24.5,-0.020000000000000018,False
4919,CUST00703,Jira,Pending Customer Response,Low,Standard,,11.0,15.0,0.36363636363636354,False
4920,CUST03087,Loom,Closed,Low,Standard,2.0,12.0,16.0,0.33333333333333326,False
4921,CUST04487,Trello,Open,Critical,Free,,7.5,10.0,0.33333333333333326,False
4922,CUST05869,Loom,Pending Customer Response,Critical,Free,,6.0,4.0,-0.33333333333333337,True
4923,CUST03271,Bitbucket,Open,Critical,Standard,,14.0,15.5,0.1071428571428572,False
4924,CUST01084,Confluence,Closed,Critical,Free,4.0,14.0,11.0,-0.2142857142857143,True
4925,CUST06842,Confluence,Open,High,Standard,,18.0,16.0,-0.11111111111111116,False
4926,CUST00066,Loom,Pending Customer Response,High,Standard,,18.0,21.0,0.16666666666666674,False
4927,CUST02419,Jira,Open,Critical,Premium,,10.5,12.5,0.19047619047619047,False
4928,CUST06730,Jira,Open,Critical,Free,,19.0,21.5,0.13157894736842102,False
4929,CUST05023,Loom,Open,Low,Premium,,4.5,6.0,0.33333333333333326,False
4930,CUST01930,Loom,Closed,Medium,Enterprise,1.0,20.5,18.5,-0.09756097560975607,False
4931,CUST07648,Trello,Closed,Low,Standard,4.0,15.0,15.5,0.03333333333333344,False
4932,CUST07152,Trello,Open,Medium,Premium,,26.0,25.0,-0.038461538461538436,False
4933,CUST04369,Bitbucket,Pending Customer Response,Critical,Premium,,19.5,20.0,0.02564102564102555,False
4934,CUST05789,Trello,Closed,Critical,Standard,4.0,20.5,20.0,-0.024390243902439046,False
4935,CUST05947,Confluence,Open,Low,Standard,,8.5,10.5,0.23529411764705888,False
4936,CUST00083,Confluence,Pending Customer Response,Low,Premium,,34.5,40.0,0.1594202898550725,False
4937,CUST03105,Bitbucket,Open,Medium,Standard,,17.5,14.0,-0.19999999999999996,False
4938,CUST07717,Confluence,Pending Customer Response,Medium,Premium,,17.5,19.5,0.11428571428571432,False
4939,CUST02399,Loom,Closed,Critical,Standard,4.0,6.5,4.5,-0.3076923076923077,True
4940,CUST02529,Jira,Closed,Medium,Standard,1.0,12.5,21.0,0.6799999999999999,False
4941,CUST08114,Jira,Pending Customer Response,Critical,Standard,,11.5,11.5,0.0,False
4942,CUST08280,Loom,Open,Critical,Enterprise,,19.0,14.5,-0.23684210526315785,True
4943,CUST07281,Bitbucket,Pending Customer Response,Low,Standard,,14.0,16.0,0.1428571428571428,False
4944,CUST00555,Confluence,Pending Customer Response,Critical,Free,,6.0,9.0,0.5,False
4945,CUST05189,Trello,Pending Customer Response,Low,Free,,8.0,6.5,-0.1875,False
4946,CUST02898,Bitbucket,Closed,Medium,Enterprise,1.0,19.0,14.0,-0.26315789473684215,True
4947,CUST00870,Bitbucket,Open,High,Standard,,17.0,17.0,0.0,False
4948,CUST05004,Bitbucket,Closed,Critical,Free,1.0,4.5,2.5,-0.4444444444444444,True
4949,CUST03520,Jira,Open,Medium,Standard,,9.0,5.0,-0.4444444444444444,True
4950,CUST00558,Bitbucket,Pending Customer Response,High,Free,,14.5,17.5,0.2068965517241379,False
4951,CUST02139,Jira,Pending Customer Response,High,Free,,10.5,10.5,0.0,False
4952,CUST07566,Trello,Pending Customer Response,Critical,Premium,,27.0,22.5,-0.16666666666666663,False
4953,CUST01879,Loom,Open,Medium,Standard,,14.0,16.0,0.1428571428571428,False
4954,CUST03206,Trello,Closed,Low,Standard,2.0,15.5,14.5,-0.06451612903225812,False
4955,CUST06488,Jira,Closed,Low,Premium,1.0,19.0,20.0,0.05263157894736836,False
4956,CUST06653,Bitbucket,Closed,Medium,Enterprise,3.0,22.0,24.5,0.11363636363636354,False
4957,CUST07086,Confluence,Closed,Critical,Enterprise,2.0,68.5,68.5,0.0,False
4958,CUST00842,Bitbucket,Pending Customer Response,Medium,Premium,,7.5,13.0,0.7333333333333334,False
4959,CUST00507,Trello,Open,High,Standard,,15.5,13.5,-0.12903225806451613,False
4960,CUST03789,Loom,Pending Customer Response,High,Standard,,15.0,19.0,0.2666666666666666,False
4961,CUST01287,Bitbucket,Pending Customer Response,Low,Free,,15.0,13.0,-0.1333333333333333,False
4962,CUST00086,Trello,Open,Medium,Premium,,14.5,14.0,-0.03448275862068961,False
4963,CUST05540,Trello,Closed,Medium,Enterprise,5.0,24.0,26.5,0.10416666666666674,False
4964,CUST00242,Jira,Open,High,Standard,,29.0,24.0,-0.1724137931034483,False
4965,CUST01918,Jira,Pending Customer Response,Critical,Free,,17.5,15.5,-0.11428571428571432,False
4966,CUST06237,Confluence,Pending Customer Response,Critical,Standard,,12.0,7.0,-0.41666666666666663,True
4967,CUST03228,Bitbucket,Closed,Critical,Free,4.0,10.0,13.5,0.3500000000000001,False
4968,CUST01908,Confluence,Pending Customer Response,High,Standard,,17.0,14.0,-0.17647058823529416,False
4969,CUST03557,Jira,Closed,Critical,Standard,3.0,20.5,16.5,-0.19512195121951215,False
4970,CUST07230,Trello,Open,Low,Premium,,30.0,28.0,-0.06666666666666665,False
4971,CUST00454,Confluence,Closed,Critical,Standard,2.0,24.0,25.0,0.04166666666666674,False
4972,CUST05290,Jira,Pending Customer Response,High,Premium,,15.0,12.0,-0.19999999999999996,False
4973,CUST05476,Loom,Open,Critical,Standard,,14.0,13.5,-0.0357142857142857,False
4974,CUST03824,Jira,Pending Customer Response,High,Enterprise,,39.0,41.0,0.05128205128205132,False
4975,CUST03958,Bitbucket,Closed,Medium,Premium,1.0,13.5,14.0,0.03703703703703698,False
4976,CUST02934,Bitbucket,Closed,High,Free,1.0,17.5,17.0,-0.02857142857142858,False
4977,CUST05340,Bitbucket,Closed,Low,Standard,1.0,12.5,12.5,0.0,False
4978,CUST04379,Loom,Pending Customer Response,High,Premium,,26.0,31.0,0.1923076923076923,False
4979,CUST00014,Trello,Open,Critical,Enterprise,,15.5,16.5,0.06451612903225801,False
4980,CUST08049,Loom,Open,High,Standard,,4.5,6.5,0.4444444444444444,False
4981,CUST06401,Loom,Closed,Critical,Standard,2.0,14.0,11.5,-0.1785714285714286,False
4982,CUST06632,Loom,Closed,High,Free,2.0,4.5,5.5,0.22222222222222232,False
4983,CUST01332,Bitbucket,Open,Critical,Enterprise,,19.0,19.5,0.026315789473684292,False
4984,CUST04060,Loom,Open,Low,Standard,,10.5,9.0,-0.1428571428571429,False
4985,CUST03671,Bitbucket,Pending Customer Response,Low,Standard,,17.5,15.5,-0.11428571428571432,False
4986,CUST00800,Bitbucket,Closed,Critical,Enterprise,3.0,44.5,45.0,0.011235955056179803,False
4987,CUST06211,Jira,Open,Critical,Standard,,12.5,14.5,0.15999999999999992,False
4988,CUST04646,Trello,Pending Customer Response,Medium,Premium,,19.5,19.5,0.0,False
4989,CUST03533,Trello,Open,Low,Standard,,15.5,20.0,0.29032258064516125,False
4990,CUST04682,Trello,Closed,Critical,Standard,2.0,8.5,10.0,0.17647058823529416,False
4991,CUST05032,Bitbucket,Closed,Medium,Enterprise,3.0,13.0,14.0,0.07692307692307687,False
4992,CUST05578,Confluence,Pending Customer Response,High,Premium,,13.0,15.0,0.15384615384615374,False
4993,CUST02177,Jira,Closed,Low,Free,5.0,11.5,5.5,-0.5217391304347826,True
4994,CUST06095,Jira,Closed,Low,Enterprise,4.0,21.0,18.5,-0.11904761904761907,False
4995,CUST05762,Bitbucket,Open,Critical,Premium,,19.0,14.5,-0.23684210526315785,True
4996,CUST06017,Jira,Open,High,Standard,,10.0,3.5,-0.65,True
4997,CUST01178,Jira,Closed,Medium,Premium,4.0,32.5,42.5,0.3076923076923077,False
4998,CUST05932,Bitbucket,Open,Medium,Standard,,20.0,19.5,-0.025000000000000022,False
4999,CUST05125,Trello,Pending Customer Response,Critical,Standard,,15.5,17.0,0.09677419354838701,False
5000,CUST02135,Jira,Pending Customer Response,Low,Enterprise,,26.5,33.0,0.24528301886792447,False
5001,CUST05827,Confluence,Open,Critical,Free,,13.0,12.5,-0.038461538461538436,False
5002,CUST07042,Trello,Pending Customer Response,Critical,Premium,,15.5,15.5,0.0,False
5003,CUST03754,Loom,Closed,Medium,Premium,3.0,27.0,21.5,-0.20370370370370372,True
5004,CUST02411,Bitbucket,Closed,Medium,Premium,5.0,15.5,17.0,0.09677419354838701,False
5005,CUST05510,Confluence,Open,Medium,Premium,,2.0,7.5,2.75,False
5006,CUST04343,Trello,Open,Medium,Standard,,21.5,16.5,-0.2325581395348837,True
5007,CUST04739,Loom,Open,High,Standard,,12.0,9.0,-0.25,True
5008,CUST00193,Trello,Pending Customer Response,Medium,Standard,,18.0,16.0,-0.11111111111111116,False
5009,CUST06218,Jira,Pending Customer Response,Critical,Standard,,3.0,7.0,1.3333333333333335,False
5010,CUST04271,Loom,Open,Medium,Free,,12.5,14.0,0.1200000000000001,False
5011,CUST00133,Confluence,Closed,Medium,Standard,4.0,19.5,16.5,-0.15384615384615385,False
5012,CUST03290,Jira,Closed,High,Standard,5.0,23.5,21.0,-0.1063829787234043,False
5013,CUST07420,Trello,Open,Critical,Enterprise,,17.5,20.0,0.1428571428571428,False
5014,CUST01755,Loom,Closed,Critical,Enterprise,1.0,21.5,20.5,-0.046511627906976716,False
5015,CUST00974,Bitbucket,Closed,High,Standard,4.0,19.0,22.5,0.18421052631578938,False
5016,CUST05576,Jira,Pending Customer Response,Low,Standard,,17.0,14.0,-0.17647058823529416,False
5017,CUST02615,Trello,Open,High,Free,,11.5,10.0,-0.13043478260869568,False
5018,CUST04491,Loom,Open,Low,Premium,,12.0,7.0,-0.41666666666666663,True
5019,CUST04781,Confluence,Closed,Critical,Free,1.0,22.0,14.0,-0.36363636363636365,True
5020,CUST05907,Bitbucket,Open,High,Standard,,8.5,12.5,0.47058823529411775,False
5021,CUST05051,Jira,Open,Low,Standard,,4.0,13.5,2.375,False
5022,CUST08198,Jira,Pending Customer Response,Critical,Standard,,10.0,13.0,0.30000000000000004,False
5023,CUST01336,Trello,Pending Customer Response,High,Premium,,21.0,15.5,-0.26190476190476186,True
5024,CUST05328,Loom,Pending Customer Response,High,Premium,,7.5,6.5,-0.1333333333333333,False
5025,CUST06811,Loom,Closed,Medium,Enterprise,3.0,41.0,42.0,0.024390243902439046,False
5026,CUST01767,Confluence,Pending Customer Response,Medium,Standard,,12.5,9.5,-0.24,True
5027,CUST07461,Trello,Pending Customer Response,Critical,Standard,,9.5,12.5,0.3157894736842106,False
5028,CUST01902,Trello,Open,High,Free,,12.5,7.0,-0.43999999999999995,True
5029,CUST07442,Confluence,Closed,Medium,Premium,4.0,12.0,14.0,0.16666666666666674,False
5030,CUST03787,Jira,Closed,High,Enterprise,4.0,28.5,31.0,0.08771929824561409,False
5031,CUST03804,Jira,Pending Customer Response,Medium,Premium,,62.5,65.0,0.040000000000000036,False
5032,CUST01054,Confluence,Open,Critical,Enterprise,,41.0,41.0,0.0,False
5033,CUST06133,Trello,Pending Customer Response,High,Standard,,20.0,20.5,0.02499999999999991,False
5034,CUST05659,Loom,Open,High,Enterprise,,32.0,31.5,-0.015625,False
5035,CUST03816,Confluence,Open,Medium,Enterprise,,21.0,21.5,0.023809523809523725,False
5036,CUST03248,Bitbucket,Open,High,Enterprise,,23.0,19.5,-0.15217391304347827,False
5037,CUST05598,Loom,Pending Customer Response,High,Premium,,25.0,20.5,-0.18000000000000005,False
5038,CUST06261,Bitbucket,Pending Customer Response,Medium,Premium,,23.5,20.5,-0.12765957446808507,False
5039,CUST04273,Trello,Pending Customer Response,High,Enterprise,,18.0,20.5,0.13888888888888884,False
5040,CUST01068,Loom,Pending Customer Response,Medium,Premium,,9.5,11.0,0.1578947368421053,False
5041,CUST01815,Trello,Closed,High,Premium,3.0,28.0,25.5,-0.0892857142857143,False
5042,CUST02752,Trello,Closed,Critical,Premium,1.0,20.5,22.0,0.07317073170731714,False
5043,CUST01560,Trello,Closed,Critical,Premium,2.0,19.5,20.5,0.05128205128205132,False
5044,CUST00760,Trello,Pending Customer Response,High,Enterprise,,25.5,24.5,-0.039215686274509776,False
5045,CUST01565,Bitbucket,Pending Customer Response,Medium,Enterprise,,22.5,19.0,-0.15555555555555556,False
5046,CUST04002,Bitbucket,Pending Customer Response,High,Free,,11.5,10.5,-0.08695652173913049,False
5047,CUST05811,Loom,Closed,Medium,Enterprise,3.0,13.5,14.5,0.07407407407407418,False
5048,CUST00146,Bitbucket,Closed,Low,Standard,4.0,14.0,15.5,0.1071428571428572,False
5049,CUST01015,Trello,Open,Low,Premium,,16.5,18.5,0.1212121212121211,False
5050,CUST03254,Confluence,Pending Customer Response,Critical,Enterprise,,39.5,40.5,0.025316455696202445,False
5051,CUST03911,Jira,Pending Customer Response,Critical,Free,,7.5,12.5,0.6666666666666667,False
5052,CUST07981,Bitbucket,Pending Customer Response,Critical,Enterprise,,52.5,53.0,0.00952380952380949,False
5053,CUST00566,Trello,Open,High,Enterprise,,21.5,20.5,-0.046511627906976716,False
5054,CUST03726,Bitbucket,Closed,Low,Premium,3.0,10.5,9.0,-0.1428571428571429,False
5055,CUST05020,Jira,Pending Customer Response,Low,Standard,,40.0,45.5,0.13749999999999996,False
5056,CUST05854,Loom,Pending Customer Response,Critical,Premium,,13.5,11.0,-0.18518518518518523,False
5057,CUST01217,Bitbucket,Open,Low,Standard,,15.0,12.0,-0.19999999999999996,False
5058,CUST02468,Loom,Pending Customer Response,Medium,Standard,,15.5,18.0,0.16129032258064524,False
5059,CUST04299,Bitbucket,Closed,Medium,Standard,2.0,11.0,7.0,-0.36363636363636365,True
5060,CUST02136,Bitbucket,Open,Critical,Premium,,25.0,22.0,-0.12,False
5061,CUST05149,Trello,Closed,Low,Standard,3.0,20.5,19.0,-0.07317073170731703,False
5062,CUST06219,Trello,Pending Customer Response,Low,Premium,,21.0,22.0,0.04761904761904767,False
5063,CUST05462,Bitbucket,Open,Low,Standard,,7.0,10.0,0.4285714285714286,False
5064,CUST02582,Loom,Open,Critical,Premium,,15.0,9.5,-0.3666666666666667,True
5065,CUST01465,Trello,Closed,Low,Standard,1.0,15.5,13.0,-0.16129032258064513,False
5066,CUST04925,Jira,Pending Customer Response,Low,Premium,,30.5,25.0,-0.180327868852459,False
5067,CUST04772,Jira,Pending Customer Response,Medium,Free,,13.5,15.5,0.14814814814814814,False
5068,CUST03787,Bitbucket,Pending Customer Response,Medium,Enterprise,,26.0,29.0,0.11538461538461542,False
5069,CUST02056,Loom,Open,Medium,Premium,,10.0,5.5,-0.44999999999999996,True
5070,CUST06452,Trello,Open,Medium,Premium,,31.0,33.0,0.06451612903225801,False
5071,CUST06995,Trello,Open,High,Free,,10.0,10.0,0.0,False
5072,CUST00936,Trello,Open,Medium,Standard,,20.5,13.5,-0.3414634146341463,True
5073,CUST03435,Loom,Open,Critical,Standard,,16.5,17.5,0.06060606060606055,False
5074,CUST03194,Loom,Pending Customer Response,High,Standard,,24.5,26.5,0.08163265306122458,False
5075,CUST06681,Jira,Closed,Medium,Standard,1.0,15.0,16.0,0.06666666666666665,False
5076,CUST03794,Bitbucket,Pending Customer Response,High,Premium,,13.0,12.0,-0.07692307692307687,False
5077,CUST07524,Confluence,Closed,Medium,Premium,4.0,19.5,22.0,0.1282051282051282,False
5078,CUST04885,Jira,Closed,Critical,Enterprise,3.0,19.5,19.5,0.0,False
5079,CUST06620,Bitbucket,Pending Customer Response,Low,Premium,,12.0,12.0,0.0,False
5080,CUST05733,Bitbucket,Open,Critical,Premium,,20.0,17.0,-0.15000000000000002,False
5081,CUST04669,Jira,Pending Customer Response,Medium,Premium,,21.5,19.0,-0.11627906976744184,False
5082,CUST03904,Bitbucket,Pending Customer Response,High,Standard,,25.5,29.0,0.13725490196078427,False
5083,CUST04724,Bitbucket,Closed,High,Standard,4.0,16.0,18.5,0.15625,False
5084,CUST06826,Loom,Pending Customer Response,High,Free,,10.0,10.5,0.050000000000000044,False
5085,CUST03311,Jira,Pending Customer Response,Medium,Free,,10.5,11.0,0.04761904761904767,False
5086,CUST01625,Bitbucket,Open,Low,Standard,,18.5,11.0,-0.4054054054054054,True
5087,CUST03240,Jira,Closed,High,Free,4.0,23.5,26.5,0.12765957446808507,False
5088,CUST07498,Trello,Pending Customer Response,Low,Standard,,4.5,7.0,0.5555555555555556,False
5089,CUST05283,Loom,Pending Customer Response,High,Standard,,3.5,7.0,1.0,False
5090,CUST04420,Confluence,Pending Customer Response,High,Standard,,16.5,14.5,-0.12121212121212122,False
5091,CUST02725,Loom,Pending Customer Response,Low,Standard,,11.0,11.0,0.0,False
5092,CUST02341,Confluence,Pending Customer Response,High,Standard,,10.0,6.5,-0.35,True
5093,CUST05479,Bitbucket,Closed,High,Enterprise,5.0,42.0,45.5,0.08333333333333326,False
5094,CUST02710,Loom,Pending Customer Response,Medium,Premium,,19.5,18.0,-0.07692307692307687,False
5095,CUST03627,Trello,Pending Customer Response,Critical,Standard,,13.0,10.0,-0.23076923076923073,True
5096,CUST04320,Loom,Pending Customer Response,High,Premium,,7.0,14.0,1.0,False
5097,CUST00621,Bitbucket,Pending Customer Response,Medium,Free,,11.0,7.5,-0.31818181818181823,True
5098,CUST00407,Jira,Open,Low,Free,,18.5,21.0,0.1351351351351351,False
5099,CUST00710,Trello,Closed,Critical,Free,5.0,8.0,6.0,-0.25,True
5100,CUST04210,Jira,Pending Customer Response,High,Standard,,22.5,18.5,-0.1777777777777778,False
5101,CUST00857,Jira,Open,Medium,Enterprise,,13.0,14.0,0.07692307692307687,False
5102,CUST05232,Confluence,Pending Customer Response,Critical,Premium,,20.0,14.0,-0.30000000000000004,True
5103,CUST04673,Loom,Closed,Medium,Enterprise,1.0,21.0,18.0,-0.1428571428571429,False
5104,CUST04971,Loom,Pending Customer Response,Low,Free,,10.5,8.0,-0.23809523809523814,True
5105,CUST07951,Bitbucket,Pending Customer Response,Low,Standard,,15.0,19.0,0.2666666666666666,False
5106,CUST01580,Confluence,Closed,Critical,Free,2.0,6.5,4.0,-0.3846153846153846,True
5107,CUST04514,Confluence,Open,Medium,Standard,,13.5,16.0,0.18518518518518512,False
5108,CUST03141,Bitbucket,Pending Customer Response,Medium,Standard,,8.5,7.5,-0.11764705882352944,False
5109,CUST05879,Bitbucket,Closed,High,Standard,4.0,21.5,25.5,0.18604651162790709,False
5110,CUST07757,Bitbucket,Open,High,Free,,6.5,8.0,0.23076923076923084,False
5111,CUST01683,Loom,Pending Customer Response,Critical,Premium,,7.5,5.5,-0.2666666666666667,True
5112,CUST05155,Loom,Closed,Medium,Standard,1.0,8.0,9.5,0.1875,False
5113,CUST05031,Loom,Closed,Medium,Standard,3.0,19.0,16.0,-0.1578947368421053,False
5114,CUST00032,Bitbucket,Closed,High,Standard,1.0,23.0,22.5,-0.021739130434782594,False
5115,CUST00848,Jira,Pending Customer Response,Low,Standard,,5.0,8.5,0.7,False
5116,CUST00562,Trello,Open,Low,Premium,,20.0,21.5,0.07499999999999996,False
5117,CUST01275,Jira,Open,Low,Standard,,11.5,7.0,-0.3913043478260869,True
5118,CUST01269,Bitbucket,Closed,High,Free,3.0,6.5,2.5,-0.6153846153846154,True
5119,CUST01525,Bitbucket,Closed,Medium,Standard,2.0,37.0,32.5,-0.1216216216216216,False
5120,CUST05147,Trello,Closed,High,Enterprise,3.0,17.0,15.5,-0.08823529411764708,False
5121,CUST01996,Jira,Pending Customer Response,Critical,Premium,,10.5,15.5,0.4761904761904763,False
5122,CUST04022,Trello,Pending Customer Response,Medium,Standard,,11.5,16.5,0.4347826086956521,False
5123,CUST01412,Confluence,Closed,Low,Standard,1.0,12.5,9.5,-0.24,True
5124,CUST01074,Loom,Closed,Critical,Premium,1.0,6.0,10.5,0.75,False
5125,CUST04650,Jira,Open,Medium,Standard,,17.5,14.5,-0.17142857142857137,False
5126,CUST01360,Trello,Open,Low,Standard,,11.5,7.5,-0.34782608695652173,True
5127,CUST05378,Loom,Closed,High,Standard,3.0,10.5,12.5,0.19047619047619047,False
5128,CUST01514,Jira,Closed,High,Standard,4.0,14.0,11.0,-0.2142857142857143,True
5129,CUST08062,Loom,Closed,Low,Premium,5.0,18.5,17.5,-0.05405405405405406,False
5130,CUST06562,Trello,Pending Customer Response,Medium,Standard,,16.0,8.5,-0.46875,True
5131,CUST00607,Confluence,Pending Customer Response,Low,Standard,,24.0,25.0,0.04166666666666674,False
5132,CUST07546,Confluence,Pending Customer Response,Medium,Premium,,27.0,30.5,0.12962962962962954,False
5133,CUST05536,Bitbucket,Closed,Medium,Standard,5.0,15.0,14.0,-0.06666666666666665,False
5134,CUST02940,Confluence,Closed,Medium,Free,2.0,3.5,3.0,-0.1428571428571429,False
5135,CUST04696,Confluence,Pending Customer Response,Critical,Enterprise,,11.0,7.5,-0.31818181818181823,True
5136,CUST00856,Confluence,Open,Low,Free,,12.0,14.5,0.20833333333333326,False
5137,CUST01238,Loom,Pending Customer Response,Medium,Premium,,3.5,6.5,0.8571428571428572,False
5138,CUST04600,Bitbucket,Pending Customer Response,Low,Enterprise,,16.0,18.5,0.15625,False
5139,CUST00225,Loom,Closed,Low,Premium,5.0,12.0,7.0,-0.41666666666666663,True
5140,CUST01083,Trello,Pending Customer Response,Medium,Standard,,13.0,16.5,0.26923076923076916,False
5141,CUST07131,Jira,Open,Medium,Standard,,15.5,12.5,-0.19354838709677424,False
5142,CUST02596,Bitbucket,Pending Customer Response,Low,Premium,,5.5,7.0,0.2727272727272727,False
5143,CUST04992,Jira,Open,Low,Premium,,4.0,6.5,0.625,False
5144,CUST06170,Confluence,Closed,Critical,Free,4.0,13.0,11.5,-0.11538461538461542,False
5145,CUST05005,Confluence,Closed,Critical,Standard,2.0,19.0,17.5,-0.07894736842105265,False
5146,CUST05474,Bitbucket,Closed,Critical,Standard,2.0,15.5,17.5,0.12903225806451624,False
5147,CUST03050,Trello,Pending Customer Response,Critical,Standard,,22.0,25.0,0.13636363636363646,False
5148,CUST02381,Jira,Closed,Low,Standard,2.0,35.5,30.5,-0.14084507042253525,False
5149,CUST01772,Trello,Closed,Low,Premium,2.0,22.0,26.0,0.18181818181818188,False
5150,CUST02903,Trello,Pending Customer Response,Low,Premium,,10.5,8.5,-0.19047619047619047,False
5151,CUST06251,Loom,Pending Customer Response,Low,Enterprise,,24.5,24.5,0.0,False
5152,CUST00745,Bitbucket,Closed,Low,Free,3.0,10.5,8.0,-0.23809523809523814,True
5153,CUST07338,Bitbucket,Closed,Critical,Standard,1.0,9.0,7.5,-0.16666666666666663,False
5154,CUST03353,Trello,Closed,Critical,Premium,4.0,40.0,32.0,-0.19999999999999996,False
5155,CUST00823,Jira,Closed,Low,Premium,4.0,15.0,18.0,0.19999999999999996,False
5156,CUST07776,Jira,Open,Low,Standard,,31.5,34.0,0.0793650793650793,False
5157,CUST06672,Bitbucket,Closed,Medium,Enterprise,3.0,24.0,23.5,-0.02083333333333337,False
5158,CUST03502,Confluence,Closed,Critical,Standard,5.0,14.5,14.5,0.0,False
5159,CUST01120,Confluence,Open,Medium,Enterprise,,14.5,12.5,-0.13793103448275867,False
5160,CUST04596,Confluence,Open,Critical,Standard,,17.5,19.5,0.11428571428571432,False
5161,CUST02888,Jira,Closed,Critical,Enterprise,2.0,15.5,16.5,0.06451612903225801,False
5162,CUST02959,Jira,Open,Medium,Free,,11.0,11.5,0.045454545454545414,False
5163,CUST04293,Loom,Open,Medium,Free,,6.0,7.5,0.25,False
5164,CUST00828,Loom,Closed,Medium,Enterprise,4.0,19.0,25.5,0.3421052631578947,False
5165,CUST05958,Trello,Open,Low,Standard,,16.0,13.0,-0.1875,False
5166,CUST07743,Bitbucket,Pending Customer Response,Low,Standard,,13.5,12.5,-0.07407407407407407,False
5167,CUST01210,Loom,Open,High,Enterprise,,37.0,36.0,-0.027027027027026973,False
5168,CUST07963,Bitbucket,Closed,Medium,Standard,3.0,39.0,37.5,-0.038461538461538436,False
5169,CUST01163,Loom,Pending Customer Response,High,Standard,,10.0,11.0,0.10000000000000009,False
5170,CUST00433,Bitbucket,Closed,Low,Standard,4.0,13.5,11.5,-0.14814814814814814,False
5171,CUST01992,Bitbucket,Closed,Low,Enterprise,3.0,11.0,12.0,0.09090909090909083,False
5172,CUST05017,Confluence,Pending Customer Response,Medium,Premium,,12.5,12.5,0.0,False
5173,CUST01232,Confluence,Pending Customer Response,High,Premium,,30.5,26.5,-0.1311475409836066,False
5174,CUST01268,Trello,Closed,Medium,Premium,2.0,16.5,16.0,-0.030303030303030276,False
5175,CUST08132,Loom,Closed,High,Standard,2.0,16.0,15.0,-0.0625,False
5176,CUST01146,Loom,Pending Customer Response,High,Standard,,13.0,17.0,0.3076923076923077,False
5177,CUST06488,Trello,Pending Customer Response,High,Premium,,18.5,16.5,-0.10810810810810811,False
5178,CUST04422,Confluence,Pending Customer Response,High,Premium,,12.0,13.5,0.125,False
5179,CUST01066,Jira,Closed,Low,Standard,5.0,15.5,15.0,-0.032258064516129004,False
5180,CUST07336,Bitbucket,Closed,Critical,Premium,3.0,7.0,11.5,0.6428571428571428,False
5181,CUST04114,Confluence,Open,Critical,Free,,15.5,20.5,0.32258064516129026,False
5182,CUST02811,Confluence,Open,Medium,Free,,6.5,6.0,-0.07692307692307687,False
5183,CUST01834,Loom,Pending Customer Response,Medium,Premium,,55.5,61.0,0.0990990990990992,False
5184,CUST04367,Trello,Open,Critical,Enterprise,,21.5,19.5,-0.09302325581395354,False
5185,CUST04497,Jira,Open,Critical,Standard,,18.5,12.5,-0.32432432432432434,True
5186,CUST00359,Trello,Closed,Low,Standard,2.0,4.5,5.0,0.11111111111111116,False
5187,CUST07529,Loom,Closed,Medium,Premium,2.0,18.5,18.0,-0.027027027027026973,False
5188,CUST02783,Trello,Open,Medium,Standard,,23.5,17.0,-0.276595744680851,True
5189,CUST00503,Confluence,Open,Medium,Enterprise,,12.0,13.5,0.125,False
5190,CUST01326,Bitbucket,Closed,High,Enterprise,3.0,13.0,16.0,0.23076923076923084,False
5191,CUST05562,Confluence,Open,Low,Free,,21.0,19.5,-0.0714285714285714,False
5192,CUST02255,Bitbucket,Closed,Medium,Standard,1.0,9.5,7.5,-0.21052631578947367,True
5193,CUST03032,Bitbucket,Open,High,Premium,,18.0,16.5,-0.08333333333333337,False
5194,CUST00563,Jira,Open,High,Free,,9.0,4.5,-0.5,True
5195,CUST01737,Bitbucket,Open,High,Premium,,21.5,21.0,-0.023255813953488413,False
5196,CUST05671,Confluence,Closed,Low,Premium,1.0,16.5,14.0,-0.1515151515151515,False
5197,CUST04406,Loom,Closed,Medium,Standard,4.0,9.5,9.5,0.0,False
5198,CUST05296,Bitbucket,Pending Customer Response,High,Premium,,8.0,9.0,0.125,False
5199,CUST05360,Confluence,Pending Customer Response,Low,Standard,,13.5,15.0,0.11111111111111116,False
5200,CUST00250,Confluence,Open,High,Free,,13.0,16.0,0.23076923076923084,False
5201,CUST04452,Trello,Pending Customer Response,High,Premium,,27.0,28.5,0.05555555555555558,False
5202,CUST07458,Jira,Open,Critical,Enterprise,,27.0,31.5,0.16666666666666674,False
5203,CUST00082,Bitbucket,Closed,Medium,Standard,3.0,16.0,17.5,0.09375,False
5204,CUST02282,Trello,Closed,Medium,Enterprise,5.0,20.5,25.5,0.24390243902439024,False
5205,CUST00553,Trello,Open,Medium,Free,,4.5,6.0,0.33333333333333326,False
5206,CUST01302,Bitbucket,Open,Medium,Standard,,17.5,14.0,-0.19999999999999996,False
5207,CUST04201,Confluence,Open,Medium,Standard,,18.5,25.0,0.3513513513513513,False
5208,CUST02965,Bitbucket,Open,Critical,Premium,,22.5,25.0,0.11111111111111116,False
5209,CUST02821,Loom,Open,Low,Free,,5.5,6.5,0.18181818181818188,False
5210,CUST07873,Confluence,Closed,Medium,Enterprise,1.0,34.5,31.0,-0.10144927536231885,False
5211,CUST07487,Trello,Closed,Low,Enterprise,4.0,15.0,17.0,0.1333333333333333,False
5212,CUST07194,Confluence,Closed,Low,Premium,4.0,20.0,19.0,-0.050000000000000044,False
5213,CUST00992,Jira,Pending Customer Response,Critical,Premium,,22.0,25.0,0.13636363636363646,False
5214,CUST06682,Bitbucket,Open,Medium,Premium,,15.0,16.5,0.10000000000000009,False
5215,CUST02792,Jira,Closed,Low,Standard,4.0,13.5,20.0,0.4814814814814814,False
5216,CUST01503,Confluence,Open,Medium,Standard,,16.0,14.5,-0.09375,False
5217,CUST05825,Bitbucket,Open,Medium,Standard,,13.0,17.5,0.34615384615384626,False
5218,CUST06236,Trello,Closed,High,Premium,4.0,29.0,30.0,0.034482758620689724,False
5219,CUST05194,Jira,Pending Customer Response,Critical,Standard,,13.0,15.0,0.15384615384615374,False
5220,CUST05509,Bitbucket,Open,Critical,Premium,,14.0,15.5,0.1071428571428572,False
5221,CUST08233,Loom,Open,Medium,Premium,,19.5,18.0,-0.07692307692307687,False
5222,CUST07807,Loom,Open,Critical,Enterprise,,7.5,8.5,0.1333333333333333,False
5223,CUST03825,Bitbucket,Open,Critical,Premium,,24.0,24.0,0.0,False
5224,CUST00620,Trello,Closed,High,Enterprise,3.0,46.5,41.5,-0.10752688172043012,False
5225,CUST04248,Loom,Pending Customer Response,Critical,Premium,,9.0,9.0,0.0,False
5226,CUST00665,Jira,Open,Low,Standard,,14.5,8.0,-0.4482758620689655,True
5227,CUST05824,Loom,Open,High,Free,,19.0,15.0,-0.21052631578947367,True
5228,CUST00045,Bitbucket,Closed,Low,Free,5.0,10.0,11.0,0.10000000000000009,False
5229,CUST06298,Jira,Pending Customer Response,High,Enterprise,,35.5,32.0,-0.09859154929577463,False
5230,CUST00427,Jira,Closed,Medium,Enterprise,5.0,46.0,42.5,-0.07608695652173914,False
5231,CUST03075,Loom,Closed,Medium,Enterprise,2.0,24.0,20.0,-0.16666666666666663,False
5232,CUST06414,Bitbucket,Closed,Low,Premium,2.0,23.0,22.0,-0.04347826086956519,False
5233,CUST01137,Jira,Open,High,Premium,,11.5,15.5,0.34782608695652173,False
5234,CUST03858,Confluence,Closed,Medium,Free,3.0,8.0,7.5,-0.0625,False
5235,CUST00832,Jira,Open,Low,Free,,31.5,31.5,0.0,False
5236,CUST04196,Loom,Open,High,Enterprise,,24.0,19.5,-0.1875,False
5237,CUST02874,Jira,Closed,Medium,Premium,4.0,18.5,19.5,0.054054054054053946,False
5238,CUST03512,Bitbucket,Closed,Critical,Standard,4.0,22.0,21.0,-0.045454545454545414,False
5239,CUST02976,Loom,Pending Customer Response,Critical,Premium,,9.5,8.5,-0.10526315789473684,False
5240,CUST07474,Confluence,Closed,Medium,Premium,4.0,17.0,21.5,0.2647058823529411,False
5241,CUST06100,Loom,Closed,Low,Standard,3.0,10.5,14.0,0.33333333333333326,False
5242,CUST08038,Confluence,Closed,High,Standard,5.0,25.5,26.5,0.03921568627450989,False
5243,CUST04029,Loom,Pending Customer Response,Critical,Standard,,13.0,12.5,-0.038461538461538436,False
5244,CUST07885,Bitbucket,Pending Customer Response,Medium,Premium,,21.0,23.0,0.09523809523809534,False
5245,CUST01249,Trello,Closed,High,Standard,5.0,21.5,23.0,0.06976744186046502,False
5246,CUST06887,Jira,Closed,High,Free,5.0,17.0,20.5,0.2058823529411764,False
5247,CUST05749,Trello,Closed,Medium,Premium,1.0,19.0,9.5,-0.5,True
5248,CUST04896,Confluence,Closed,Critical,Premium,2.0,10.5,15.5,0.4761904761904763,False
5249,CUST05877,Trello,Pending Customer Response,Medium,Standard,,4.5,4.0,-0.11111111111111116,False
5250,CUST03226,Trello,Open,Low,Premium,,17.0,14.0,-0.17647058823529416,False
5251,CUST03802,Confluence,Closed,Medium,Free,3.0,9.5,8.5,-0.10526315789473684,False
5252,CUST02431,Loom,Pending Customer Response,Medium,Enterprise,,15.5,17.5,0.12903225806451624,False
5253,CUST05452,Confluence,Closed,High,Standard,2.0,17.5,16.0,-0.08571428571428574,False
5254,CUST06536,Jira,Open,High,Premium,,40.5,47.0,0.16049382716049387,False
5255,CUST05611,Confluence,Open,Critical,Standard,,11.5,14.5,0.26086956521739135,False
5256,CUST04709,Bitbucket,Open,Medium,Standard,,12.5,17.5,0.3999999999999999,False
5257,CUST00920,Loom,Open,Low,Free,,8.0,8.0,0.0,False
5258,CUST00884,Bitbucket,Open,Low,Premium,,20.5,20.5,0.0,False
5259,CUST00191,Trello,Pending Customer Response,Critical,Premium,,17.0,10.5,-0.38235294117647056,True
5260,CUST00111,Bitbucket,Pending Customer Response,High,Free,,5.5,4.0,-0.2727272727272727,True
5261,CUST01262,Jira,Pending Customer Response,Medium,Premium,,19.5,21.0,0.07692307692307687,False
5262,CUST07796,Trello,Open,Critical,Free,,24.0,23.5,-0.02083333333333337,False
5263,CUST07517,Jira,Open,High,Premium,,16.0,15.0,-0.0625,False
5264,CUST06171,Loom,Closed,High,Standard,4.0,16.5,10.5,-0.36363636363636365,True
5265,CUST03334,Trello,Closed,Low,Premium,3.0,16.0,18.0,0.125,False
5266,CUST05747,Confluence,Pending Customer Response,Medium,Standard,,23.5,24.5,0.042553191489361764,False
5267,CUST07234,Jira,Pending Customer Response,Critical,Premium,,22.5,17.0,-0.24444444444444446,True
5268,CUST00431,Loom,Pending Customer Response,Medium,Standard,,5.5,3.0,-0.4545454545454546,True
5269,CUST02055,Bitbucket,Closed,Low,Premium,2.0,35.5,35.0,-0.014084507042253502,False
5270,CUST04215,Trello,Open,Low,Enterprise,,30.0,29.0,-0.033333333333333326,False
5271,CUST07780,Bitbucket,Pending Customer Response,High,Enterprise,,27.5,26.0,-0.054545454545454564,False
5272,CUST05621,Bitbucket,Closed,High,Standard,3.0,17.5,11.5,-0.34285714285714286,True
5273,CUST01133,Confluence,Closed,Critical,Free,5.0,1.0,6.5,5.5,False
5274,CUST02789,Trello,Open,High,Standard,,14.5,15.5,0.06896551724137923,False
5275,CUST05445,Trello,Pending Customer Response,Medium,Standard,,17.5,18.5,0.05714285714285716,False
5276,CUST05916,Bitbucket,Pending Customer Response,High,Premium,,18.5,19.5,0.054054054054053946,False
5277,CUST02452,Trello,Open,Medium,Premium,,25.5,24.0,-0.05882352941176472,False
5278,CUST05555,Loom,Open,Low,Enterprise,,35.0,31.0,-0.11428571428571432,False
5279,CUST03264,Bitbucket,Pending Customer Response,Low,Standard,,6.5,9.5,0.46153846153846145,False
5280,CUST01173,Trello,Open,Low,Standard,,19.5,19.5,0.0,False
5281,CUST01795,Jira,Open,High,Premium,,37.5,35.0,-0.06666666666666665,False
5282,CUST00400,Loom,Pending Customer Response,Medium,Premium,,12.5,14.0,0.1200000000000001,False
5283,CUST06052,Loom,Open,Low,Premium,,17.5,19.0,0.08571428571428563,False
5284,CUST05940,Jira,Closed,High,Standard,4.0,15.0,13.0,-0.1333333333333333,False
5285,CUST00803,Confluence,Pending Customer Response,High,Standard,,21.5,21.0,-0.023255813953488413,False
5286,CUST00575,Confluence,Open,Low,Standard,,13.0,18.5,0.42307692307692313,False
5287,CUST01119,Jira,Pending Customer Response,High,Premium,,10.5,11.0,0.04761904761904767,False
5288,CUST01895,Trello,Open,Medium,Standard,,18.0,19.0,0.05555555555555558,False
5289,CUST06951,Jira,Closed,Critical,Standard,1.0,15.0,14.5,-0.033333333333333326,False
5290,CUST07269,Loom,Closed,Critical,Free,4.0,8.0,7.0,-0.125,False
5291,CUST05185,Jira,Open,Medium,Free,,18.5,21.0,0.1351351351351351,False
5292,CUST08073,Bitbucket,Closed,High,Premium,4.0,30.0,32.0,0.06666666666666665,False
5293,CUST04791,Confluence,Closed,Critical,Enterprise,3.0,16.5,19.0,0.1515151515151516,False
5294,CUST00369,Confluence,Pending Customer Response,High,Standard,,7.5,13.5,0.8,False
5295,CUST02435,Confluence,Open,Low,Standard,,31.0,32.5,0.048387096774193505,False
5296,CUST06581,Bitbucket,Open,Low,Premium,,13.5,17.5,0.2962962962962963,False
5297,CUST01047,Bitbucket,Open,High,Enterprise,,40.5,32.0,-0.2098765432098766,True
5298,CUST05686,Loom,Closed,Medium,Free,3.0,5.5,11.5,1.0909090909090908,False
5299,CUST00887,Bitbucket,Pending Customer Response,High,Free,,9.5,11.5,0.21052631578947367,False
5300,CUST05461,Confluence,Pending Customer Response,Medium,Enterprise,,10.5,8.0,-0.23809523809523814,True
5301,CUST00533,Jira,Closed,Critical,Premium,2.0,26.5,23.0,-0.13207547169811318,False
5302,CUST00706,Trello,Pending Customer Response,Medium,Premium,,16.0,15.0,-0.0625,False
5303,CUST06239,Bitbucket,Open,Medium,Standard,,14.5,14.0,-0.03448275862068961,False
5304,CUST00962,Jira,Open,Low,Premium,,26.0,24.5,-0.05769230769230771,False
5305,CUST00113,Confluence,Closed,Medium,Standard,1.0,15.5,18.0,0.16129032258064524,False
5306,CUST02271,Jira,Pending Customer Response,Low,Standard,,16.0,14.0,-0.125,False
5307,CUST02390,Trello,Closed,Medium,Premium,3.0,15.0,13.0,-0.1333333333333333,False
5308,CUST03805,Trello,Closed,Critical,Premium,3.0,11.5,12.0,0.04347826086956519,False
5309,CUST00612,Bitbucket,Closed,Medium,Premium,1.0,27.5,32.5,0.18181818181818188,False
5310,CUST00274,Jira,Open,Low,Enterprise,,29.5,31.5,0.06779661016949157,False
5311,CUST04513,Confluence,Pending Customer Response,Critical,Enterprise,,26.0,26.0,0.0,False
5312,CUST03152,Loom,Closed,Medium,Free,5.0,4.5,4.5,0.0,False
5313,CUST08028,Bitbucket,Pending Customer Response,Critical,Standard,,6.0,11.5,0.9166666666666667,False
5314,CUST04185,Trello,Pending Customer Response,High,Free,,10.0,10.0,0.0,False
5315,CUST06062,Trello,Pending Customer Response,Low,Free,,7.5,9.0,0.19999999999999996,False
5316,CUST01984,Loom,Closed,High,Free,2.0,4.5,3.0,-0.33333333333333337,True
5317,CUST06932,Trello,Open,High,Premium,,33.0,28.5,-0.13636363636363635,False
5318,CUST03214,Trello,Pending Customer Response,High,Standard,,4.0,8.5,1.125,False
5319,CUST00543,Trello,Open,Critical,Free,,11.0,8.5,-0.2272727272727273,True
5320,CUST08196,Jira,Closed,Medium,Premium,1.0,23.0,24.5,0.0652173913043479,False
5321,CUST07933,Loom,Open,High,Premium,,16.0,14.0,-0.125,False
5322,CUST03554,Bitbucket,Open,Critical,Standard,,28.5,22.0,-0.22807017543859653,True
5323,CUST00518,Bitbucket,Pending Customer Response,Medium,Premium,,17.5,17.5,0.0,False
5324,CUST00880,Loom,Open,Critical,Standard,,9.5,5.0,-0.4736842105263158,True
5325,CUST05657,Bitbucket,Open,Medium,Standard,,17.0,16.5,-0.02941176470588236,False
5326,CUST05026,Trello,Open,Medium,Free,,8.0,8.0,0.0,False
5327,CUST06169,Confluence,Open,Low,Free,,22.0,18.5,-0.15909090909090906,False
5328,CUST03203,Confluence,Pending Customer Response,High,Enterprise,,15.0,14.5,-0.033333333333333326,False
5329,CUST01826,Bitbucket,Pending Customer Response,Medium,Standard,,20.0,21.5,0.07499999999999996,False
5330,CUST00314,Trello,Pending Customer Response,Critical,Premium,,15.5,10.5,-0.32258064516129037,True
5331,CUST02881,Confluence,Pending Customer Response,Critical,Premium,,19.0,22.5,0.18421052631578938,False
5332,CUST02020,Confluence,Open,Low,Free,,15.0,12.5,-0.16666666666666663,False
5333,CUST02809,Jira,Open,High,Standard,,17.5,20.5,0.17142857142857149,False
5334,CUST05793,Confluence,Open,High,Free,,5.0,3.5,-0.30000000000000004,True
5335,CUST01539,Loom,Open,High,Free,,4.5,11.5,1.5555555555555554,False
5336,CUST05410,Jira,Pending Customer Response,High,Standard,,28.0,27.5,-0.017857142857142905,False
5337,CUST06960,Confluence,Pending Customer Response,Critical,Standard,,25.0,27.5,0.10000000000000009,False
5338,CUST08126,Trello,Open,Medium,Standard,,12.5,11.0,-0.12,False
5339,CUST07121,Loom,Pending Customer Response,Low,Free,,7.0,9.5,0.3571428571428572,False
5340,CUST06958,Trello,Pending Customer Response,Low,Standard,,7.5,7.0,-0.06666666666666665,False
5341,CUST07220,Trello,Pending Customer Response,Low,Enterprise,,19.5,20.5,0.05128205128205132,False
5342,CUST06160,Confluence,Closed,Medium,Premium,4.0,23.5,23.0,-0.021276595744680882,False
5343,CUST00705,Trello,Pending Customer Response,Critical,Standard,,19.5,19.0,-0.02564102564102566,False
5344,CUST04684,Confluence,Closed,Medium,Standard,5.0,18.5,19.0,0.027027027027026973,False
5345,CUST05293,Loom,Pending Customer Response,High,Premium,,10.5,16.5,0.5714285714285714,False
5346,CUST05751,Loom,Open,Low,Premium,,20.0,19.5,-0.025000000000000022,False
5347,CUST01549,Trello,Open,Low,Enterprise,,23.0,16.0,-0.30434782608695654,True
5348,CUST02988,Jira,Open,Critical,Free,,9.0,10.0,0.11111111111111116,False
5349,CUST01949,Bitbucket,Open,Medium,Standard,,14.0,17.5,0.25,False
5350,CUST04784,Loom,Pending Customer Response,Critical,Enterprise,,16.5,9.0,-0.4545454545454546,True
5351,CUST08128,Loom,Closed,Critical,Standard,5.0,14.5,12.5,-0.13793103448275867,False
5352,CUST00446,Bitbucket,Open,Critical,Standard,,15.5,9.0,-0.4193548387096774,True
5353,CUST06909,Loom,Closed,Low,Enterprise,4.0,20.0,20.0,0.0,False
5354,CUST03970,Confluence,Closed,High,Premium,2.0,9.5,9.0,-0.052631578947368474,False
5355,CUST00729,Jira,Open,Medium,Standard,,22.5,20.5,-0.0888888888888889,False
5356,CUST00605,Trello,Pending Customer Response,Low,Premium,,29.0,27.0,-0.06896551724137934,False
5357,CUST07924,Trello,Closed,Medium,Premium,1.0,29.0,28.5,-0.017241379310344862,False
5358,CUST04011,Confluence,Closed,Critical,Enterprise,5.0,37.5,34.5,-0.07999999999999996,False
5359,CUST06516,Trello,Closed,Low,Standard,5.0,25.0,27.0,0.08000000000000007,False
5360,CUST06913,Bitbucket,Pending Customer Response,Low,Enterprise,,19.0,18.5,-0.02631578947368418,False
5361,CUST01912,Bitbucket,Pending Customer Response,Low,Premium,,35.0,33.5,-0.042857142857142816,False
5362,CUST03677,Bitbucket,Pending Customer Response,Critical,Standard,,13.5,11.0,-0.18518518518518523,False
5363,CUST02778,Bitbucket,Pending Customer Response,Medium,Free,,14.0,11.0,-0.2142857142857143,True
5364,CUST02373,Loom,Closed,Critical,Premium,2.0,22.5,21.0,-0.06666666666666665,False
5365,CUST04273,Jira,Pending Customer Response,Low,Enterprise,,9.0,12.0,0.33333333333333326,False
5366,CUST05002,Bitbucket,Open,Critical,Standard,,18.5,20.0,0.08108108108108114,False
5367,CUST07864,Bitbucket,Pending Customer Response,Critical,Standard,,26.5,29.0,0.09433962264150941,False
5368,CUST03434,Trello,Closed,Medium,Standard,1.0,37.0,29.5,-0.20270270270270274,True
5369,CUST06803,Jira,Closed,Critical,Standard,4.0,26.5,23.0,-0.13207547169811318,False
5370,CUST01564,Bitbucket,Open,Low,Standard,,32.0,31.5,-0.015625,False
5371,CUST07614,Bitbucket,Closed,Critical,Enterprise,5.0,31.5,33.5,0.06349206349206349,False
5372,CUST05815,Bitbucket,Open,Low,Enterprise,,40.5,36.0,-0.11111111111111116,False
5373,CUST06250,Jira,Pending Customer Response,Medium,Premium,,38.0,41.0,0.07894736842105265,False
5374,CUST05297,Jira,Closed,Low,Free,4.0,11.5,12.0,0.04347826086956519,False
5375,CUST06475,Bitbucket,Open,Medium,Standard,,14.5,10.0,-0.31034482758620685,True
5376,CUST02804,Confluence,Pending Customer Response,Critical,Standard,,12.0,12.5,0.04166666666666674,False
5377,CUST00254,Jira,Pending Customer Response,Low,Premium,,26.0,23.5,-0.09615384615384615,False
5378,CUST00031,Jira,Pending Customer Response,Low,Free,,8.5,12.0,0.41176470588235303,False
5379,CUST02527,Loom,Pending Customer Response,Low,Premium,,20.5,18.0,-0.12195121951219512,False
5380,CUST06295,Bitbucket,Closed,Critical,Premium,4.0,17.5,13.0,-0.2571428571428571,True
5381,CUST02876,Trello,Closed,Low,Standard,4.0,28.5,24.0,-0.1578947368421053,False
5382,CUST02039,Trello,Pending Customer Response,Critical,Free,,17.5,17.5,0.0,False
5383,CUST05776,Bitbucket,Closed,Medium,Free,4.0,10.5,3.0,-0.7142857142857143,True
5384,CUST02813,Confluence,Pending Customer Response,High,Premium,,18.0,16.5,-0.08333333333333337,False
5385,CUST00699,Confluence,Pending Customer Response,Medium,Premium,,37.0,29.5,-0.20270270270270274,True
5386,CUST00338,Trello,Open,High,Enterprise,,25.0,27.5,0.10000000000000009,False
5387,CUST07073,Jira,Open,Medium,Free,,20.0,14.0,-0.30000000000000004,True
5388,CUST08151,Jira,Closed,High,Premium,1.0,31.0,27.5,-0.11290322580645162,False
5389,CUST08089,Loom,Pending Customer Response,High,Standard,,11.5,14.0,0.21739130434782616,False
5390,CUST04157,Confluence,Pending Customer Response,Medium,Enterprise,,16.5,14.5,-0.12121212121212122,False
5391,CUST06345,Confluence,Pending Customer Response,Medium,Premium,,27.5,25.5,-0.07272727272727275,False
5392,CUST05703,Jira,Pending Customer Response,Medium,Free,,8.0,9.0,0.125,False
5393,CUST00075,Jira,Pending Customer Response,Low,Standard,,17.5,11.5,-0.34285714285714286,True
5394,CUST00871,Trello,Pending Customer Response,Critical,Premium,,20.5,21.5,0.04878048780487809,False
5395,CUST01467,Trello,Closed,Critical,Enterprise,3.0,11.0,11.0,0.0,False
5396,CUST01007,Jira,Closed,Critical,Premium,3.0,30.5,24.5,-0.19672131147540983,False
5397,CUST01053,Trello,Pending Customer Response,Medium,Premium,,24.0,23.0,-0.04166666666666663,False
5398,CUST06286,Loom,Open,High,Premium,,21.5,21.0,-0.023255813953488413,False
5399,CUST04640,Bitbucket,Pending Customer Response,Medium,Free,,16.0,10.0,-0.375,True
5400,CUST01971,Bitbucket,Open,Medium,Standard,,19.0,18.5,-0.02631578947368418,False
5401,CUST05957,Confluence,Closed,Medium,Free,4.0,10.0,14.0,0.3999999999999999,False
5402,CUST07435,Confluence,Pending Customer Response,Medium,Free,,4.0,6.5,0.625,False
5403,CUST04887,Jira,Pending Customer Response,Critical,Premium,,26.0,30.0,0.15384615384615374,False
5404,CUST06676,Jira,Closed,Critical,Premium,5.0,7.5,12.0,0.6000000000000001,False
5405,CUST02275,Loom,Open,High,Enterprise,,9.0,7.0,-0.2222222222222222,True
5406,CUST01342,Bitbucket,Pending Customer Response,Low,Premium,,28.0,25.0,-0.1071428571428571,False
5407,CUST00183,Loom,Pending Customer Response,Critical,Free,,6.5,9.0,0.3846153846153846,False
5408,CUST01405,Bitbucket,Open,Medium,Free,,5.5,8.5,0.5454545454545454,False
5409,CUST02627,Confluence,Open,Low,Standard,,15.0,17.5,0.16666666666666674,False
5410,CUST03302,Bitbucket,Closed,Low,Premium,1.0,11.0,14.0,0.2727272727272727,False
5411,CUST05735,Jira,Pending Customer Response,Medium,Enterprise,,14.0,12.5,-0.1071428571428571,False
5412,CUST04120,Bitbucket,Open,Critical,Standard,,21.0,21.5,0.023809523809523725,False
5413,CUST00490,Trello,Pending Customer Response,Medium,Enterprise,,34.0,36.0,0.05882352941176472,False
5414,CUST01490,Confluence,Open,Medium,Free,,9.0,8.0,-0.11111111111111116,False
5415,CUST04318,Bitbucket,Pending Customer Response,Medium,Standard,,10.5,6.0,-0.4285714285714286,True
5416,CUST03618,Jira,Pending Customer Response,High,Premium,,12.0,8.0,-0.33333333333333337,True
5417,CUST07536,Loom,Closed,Medium,Standard,2.0,8.0,8.0,0.0,False
5418,CUST02367,Trello,Pending Customer Response,Medium,Free,,9.0,6.0,-0.33333333333333337,True
5419,CUST00305,Jira,Open,High,Premium,,45.5,45.5,0.0,False
5420,CUST04049,Trello,Open,High,Premium,,19.0,23.0,0.21052631578947367,False
5421,CUST05307,Bitbucket,Pending Customer Response,Critical,Standard,,11.0,8.5,-0.2272727272727273,True
5422,CUST00148,Confluence,Open,Medium,Premium,,23.5,21.0,-0.1063829787234043,False
5423,CUST06546,Bitbucket,Open,Low,Free,,8.0,6.5,-0.1875,False
5424,CUST01464,Trello,Pending Customer Response,Critical,Standard,,13.5,14.0,0.03703703703703698,False
5425,CUST06413,Loom,Open,High,Premium,,14.0,9.5,-0.3214285714285714,True
5426,CUST04836,Trello,Open,High,Premium,,22.5,20.5,-0.0888888888888889,False
5427,CUST07986,Jira,Closed,Low,Free,2.0,8.5,4.5,-0.47058823529411764,True
5428,CUST07920,Bitbucket,Open,High,Enterprise,,29.5,25.5,-0.13559322033898302,False
5429,CUST03535,Bitbucket,Closed,Critical,Premium,3.0,11.5,18.5,0.6086956521739131,False
5430,CUST03765,Jira,Open,Medium,Standard,,26.5,24.0,-0.09433962264150941,False
5431,CUST00425,Trello,Open,Critical,Standard,,34.5,31.0,-0.10144927536231885,False
5432,CUST00155,Jira,Pending Customer Response,High,Premium,,14.5,10.5,-0.27586206896551724,True
5433,CUST06625,Confluence,Open,Medium,Enterprise,,19.0,21.5,0.13157894736842102,False
5434,CUST03873,Jira,Pending Customer Response,Medium,Enterprise,,26.5,31.0,0.16981132075471694,False
5435,CUST00064,Loom,Open,High,Standard,,1.0,2.5,1.5,False
5436,CUST05724,Bitbucket,Closed,Low,Premium,2.0,16.5,19.0,0.1515151515151516,False
5437,CUST02994,Confluence,Closed,Critical,Enterprise,4.0,35.0,33.0,-0.05714285714285716,False
5438,CUST03507,Loom,Closed,High,Standard,4.0,14.0,15.0,0.0714285714285714,False
5439,CUST00154,Jira,Open,Medium,Enterprise,,26.0,20.5,-0.21153846153846156,True
5440,CUST01391,Loom,Open,Medium,Standard,,18.5,13.0,-0.29729729729729726,True
5441,CUST05321,Loom,Closed,Critical,Standard,3.0,3.0,8.0,1.6666666666666665,False
5442,CUST06734,Confluence,Pending Customer Response,High,Free,,10.5,10.5,0.0,False
5443,CUST04869,Loom,Closed,Low,Standard,3.0,7.5,9.0,0.19999999999999996,False
5444,CUST05203,Loom,Closed,Medium,Standard,2.0,6.0,6.5,0.08333333333333326,False
5445,CUST00049,Confluence,Pending Customer Response,Low,Standard,,19.5,21.5,0.10256410256410264,False
5446,CUST02182,Jira,Closed,Medium,Premium,4.0,20.0,20.5,0.02499999999999991,False
5447,CUST03335,Jira,Closed,High,Standard,5.0,33.5,39.0,0.16417910447761197,False
5448,CUST04615,Jira,Open,Low,Standard,,16.5,18.0,0.09090909090909083,False
5449,CUST05797,Confluence,Open,Medium,Free,,1.5,8.0,4.333333333333333,False
5450,CUST02220,Loom,Pending Customer Response,Low,Enterprise,,20.0,15.5,-0.22499999999999998,True
5451,CUST02786,Loom,Closed,High,Standard,1.0,11.0,9.5,-0.13636363636363635,False
5452,CUST06460,Loom,Open,Critical,Standard,,18.5,13.5,-0.2702702702702703,True
5453,CUST05024,Trello,Closed,Critical,Standard,1.0,36.5,32.0,-0.12328767123287676,False
5454,CUST05936,Loom,Pending Customer Response,Critical,Enterprise,,7.5,6.5,-0.1333333333333333,False
5455,CUST07449,Confluence,Pending Customer Response,Medium,Standard,,4.5,4.5,0.0,False
5456,CUST07686,Jira,Closed,High,Premium,4.0,31.0,28.0,-0.09677419354838712,False
5457,CUST01045,Confluence,Pending Customer Response,Medium,Free,,7.0,9.0,0.2857142857142858,False
5458,CUST07224,Confluence,Closed,Low,Premium,2.0,10.5,10.0,-0.04761904761904767,False
5459,CUST08010,Bitbucket,Pending Customer Response,High,Premium,,28.0,26.5,-0.0535714285714286,False
5460,CUST04304,Trello,Open,Medium,Standard,,19.0,17.5,-0.07894736842105265,False
5461,CUST00204,Confluence,Closed,Medium,Premium,3.0,20.5,22.5,0.09756097560975618,False
5462,CUST07290,Jira,Closed,Medium,Premium,1.0,10.5,7.5,-0.2857142857142857,True
5463,CUST05910,Bitbucket,Open,High,Free,,9.0,10.0,0.11111111111111116,False
5464,CUST00387,Jira,Open,Low,Standard,,21.0,18.0,-0.1428571428571429,False
5465,CUST06007,Bitbucket,Open,Critical,Premium,,37.0,36.0,-0.027027027027026973,False
5466,CUST07305,Loom,Pending Customer Response,High,Premium,,6.0,8.0,0.33333333333333326,False
5467,CUST05653,Jira,Closed,Medium,Enterprise,1.0,14.0,14.0,0.0,False
5468,CUST00598,Confluence,Closed,Medium,Standard,3.0,27.0,31.0,0.14814814814814814,False
5469,CUST02540,Confluence,Pending Customer Response,Low,Premium,,21.0,23.5,0.11904761904761907,False
5470,CUST07253,Loom,Pending Customer Response,Medium,Premium,,13.0,12.5,-0.038461538461538436,False
5471,CUST06335,Trello,Closed,High,Standard,5.0,7.0,8.5,0.2142857142857142,False
5472,CUST07430,Trello,Open,Low,Premium,,33.5,33.5,0.0,False
5473,CUST06555,Bitbucket,Closed,Medium,Standard,1.0,14.5,15.0,0.034482758620689724,False
5474,CUST04345,Jira,Closed,High,Enterprise,2.0,19.5,24.0,0.23076923076923084,False
5475,CUST05335,Loom,Closed,Medium,Standard,4.0,13.0,10.0,-0.23076923076923073,True
5476,CUST01435,Bitbucket,Closed,Low,Premium,5.0,11.5,11.5,0.0,False
5477,CUST02745,Trello,Open,Medium,Premium,,19.5,21.5,0.10256410256410264,False
5478,CUST05716,Jira,Closed,Medium,Premium,5.0,28.0,32.0,0.1428571428571428,False
5479,CUST07245,Jira,Closed,High,Premium,1.0,12.0,11.0,-0.08333333333333337,False
5480,CUST07762,Bitbucket,Open,High,Standard,,4.0,7.5,0.875,False
5481,CUST02928,Confluence,Open,Low,Standard,,25.0,23.0,-0.07999999999999996,False
5482,CUST02822,Bitbucket,Closed,Medium,Premium,1.0,25.5,16.5,-0.3529411764705882,True
5483,CUST04017,Jira,Open,High,Free,,16.0,15.0,-0.0625,False
5484,CUST06153,Bitbucket,Pending Customer Response,Low,Enterprise,,13.5,15.0,0.11111111111111116,False
5485,CUST04548,Trello,Open,Medium,Standard,,10.0,12.5,0.25,False
5486,CUST02045,Bitbucket,Pending Customer Response,Critical,Enterprise,,27.5,28.0,0.018181818181818077,False
5487,CUST02022,Bitbucket,Pending Customer Response,Low,Standard,,18.5,13.0,-0.29729729729729726,True
5488,CUST06327,Trello,Closed,Medium,Standard,5.0,20.5,19.0,-0.07317073170731703,False
5489,CUST03901,Trello,Pending Customer Response,Medium,Standard,,11.5,13.5,0.17391304347826098,False
5490,CUST04458,Loom,Open,Critical,Standard,,15.5,17.0,0.09677419354838701,False
5491,CUST05428,Jira,Open,Critical,Standard,,6.5,14.0,1.1538461538461537,False
5492,CUST00576,Trello,Closed,Critical,Standard,1.0,16.5,17.0,0.030303030303030276,False
5493,CUST03305,Trello,Open,High,Standard,,10.0,10.0,0.0,False
5494,CUST03771,Confluence,Open,Critical,Premium,,12.0,13.5,0.125,False
5495,CUST00221,Confluence,Closed,Low,Standard,1.0,17.5,20.0,0.1428571428571428,False
5496,CUST06103,Trello,Open,Medium,Standard,,23.5,23.0,-0.021276595744680882,False
5497,CUST05267,Jira,Pending Customer Response,High,Standard,,23.0,22.5,-0.021739130434782594,False
5498,CUST03140,Loom,Open,Low,Standard,,29.0,28.0,-0.03448275862068961,False
5499,CUST06376,Loom,Pending Customer Response,High,Premium,,29.5,29.0,-0.016949152542372836,False
5500,CUST05404,Trello,Open,High,Free,,10.0,14.0,0.3999999999999999,False
5501,CUST05076,Bitbucket,Pending Customer Response,Medium,Enterprise,,25.5,27.0,0.05882352941176472,False
5502,CUST05044,Bitbucket,Pending Customer Response,Medium,Enterprise,,17.5,12.0,-0.3142857142857143,True
5503,CUST01456,Jira,Closed,Critical,Premium,3.0,11.5,9.5,-0.17391304347826086,False
5504,CUST02450,Jira,Closed,Medium,Standard,1.0,15.0,13.5,-0.09999999999999998,False
5505,CUST03072,Confluence,Open,Critical,Free,,15.0,12.5,-0.16666666666666663,False
5506,CUST01609,Confluence,Pending Customer Response,Critical,Enterprise,,41.5,43.0,0.03614457831325302,False
5507,CUST02510,Trello,Open,High,Standard,,20.5,15.5,-0.24390243902439024,True
5508,CUST03776,Confluence,Open,Critical,Standard,,18.0,16.0,-0.11111111111111116,False
5509,CUST01699,Jira,Open,Critical,Premium,,28.0,26.0,-0.0714285714285714,False
5510,CUST07516,Trello,Pending Customer Response,High,Premium,,16.5,12.5,-0.24242424242424243,True
5511,CUST05743,Trello,Closed,Low,Standard,4.0,12.5,14.0,0.1200000000000001,False
5512,CUST05900,Trello,Closed,Critical,Standard,3.0,15.0,17.5,0.16666666666666674,False
5513,CUST06686,Confluence,Pending Customer Response,Critical,Standard,,34.0,39.5,0.16176470588235303,False
5514,CUST05903,Jira,Closed,Critical,Enterprise,1.0,43.5,46.0,0.05747126436781613,False
5515,CUST04792,Jira,Closed,Medium,Standard,2.0,19.0,22.0,0.1578947368421053,False
5516,CUST02622,Confluence,Open,High,Standard,,18.0,17.0,-0.05555555555555558,False
5517,CUST06472,Confluence,Pending Customer Response,Medium,Standard,,7.0,11.0,0.5714285714285714,False
5518,CUST07674,Loom,Open,Low,Enterprise,,17.5,18.5,0.05714285714285716,False
5519,CUST08259,Jira,Closed,Medium,Premium,3.0,28.0,29.5,0.0535714285714286,False
5520,CUST00772,Loom,Pending Customer Response,Medium,Standard,,35.5,38.5,0.08450704225352124,False
5521,CUST04579,Bitbucket,Pending Customer Response,High,Standard,,27.0,25.0,-0.07407407407407407,False
5522,CUST04996,Loom,Pending Customer Response,Medium,Premium,,17.5,9.0,-0.48571428571428577,True
5523,CUST01117,Jira,Closed,High,Standard,2.0,25.5,24.5,-0.039215686274509776,False
5524,CUST02607,Trello,Closed,Critical,Free,3.0,3.0,6.0,1.0,False
5525,CUST03974,Bitbucket,Open,Medium,Free,,12.0,9.0,-0.25,True
5526,CUST01806,Confluence,Open,Low,Enterprise,,60.5,60.0,-0.008264462809917328,False
5527,CUST05948,Bitbucket,Pending Customer Response,Low,Standard,,24.0,29.5,0.22916666666666674,False
5528,CUST00370,Jira,Pending Customer Response,High,Free,,20.0,17.5,-0.125,False
5529,CUST06661,Trello,Open,Low,Premium,,20.5,24.5,0.19512195121951215,False
5530,CUST01708,Confluence,Open,Medium,Standard,,15.0,11.5,-0.23333333333333328,True
5531,CUST03185,Trello,Open,Medium,Free,,12.5,10.5,-0.16000000000000003,False
5532,CUST07450,Loom,Open,Low,Enterprise,,12.0,14.0,0.16666666666666674,False
5533,CUST02048,Loom,Open,High,Standard,,11.0,12.0,0.09090909090909083,False
5534,CUST00766,Jira,Pending Customer Response,Critical,Premium,,5.5,4.5,-0.18181818181818177,False
5535,CUST05038,Confluence,Pending Customer Response,Low,Standard,,17.0,24.0,0.41176470588235303,False
5536,CUST07275,Trello,Pending Customer Response,Low,Standard,,7.0,11.0,0.5714285714285714,False
5537,CUST03514,Confluence,Pending Customer Response,High,Premium,,16.0,15.5,-0.03125,False
5538,CUST08021,Confluence,Closed,Low,Standard,2.0,17.5,15.0,-0.1428571428571429,False
5539,CUST00320,Confluence,Open,Medium,Premium,,13.5,11.5,-0.14814814814814814,False
5540,CUST06079,Trello,Closed,High,Free,5.0,8.0,9.0,0.125,False
5541,CUST04590,Confluence,Closed,Low,Premium,5.0,13.5,16.0,0.18518518518518512,False
5542,CUST00302,Bitbucket,Pending Customer Response,Critical,Premium,,27.0,21.5,-0.20370370370370372,True
5543,CUST00987,Loom,Closed,Medium,Standard,4.0,23.0,23.5,0.021739130434782705,False
5544,CUST07439,Jira,Pending Customer Response,Critical,Standard,,16.5,17.5,0.06060606060606055,False
5545,CUST03294,Trello,Pending Customer Response,Critical,Enterprise,,23.0,23.0,0.0,False
5546,CUST06333,Confluence,Open,Critical,Free,,14.0,9.5,-0.3214285714285714,True
5547,CUST08178,Trello,Pending Customer Response,High,Premium,,17.5,20.5,0.17142857142857149,False
5548,CUST02142,Trello,Closed,High,Standard,2.0,12.5,11.5,-0.07999999999999996,False
5549,CUST05138,Trello,Pending Customer Response,Low,Premium,,18.5,20.5,0.10810810810810811,False
5550,CUST02091,Loom,Closed,High,Enterprise,3.0,26.5,27.5,0.037735849056603765,False
5551,CUST04461,Trello,Open,Low,Standard,,20.5,19.5,-0.04878048780487809,False
5552,CUST01448,Loom,Open,High,Enterprise,,21.5,20.0,-0.06976744186046513,False
5553,CUST07608,Confluence,Closed,High,Premium,1.0,19.5,17.5,-0.10256410256410253,False
5554,CUST07168,Trello,Open,Low,Premium,,29.5,37.0,0.2542372881355932,False
5555,CUST05765,Jira,Pending Customer Response,Low,Premium,,25.5,22.0,-0.13725490196078427,False
5556,CUST03121,Jira,Open,Critical,Premium,,14.5,13.0,-0.10344827586206895,False
5557,CUST00586,Loom,Closed,Low,Enterprise,1.0,11.0,11.5,0.045454545454545414,False
5558,CUST06260,Bitbucket,Closed,Low,Premium,1.0,13.5,12.5,-0.07407407407407407,False
5559,CUST05629,Confluence,Open,Critical,Premium,,18.0,15.0,-0.16666666666666663,False
5560,CUST03180,Trello,Open,High,Free,,9.0,5.0,-0.4444444444444444,True
5561,CUST03872,Trello,Pending Customer Response,High,Premium,,19.5,16.5,-0.15384615384615385,False
5562,CUST01648,Trello,Pending Customer Response,Medium,Standard,,3.5,9.5,1.7142857142857144,False
5563,CUST07008,Jira,Pending Customer Response,High,Premium,,16.5,16.0,-0.030303030303030276,False
5564,CUST01987,Trello,Pending Customer Response,Critical,Premium,,17.5,15.0,-0.1428571428571429,False
5565,CUST02715,Confluence,Closed,Low,Enterprise,1.0,9.0,8.5,-0.05555555555555558,False
5566,CUST07249,Bitbucket,Pending Customer Response,High,Standard,,16.5,18.0,0.09090909090909083,False
5567,CUST01115,Jira,Pending Customer Response,Low,Standard,,33.0,32.0,-0.030303030303030276,False
5568,CUST03897,Loom,Open,High,Standard,,9.5,3.5,-0.631578947368421,True
5569,CUST05952,Jira,Closed,High,Enterprise,5.0,19.0,20.5,0.07894736842105265,False
5570,CUST04774,Bitbucket,Open,High,Premium,,47.5,47.0,-0.010526315789473717,False
5571,CUST06692,Loom,Open,Low,Standard,,14.0,13.0,-0.0714285714285714,False
5572,CUST04423,Bitbucket,Open,High,Premium,,20.0,16.0,-0.19999999999999996,False
5573,CUST06965,Jira,Open,Medium,Enterprise,,36.5,35.5,-0.0273972602739726,False
5574,CUST02572,Trello,Open,Critical,Standard,,14.5,10.5,-0.27586206896551724,True
5575,CUST07482,Loom,Closed,Medium,Standard,2.0,10.0,12.5,0.25,False
5576,CUST01402,Bitbucket,Pending Customer Response,High,Enterprise,,5.0,12.5,1.5,False
5577,CUST05202,Jira,Pending Customer Response,Critical,Premium,,25.0,19.5,-0.21999999999999997,True
5578,CUST08110,Bitbucket,Closed,Critical,Free,1.0,5.0,4.5,-0.09999999999999998,False
5579,CUST07961,Jira,Open,High,Free,,5.5,3.0,-0.4545454545454546,True
5580,CUST06208,Jira,Pending Customer Response,Medium,Free,,20.0,16.0,-0.19999999999999996,False
5581,CUST02720,Loom,Pending Customer Response,Low,Standard,,6.0,7.5,0.25,False
5582,CUST02530,Confluence,Open,Low,Free,,7.5,5.0,-0.33333333333333337,True
5583,CUST01129,Trello,Pending Customer Response,High,Standard,,14.5,15.5,0.06896551724137923,False
5584,CUST06759,Trello,Pending Customer Response,Medium,Premium,,9.5,9.0,-0.052631578947368474,False
5585,CUST04268,Loom,Open,Critical,Standard,,11.5,10.5,-0.08695652173913049,False
5586,CUST04081,Trello,Closed,Medium,Premium,1.0,15.5,17.0,0.09677419354838701,False
5587,CUST00697,Jira,Pending Customer Response,Medium,Free,,6.0,9.5,0.5833333333333333,False
5588,CUST04914,Trello,Open,Low,Premium,,22.0,20.0,-0.09090909090909094,False
5589,CUST06704,Jira,Closed,Low,Premium,3.0,26.0,26.5,0.019230769230769162,False
5590,CUST06747,Loom,Pending Customer Response,Medium,Free,,15.5,14.0,-0.09677419354838712,False
5591,CUST02746,Jira,Open,Low,Enterprise,,34.0,34.5,0.014705882352941124,False
5592,CUST07254,Bitbucket,Pending Customer Response,Low,Standard,,15.0,12.5,-0.16666666666666663,False
5593,CUST00469,Trello,Pending Customer Response,Medium,Free,,7.0,3.5,-0.5,True
5594,CUST05472,Bitbucket,Closed,Low,Standard,2.0,13.0,14.0,0.07692307692307687,False
5595,CUST04456,Loom,Pending Customer Response,High,Standard,,22.5,21.0,-0.06666666666666665,False
5596,CUST04172,Trello,Pending Customer Response,Medium,Premium,,26.0,24.5,-0.05769230769230771,False
5597,CUST06964,Jira,Pending Customer Response,Low,Premium,,24.5,25.0,0.020408163265306145,False
5598,CUST06455,Bitbucket,Pending Customer Response,Low,Premium,,15.5,15.0,-0.032258064516129004,False
5599,CUST03903,Jira,Pending Customer Response,Low,Standard,,25.0,22.0,-0.12,False
5600,CUST01762,Confluence,Pending Customer Response,Medium,Enterprise,,22.5,22.5,0.0,False
5601,CUST08129,Bitbucket,Closed,High,Standard,4.0,8.5,11.0,0.2941176470588236,False
5602,CUST01190,Confluence,Closed,High,Free,4.0,20.5,20.5,0.0,False
5603,CUST03328,Loom,Pending Customer Response,Critical,Standard,,3.5,4.5,0.2857142857142858,False
5604,CUST03119,Loom,Pending Customer Response,High,Standard,,8.0,5.0,-0.375,True
5605,CUST07074,Loom,Closed,Low,Standard,5.0,10.0,7.0,-0.30000000000000004,True
5606,CUST02035,Loom,Pending Customer Response,Critical,Standard,,5.0,5.0,0.0,False
5607,CUST02957,Confluence,Pending Customer Response,High,Premium,,15.5,11.0,-0.29032258064516125,True
5608,CUST07904,Jira,Pending Customer Response,Critical,Free,,28.5,25.0,-0.1228070175438597,False
5609,CUST07410,Jira,Closed,High,Premium,2.0,13.0,9.5,-0.2692307692307693,True
5610,CUST02406,Bitbucket,Pending Customer Response,Low,Free,,14.5,18.0,0.24137931034482762,False
5611,CUST07978,Bitbucket,Pending Customer Response,High,Standard,,6.5,11.5,0.7692307692307692,False
5612,CUST07040,Trello,Closed,Critical,Premium,3.0,16.0,17.5,0.09375,False
5613,CUST07331,Loom,Closed,Critical,Premium,4.0,19.0,24.5,0.2894736842105263,False
5614,CUST04531,Jira,Closed,High,Standard,2.0,20.0,19.0,-0.050000000000000044,False
5615,CUST07276,Jira,Open,High,Standard,,24.0,19.0,-0.20833333333333337,True
5616,CUST05669,Loom,Open,Medium,Premium,,9.0,11.0,0.22222222222222232,False
5617,CUST03760,Jira,Open,Low,Premium,,32.5,34.0,0.04615384615384621,False
5618,CUST04095,Trello,Open,Low,Premium,,25.5,24.5,-0.039215686274509776,False
5619,CUST02824,Loom,Open,Low,Premium,,8.5,10.5,0.23529411764705888,False
5620,CUST06542,Bitbucket,Closed,Medium,Premium,5.0,10.5,10.0,-0.04761904761904767,False
5621,CUST05320,Confluence,Open,High,Standard,,46.0,47.0,0.021739130434782705,False
5622,CUST03780,Loom,Closed,Low,Standard,3.0,11.5,12.5,0.08695652173913038,False
5623,CUST02384,Jira,Open,High,Premium,,54.5,54.0,-0.00917431192660545,False
5624,CUST00689,Bitbucket,Pending Customer Response,Critical,Standard,,3.5,5.0,0.4285714285714286,False
5625,CUST02838,Loom,Closed,High,Standard,4.0,9.0,8.0,-0.11111111111111116,False
5626,CUST05071,Trello,Closed,Critical,Standard,2.0,16.5,16.0,-0.030303030303030276,False
5627,CUST06796,Trello,Open,Medium,Standard,,7.5,4.5,-0.4,True
5628,CUST07831,Jira,Closed,High,Standard,3.0,24.5,27.0,0.1020408163265305,False
5629,CUST06385,Trello,Open,Medium,Enterprise,,20.5,23.0,0.12195121951219523,False
5630,CUST04737,Loom,Closed,Medium,Free,2.0,8.0,6.0,-0.25,True
5631,CUST01500,Jira,Open,Critical,Standard,,30.5,29.5,-0.032786885245901676,False
5632,CUST06824,Jira,Open,Critical,Standard,,24.5,24.5,0.0,False
5633,CUST02133,Bitbucket,Pending Customer Response,High,Standard,,22.5,22.5,0.0,False
5634,CUST06022,Jira,Open,High,Standard,,30.0,31.5,0.050000000000000044,False
5635,CUST04063,Jira,Open,Medium,Premium,,11.5,14.0,0.21739130434782616,False
5636,CUST05729,Trello,Closed,Low,Premium,1.0,31.0,27.5,-0.11290322580645162,False
5637,CUST05331,Confluence,Closed,Low,Premium,3.0,18.5,24.5,0.32432432432432434,False
5638,CUST07448,Jira,Open,Low,Standard,,20.5,24.0,0.1707317073170731,False
5639,CUST08071,Loom,Open,High,Enterprise,,9.5,11.0,0.1578947368421053,False
5640,CUST00267,Trello,Open,Medium,Enterprise,,8.5,14.5,0.7058823529411764,False
5641,CUST07900,Jira,Closed,Medium,Standard,3.0,27.5,24.0,-0.12727272727272732,False
5642,CUST02763,Loom,Open,High,Premium,,24.5,22.0,-0.10204081632653061,False
5643,CUST08108,Confluence,Closed,Low,Enterprise,2.0,34.5,39.0,0.13043478260869557,False
5644,CUST06810,Jira,Open,Medium,Enterprise,,14.0,9.0,-0.3571428571428571,True
5645,CUST07795,Jira,Open,Critical,Free,,21.5,20.0,-0.06976744186046513,False
5646,CUST03009,Jira,Closed,High,Standard,3.0,5.5,6.0,0.09090909090909083,False
5647,CUST00763,Jira,Open,Critical,Premium,,22.0,23.5,0.06818181818181812,False
5648,CUST03420,Trello,Closed,Medium,Premium,5.0,23.0,20.5,-0.10869565217391308,False
5649,CUST04122,Loom,Open,High,Standard,,13.5,15.5,0.14814814814814814,False
5650,CUST04272,Bitbucket,Closed,Critical,Standard,5.0,23.5,23.0,-0.021276595744680882,False
5651,CUST06244,Trello,Closed,Medium,Enterprise,2.0,34.0,36.5,0.07352941176470584,False
5652,CUST06899,Loom,Pending Customer Response,Critical,Standard,,12.0,14.0,0.16666666666666674,False
5653,CUST03261,Bitbucket,Pending Customer Response,Low,Standard,,14.5,15.5,0.06896551724137923,False
5654,CUST00949,Confluence,Open,Medium,Standard,,9.5,12.0,0.26315789473684204,False
5655,CUST04575,Jira,Open,Critical,Enterprise,,14.5,12.5,-0.13793103448275867,False
5656,CUST03847,Loom,Pending Customer Response,Medium,Enterprise,,22.0,23.5,0.06818181818181812,False
5657,CUST01792,Jira,Open,Low,Enterprise,,36.5,30.5,-0.1643835616438356,False
5658,CUST07087,Bitbucket,Closed,Critical,Free,5.0,7.5,4.5,-0.4,True
5659,CUST05534,Jira,Open,Critical,Standard,,14.0,14.0,0.0,False
5660,CUST06845,Trello,Open,High,Standard,,13.5,11.0,-0.18518518518518523,False
5661,CUST04042,Loom,Open,Low,Enterprise,,14.0,15.5,0.1071428571428572,False
5662,CUST04601,Confluence,Pending Customer Response,Critical,Free,,4.0,4.0,0.0,False
5663,CUST00106,Confluence,Closed,Medium,Standard,5.0,6.5,10.0,0.5384615384615385,False
5664,CUST06013,Jira,Pending Customer Response,Low,Premium,,19.5,18.0,-0.07692307692307687,False
5665,CUST02302,Loom,Closed,High,Premium,5.0,9.0,9.5,0.05555555555555558,False
5666,CUST02036,Trello,Closed,Critical,Free,4.0,9.0,9.0,0.0,False
5667,CUST07128,Confluence,Pending Customer Response,Low,Standard,,13.5,10.0,-0.2592592592592593,True
5668,CUST02735,Confluence,Closed,High,Premium,4.0,11.0,9.0,-0.18181818181818177,False
5669,CUST02556,Jira,Closed,Low,Standard,4.0,20.0,20.5,0.02499999999999991,False
5670,CUST05197,Trello,Pending Customer Response,Low,Standard,,22.5,25.5,0.1333333333333333,False
5671,CUST04266,Loom,Closed,High,Premium,5.0,15.5,15.0,-0.032258064516129004,False
5672,CUST00573,Bitbucket,Closed,Low,Premium,3.0,20.5,26.5,0.29268292682926833,False
5673,CUST03286,Jira,Pending Customer Response,Critical,Premium,,25.0,19.5,-0.21999999999999997,True
5674,CUST04321,Trello,Closed,Critical,Free,1.0,8.0,11.5,0.4375,False
5675,CUST06463,Confluence,Open,High,Standard,,11.0,13.5,0.2272727272727273,False
5676,CUST08107,Jira,Closed,Low,Premium,1.0,28.0,25.5,-0.0892857142857143,False
5677,CUST01894,Loom,Pending Customer Response,Medium,Standard,,10.5,10.0,-0.04761904761904767,False
5678,CUST05829,Jira,Open,Low,Standard,,18.5,21.0,0.1351351351351351,False
5679,CUST00821,Bitbucket,Closed,Low,Free,4.0,14.5,14.0,-0.03448275862068961,False
5680,CUST04211,Bitbucket,Open,Critical,Standard,,18.0,19.0,0.05555555555555558,False
5681,CUST05110,Confluence,Pending Customer Response,Medium,Standard,,17.5,19.5,0.11428571428571432,False
5682,CUST06940,Jira,Closed,Critical,Standard,5.0,9.5,15.0,0.5789473684210527,False
5683,CUST02098,Loom,Pending Customer Response,High,Standard,,26.0,22.5,-0.13461538461538458,False
5684,CUST05541,Confluence,Closed,Medium,Standard,2.0,14.5,9.0,-0.3793103448275862,True
5685,CUST06089,Loom,Closed,High,Premium,4.0,13.5,12.5,-0.07407407407407407,False
5686,CUST02576,Loom,Pending Customer Response,Low,Premium,,12.5,10.0,-0.19999999999999996,False
5687,CUST01105,Confluence,Closed,High,Standard,2.0,12.5,15.5,0.24,False
5688,CUST07204,Jira,Open,Medium,Free,,14.5,14.5,0.0,False
5689,CUST01308,Jira,Pending Customer Response,Medium,Standard,,18.0,20.5,0.13888888888888884,False
5690,CUST07059,Bitbucket,Pending Customer Response,Low,Standard,,18.5,14.0,-0.2432432432432432,True
5691,CUST04240,Jira,Pending Customer Response,Low,Standard,,15.5,16.0,0.032258064516129004,False
5692,CUST08201,Jira,Pending Customer Response,High,Premium,,23.5,22.0,-0.06382978723404253,False
5693,CUST02113,Confluence,Pending Customer Response,Medium,Enterprise,,16.5,24.5,0.48484848484848486,False
5694,CUST07677,Jira,Closed,Critical,Standard,4.0,20.5,19.0,-0.07317073170731703,False
5695,CUST04629,Jira,Closed,High,Free,1.0,9.5,12.0,0.26315789473684204,False
5696,CUST01652,Bitbucket,Pending Customer Response,High,Standard,,27.5,25.0,-0.09090909090909094,False
5697,CUST07138,Loom,Open,Low,Standard,,11.5,9.5,-0.17391304347826086,False
5698,CUST05006,Jira,Open,Critical,Standard,,38.0,31.5,-0.17105263157894735,False
5699,CUST02636,Bitbucket,Pending Customer Response,Critical,Standard,,13.5,15.0,0.11111111111111116,False
5700,CUST00434,Trello,Closed,Low,Standard,5.0,13.5,13.0,-0.03703703703703709,False
5701,CUST04039,Loom,Open,High,Premium,,18.5,22.5,0.21621621621621623,False
5702,CUST01188,Trello,Open,Medium,Standard,,19.0,13.0,-0.3157894736842105,True
5703,CUST01817,Trello,Pending Customer Response,Low,Free,,7.0,6.0,-0.1428571428571429,False
5704,CUST00015,Loom,Closed,Low,Premium,1.0,11.0,14.0,0.2727272727272727,False
5705,CUST07915,Bitbucket,Pending Customer Response,Low,Premium,,21.5,20.0,-0.06976744186046513,False
5706,CUST00493,Loom,Closed,Low,Standard,4.0,15.0,12.5,-0.16666666666666663,False
5707,CUST05080,Confluence,Pending Customer Response,Low,Standard,,15.0,10.0,-0.33333333333333337,True
5708,CUST00667,Trello,Open,Low,Premium,,7.5,10.5,0.3999999999999999,False
5709,CUST01575,Confluence,Pending Customer Response,Critical,Enterprise,,34.0,42.5,0.25,False
5710,CUST08157,Loom,Open,Medium,Free,,11.5,6.5,-0.4347826086956522,True
5711,CUST05527,Jira,Open,Low,Premium,,28.0,31.5,0.125,False
5712,CUST07573,Bitbucket,Pending Customer Response,High,Free,,23.5,24.0,0.02127659574468077,False
5713,CUST01848,Jira,Open,Low,Free,,17.0,12.0,-0.2941176470588235,True
5714,CUST02095,Trello,Closed,Critical,Standard,4.0,20.0,19.0,-0.050000000000000044,False
5715,CUST04749,Trello,Open,Low,Premium,,33.0,31.0,-0.06060606060606055,False
5716,CUST03354,Bitbucket,Closed,Medium,Premium,3.0,16.5,12.5,-0.24242424242424243,True
5717,CUST02204,Jira,Closed,Critical,Enterprise,1.0,28.0,30.5,0.08928571428571419,False
5718,CUST04545,Confluence,Closed,High,Enterprise,5.0,40.5,40.0,-0.012345679012345734,False
5719,CUST02635,Confluence,Pending Customer Response,Medium,Standard,,18.0,15.5,-0.13888888888888884,False
5720,CUST03634,Jira,Open,Low,Standard,,31.5,30.5,-0.031746031746031744,False
5721,CUST03630,Bitbucket,Pending Customer Response,Critical,Premium,,13.5,11.0,-0.18518518518518523,False
5722,CUST01667,Bitbucket,Closed,Medium,Premium,3.0,40.5,35.5,-0.12345679012345678,False
5723,CUST06276,Trello,Closed,Low,Standard,3.0,19.5,26.0,0.33333333333333326,False
5724,CUST05585,Loom,Pending Customer Response,Critical,Premium,,13.5,10.5,-0.2222222222222222,True
5725,CUST00287,Trello,Open,High,Premium,,17.0,22.0,0.2941176470588236,False
5726,CUST00970,Trello,Pending Customer Response,Low,Standard,,25.0,21.5,-0.14,False
5727,CUST07865,Jira,Closed,Low,Premium,3.0,25.5,30.5,0.196078431372549,False
5728,CUST07640,Jira,Open,Critical,Enterprise,,50.5,53.5,0.05940594059405946,False
5729,CUST04333,Confluence,Open,High,Standard,,11.5,7.5,-0.34782608695652173,True
5730,CUST03007,Bitbucket,Closed,Low,Premium,4.0,10.0,11.5,0.1499999999999999,False
5731,CUST02749,Bitbucket,Closed,Low,Enterprise,4.0,31.5,34.0,0.0793650793650793,False
5732,CUST01250,Bitbucket,Closed,Critical,Premium,2.0,16.0,15.5,-0.03125,False
5733,CUST05798,Jira,Closed,High,Premium,3.0,14.0,15.0,0.0714285714285714,False
5734,CUST07259,Confluence,Open,High,Free,,13.5,14.0,0.03703703703703698,False
5735,CUST05073,Bitbucket,Pending Customer Response,Critical,Premium,,14.5,20.0,0.3793103448275863,False
5736,CUST06647,Confluence,Pending Customer Response,Medium,Premium,,21.0,24.5,0.16666666666666674,False
5737,CUST02222,Jira,Closed,Low,Standard,1.0,24.0,17.0,-0.29166666666666663,True
5738,CUST01079,Bitbucket,Closed,High,Enterprise,5.0,12.0,8.0,-0.33333333333333337,True
5739,CUST04874,Loom,Open,Medium,Standard,,8.0,7.5,-0.0625,False
5740,CUST03410,Trello,Closed,Medium,Standard,3.0,17.5,15.5,-0.11428571428571432,False
5741,CUST08237,Trello,Closed,Low,Standard,1.0,15.5,14.0,-0.09677419354838712,False
5742,CUST05040,Loom,Open,High,Standard,,7.5,2.0,-0.7333333333333334,True
5743,CUST07484,Confluence,Pending Customer Response,Low,Premium,,15.0,17.0,0.1333333333333333,False
5744,CUST00212,Jira,Closed,Critical,Premium,3.0,28.5,28.5,0.0,False
5745,CUST01430,Confluence,Closed,Critical,Enterprise,3.0,8.0,12.0,0.5,False
5746,CUST06185,Confluence,Pending Customer Response,Critical,Standard,,22.5,21.0,-0.06666666666666665,False
5747,CUST06685,Trello,Open,Medium,Standard,,20.5,21.0,0.024390243902439046,False
5748,CUST03352,Bitbucket,Open,Medium,Free,,14.0,14.5,0.03571428571428581,False
5749,CUST07871,Bitbucket,Pending Customer Response,Low,Premium,,12.0,13.0,0.08333333333333326,False
5750,CUST01523,Loom,Open,High,Standard,,10.5,9.5,-0.09523809523809523,False
5751,CUST07511,Jira,Closed,High,Standard,3.0,13.0,12.5,-0.038461538461538436,False
5752,CUST04464,Trello,Open,Low,Enterprise,,20.5,20.5,0.0,False
5753,CUST05225,Trello,Pending Customer Response,Critical,Standard,,11.0,12.0,0.09090909090909083,False
5754,CUST08192,Loom,Open,High,Enterprise,,29.5,30.0,0.016949152542372836,False
5755,CUST02196,Confluence,Open,Low,Standard,,9.5,14.0,0.4736842105263157,False
5756,CUST02046,Confluence,Pending Customer Response,Medium,Free,,15.0,15.0,0.0,False
5757,CUST02354,Confluence,Open,High,Premium,,13.5,17.0,0.2592592592592593,False
5758,CUST04766,Bitbucket,Open,Low,Free,,13.0,14.5,0.11538461538461542,False
5759,CUST06527,Bitbucket,Closed,Medium,Free,4.0,12.0,14.0,0.16666666666666674,False
5760,CUST07324,Loom,Closed,Low,Free,2.0,2.5,3.5,0.3999999999999999,False
5761,CUST04536,Confluence,Closed,Critical,Standard,5.0,19.5,24.0,0.23076923076923084,False
5762,CUST02130,Jira,Open,Critical,Enterprise,,13.0,16.0,0.23076923076923084,False
5763,CUST01492,Loom,Pending Customer Response,Critical,Premium,,26.5,19.5,-0.26415094339622647,True
5764,CUST07466,Trello,Pending Customer Response,Medium,Standard,,22.0,23.0,0.045454545454545414,False
5765,CUST05678,Confluence,Pending Customer Response,High,Premium,,12.0,20.0,0.6666666666666667,False
5766,CUST05246,Bitbucket,Closed,High,Standard,2.0,16.0,14.0,-0.125,False
5767,CUST04951,Jira,Pending Customer Response,Critical,Standard,,17.5,17.5,0.0,False
5768,CUST04219,Jira,Closed,Critical,Enterprise,5.0,12.5,11.5,-0.07999999999999996,False
5769,CUST07491,Jira,Pending Customer Response,Low,Standard,,25.0,16.0,-0.36,True
5770,CUST03741,Confluence,Pending Customer Response,Low,Standard,,14.5,16.0,0.10344827586206895,False
5771,CUST05439,Trello,Pending Customer Response,Critical,Premium,,22.5,19.0,-0.15555555555555556,False
5772,CUST05646,Bitbucket,Closed,Medium,Premium,3.0,14.5,20.0,0.3793103448275863,False
5773,CUST02382,Bitbucket,Pending Customer Response,Critical,Standard,,14.5,10.0,-0.31034482758620685,True
5774,CUST06497,Jira,Pending Customer Response,High,Standard,,19.5,17.0,-0.1282051282051282,False
5775,CUST01051,Jira,Pending Customer Response,Medium,Free,,17.5,16.0,-0.08571428571428574,False
5776,CUST03150,Confluence,Pending Customer Response,Medium,Standard,,18.0,21.0,0.16666666666666674,False
5777,CUST00131,Trello,Closed,Medium,Premium,1.0,22.5,23.5,0.04444444444444451,False
5778,CUST06403,Trello,Open,Critical,Premium,,9.0,9.0,0.0,False
5779,CUST03587,Confluence,Pending Customer Response,Medium,Free,,13.5,10.5,-0.2222222222222222,True
5780,CUST04113,Confluence,Closed,High,Standard,2.0,19.0,14.0,-0.26315789473684215,True
5781,CUST00318,Jira,Pending Customer Response,Medium,Free,,15.5,12.5,-0.19354838709677424,False
5782,CUST01139,Trello,Closed,Low,Premium,4.0,12.0,15.5,0.29166666666666674,False
5783,CUST00549,Trello,Open,Medium,Free,,12.0,13.5,0.125,False
5784,CUST06943,Bitbucket,Open,Low,Enterprise,,40.5,34.5,-0.14814814814814814,False
5785,CUST03312,Jira,Closed,High,Premium,1.0,25.5,28.5,0.11764705882352944,False
5786,CUST00144,Confluence,Closed,Critical,Premium,3.0,13.5,8.0,-0.40740740740740744,True
5787,CUST04520,Trello,Pending Customer Response,Critical,Premium,,50.0,50.5,0.010000000000000009,False
5788,CUST05176,Loom,Pending Customer Response,Critical,Standard,,6.5,4.0,-0.3846153846153846,True
5789,CUST01621,Jira,Pending Customer Response,Low,Enterprise,,29.5,35.5,0.20338983050847448,False
5790,CUST00662,Confluence,Closed,Critical,Enterprise,1.0,26.0,24.0,-0.07692307692307687,False
5791,CUST00127,Confluence,Open,Critical,Enterprise,,28.0,34.5,0.2321428571428572,False
5792,CUST03526,Loom,Closed,Low,Standard,1.0,8.5,8.0,-0.05882352941176472,False
5793,CUST03812,Jira,Closed,Critical,Premium,4.0,23.0,21.5,-0.06521739130434778,False
5794,CUST06549,Bitbucket,Open,High,Free,,9.5,9.5,0.0,False
5795,CUST04307,Jira,Open,Medium,Premium,,22.5,23.5,0.04444444444444451,False
5796,CUST01255,Confluence,Pending Customer Response,Low,Enterprise,,97.0,90.0,-0.07216494845360821,False
5797,CUST03855,Jira,Pending Customer Response,Medium,Premium,,23.5,20.0,-0.14893617021276595,False
5798,CUST04259,Trello,Pending Customer Response,Medium,Enterprise,,9.0,9.5,0.05555555555555558,False
5799,CUST05034,Bitbucket,Closed,Critical,Free,5.0,14.0,12.0,-0.1428571428571429,False
5800,CUST06567,Loom,Pending Customer Response,High,Premium,,6.5,5.5,-0.15384615384615385,False
5801,CUST02343,Jira,Open,Low,Enterprise,,28.0,30.0,0.0714285714285714,False
5802,CUST00372,Confluence,Closed,High,Standard,4.0,11.0,16.0,0.4545454545454546,False
5803,CUST05650,Trello,Closed,Low,Free,2.0,9.5,10.0,0.05263157894736836,False
5804,CUST00307,Confluence,Open,High,Standard,,9.5,8.0,-0.1578947368421053,False
5805,CUST04073,Bitbucket,Pending Customer Response,Low,Premium,,12.5,12.5,0.0,False
5806,CUST03912,Bitbucket,Closed,Low,Standard,2.0,15.0,13.0,-0.1333333333333333,False
5807,CUST00376,Loom,Closed,Critical,Standard,1.0,14.5,10.0,-0.31034482758620685,True
5808,CUST06198,Jira,Pending Customer Response,Medium,Standard,,10.5,10.0,-0.04761904761904767,False
5809,CUST01585,Bitbucket,Pending Customer Response,Medium,Free,,5.5,4.0,-0.2727272727272727,True
5810,CUST01005,Loom,Closed,Medium,Standard,5.0,17.0,17.5,0.02941176470588225,False
5811,CUST05808,Jira,Pending Customer Response,Low,Premium,,18.5,21.0,0.1351351351351351,False
5812,CUST04139,Bitbucket,Open,Low,Standard,,10.0,5.0,-0.5,True
5813,CUST06394,Trello,Open,Low,Free,,10.0,13.0,0.30000000000000004,False
5814,CUST05927,Bitbucket,Pending Customer Response,Critical,Premium,,16.0,17.5,0.09375,False
5815,CUST03170,Loom,Closed,Low,Enterprise,5.0,18.0,18.5,0.02777777777777768,False
5816,CUST04470,Bitbucket,Closed,Medium,Standard,2.0,3.5,10.0,1.8571428571428572,False
5817,CUST02319,Trello,Pending Customer Response,Low,Premium,,16.5,13.5,-0.18181818181818177,False
5818,CUST07093,Confluence,Open,Low,Standard,,16.5,23.5,0.4242424242424243,False
5819,CUST00214,Confluence,Pending Customer Response,High,Standard,,11.0,8.0,-0.2727272727272727,True
5820,CUST03301,Jira,Closed,Medium,Premium,4.0,19.5,17.5,-0.10256410256410253,False
5821,CUST06430,Confluence,Open,Critical,Standard,,7.5,6.0,-0.19999999999999996,False
5822,CUST05794,Jira,Pending Customer Response,High,Standard,,25.5,24.5,-0.039215686274509776,False
5823,CUST07991,Confluence,Closed,Medium,Premium,2.0,24.5,22.0,-0.10204081632653061,False
5824,CUST00814,Confluence,Pending Customer Response,Medium,Standard,,6.0,4.5,-0.25,True
5825,CUST07791,Trello,Open,Critical,Premium,,11.5,8.5,-0.26086956521739135,True
5826,CUST07771,Loom,Closed,Critical,Standard,1.0,9.5,1.5,-0.8421052631578947,True
5827,CUST07213,Trello,Pending Customer Response,Medium,Enterprise,,36.0,35.5,-0.01388888888888884,False
5828,CUST00680,Trello,Closed,Low,Standard,4.0,16.5,18.5,0.1212121212121211,False
5829,CUST03370,Bitbucket,Closed,Medium,Standard,2.0,8.5,13.0,0.5294117647058822,False
5830,CUST03181,Trello,Open,Critical,Standard,,12.0,9.0,-0.25,True
5831,CUST08159,Loom,Open,Low,Free,,14.0,13.0,-0.0714285714285714,False
5832,CUST06082,Jira,Closed,Low,Standard,4.0,17.0,19.0,0.11764705882352944,False
5833,CUST06713,Loom,Pending Customer Response,Critical,Premium,,18.5,11.5,-0.3783783783783784,True
5834,CUST06347,Loom,Closed,Low,Premium,5.0,10.0,11.0,0.10000000000000009,False
5835,CUST00599,Trello,Pending Customer Response,Critical,Premium,,19.5,22.0,0.1282051282051282,False
5836,CUST05768,Bitbucket,Pending Customer Response,Low,Premium,,20.5,26.0,0.2682926829268293,False
5837,CUST03145,Jira,Open,Low,Free,,13.5,12.0,-0.11111111111111116,False
5838,CUST07335,Confluence,Open,Critical,Standard,,18.5,21.0,0.1351351351351351,False
5839,CUST00136,Jira,Open,Medium,Premium,,27.0,30.5,0.12962962962962954,False
5840,CUST06370,Bitbucket,Closed,Low,Standard,5.0,20.5,23.5,0.14634146341463405,False
5841,CUST06541,Loom,Pending Customer Response,Medium,Standard,,14.0,16.0,0.1428571428571428,False
5842,CUST02073,Trello,Open,High,Standard,,14.5,17.5,0.2068965517241379,False
5843,CUST05389,Jira,Open,Medium,Standard,,28.5,27.5,-0.03508771929824561,False
5844,CUST01266,Loom,Open,High,Free,,10.5,6.5,-0.38095238095238093,True
5845,CUST01424,Trello,Open,Low,Free,,16.5,15.5,-0.06060606060606055,False
5846,CUST02097,Confluence,Closed,Medium,Premium,1.0,17.5,18.5,0.05714285714285716,False
5847,CUST03078,Confluence,Closed,Low,Premium,1.0,29.5,30.5,0.03389830508474567,False
5848,CUST06611,Bitbucket,Closed,Medium,Premium,4.0,21.0,18.0,-0.1428571428571429,False
5849,CUST05816,Loom,Open,Medium,Standard,,13.0,16.5,0.26923076923076916,False
5850,CUST06404,Trello,Open,Critical,Standard,,22.5,20.0,-0.11111111111111116,False
5851,CUST02308,Confluence,Open,Medium,Standard,,13.0,12.0,-0.07692307692307687,False
5852,CUST01246,Loom,Closed,Medium,Premium,2.0,25.0,30.0,0.19999999999999996,False
5853,CUST02924,Trello,Closed,Medium,Standard,3.0,11.0,11.0,0.0,False
5854,CUST03674,Trello,Closed,Medium,Premium,5.0,21.5,24.5,0.13953488372093026,False
5855,CUST01455,Loom,Closed,Critical,Standard,3.0,8.5,11.0,0.2941176470588236,False
5856,CUST00944,Loom,Closed,High,Standard,4.0,9.5,9.0,-0.052631578947368474,False
5857,CUST03192,Bitbucket,Pending Customer Response,Low,Free,,9.0,11.0,0.22222222222222232,False
5858,CUST05008,Bitbucket,Pending Customer Response,Medium,Free,,11.5,11.0,-0.04347826086956519,False
5859,CUST01784,Bitbucket,Open,Critical,Premium,,18.5,14.0,-0.2432432432432432,True
5860,CUST01321,Confluence,Closed,High,Standard,4.0,13.5,18.5,0.37037037037037046,False
5861,CUST07959,Loom,Open,Low,Standard,,15.5,17.0,0.09677419354838701,False
5862,CUST04403,Loom,Pending Customer Response,Critical,Premium,,14.5,13.0,-0.10344827586206895,False
5863,CUST05430,Confluence,Closed,High,Enterprise,4.0,7.0,9.0,0.2857142857142858,False
5864,CUST03740,Jira,Pending Customer Response,Medium,Premium,,36.0,39.0,0.08333333333333326,False
5865,CUST02571,Bitbucket,Closed,High,Premium,1.0,7.0,5.5,-0.2142857142857143,True
5866,CUST02541,Jira,Closed,Critical,Enterprise,4.0,36.5,33.5,-0.0821917808219178,False
5867,CUST06369,Trello,Closed,Critical,Free,1.0,6.5,5.0,-0.23076923076923073,True
5868,CUST08025,Confluence,Closed,Low,Enterprise,1.0,11.5,13.0,0.13043478260869557,False
5869,CUST01711,Confluence,Open,Critical,Free,,22.0,17.5,-0.20454545454545459,True
5870,CUST02511,Trello,Closed,High,Standard,1.0,15.0,8.5,-0.43333333333333335,True
5871,CUST00794,Bitbucket,Open,Low,Free,,9.0,7.5,-0.16666666666666663,False
5872,CUST04328,Bitbucket,Pending Customer Response,Medium,Premium,,9.0,10.5,0.16666666666666674,False
5873,CUST01615,Trello,Open,Critical,Free,,7.0,3.0,-0.5714285714285714,True
5874,CUST07675,Loom,Pending Customer Response,Critical,Premium,,26.0,23.5,-0.09615384615384615,False
5875,CUST08088,Jira,Open,Low,Free,,11.0,11.0,0.0,False
5876,CUST01205,Jira,Closed,Medium,Premium,3.0,9.5,8.5,-0.10526315789473684,False
5877,CUST06646,Trello,Open,High,Standard,,18.5,20.0,0.08108108108108114,False
5878,CUST01171,Confluence,Pending Customer Response,Medium,Premium,,15.5,14.5,-0.06451612903225812,False
5879,CUST07728,Confluence,Pending Customer Response,Low,Premium,,10.0,10.0,0.0,False
5880,CUST05385,Confluence,Pending Customer Response,Medium,Enterprise,,26.5,22.0,-0.16981132075471694,False
5881,CUST00610,Jira,Open,Medium,Standard,,17.5,19.0,0.08571428571428563,False
5882,CUST08179,Trello,Pending Customer Response,Critical,Premium,,36.0,37.5,0.04166666666666674,False
5883,CUST04107,Loom,Open,Low,Premium,,9.5,4.0,-0.5789473684210527,True
5884,CUST02996,Loom,Open,High,Standard,,16.0,20.0,0.25,False
5885,CUST08125,Bitbucket,Closed,Medium,Enterprise,1.0,25.0,20.0,-0.19999999999999996,False
5886,CUST06146,Bitbucket,Closed,Low,Premium,1.0,22.0,19.0,-0.13636363636363635,False
5887,CUST00436,Confluence,Open,High,Standard,,24.0,20.5,-0.14583333333333337,False
5888,CUST07821,Trello,Open,Critical,Standard,,12.0,9.0,-0.25,True
5889,CUST08295,Jira,Open,Medium,Premium,,31.5,33.0,0.04761904761904767,False
5890,CUST06450,Confluence,Closed,High,Standard,1.0,11.0,7.5,-0.31818181818181823,True
5891,CUST03966,Confluence,Open,Medium,Standard,,7.5,4.5,-0.4,True
5892,CUST02667,Bitbucket,Open,High,Standard,,11.0,13.0,0.18181818181818188,False
5893,CUST02129,Jira,Closed,Low,Standard,4.0,15.0,9.0,-0.4,True
5894,CUST00938,Confluence,Pending Customer Response,Critical,Premium,,32.5,31.0,-0.0461538461538461,False
5895,CUST04314,Confluence,Pending Customer Response,Medium,Premium,,24.0,26.5,0.10416666666666674,False
5896,CUST01694,Bitbucket,Pending Customer Response,High,Premium,,13.0,14.0,0.07692307692307687,False
5897,CUST04928,Bitbucket,Open,Critical,Premium,,18.0,22.0,0.22222222222222232,False
5898,CUST04335,Confluence,Pending Customer Response,Low,Enterprise,,29.5,33.0,0.11864406779661008,False
5899,CUST02150,Jira,Open,Critical,Standard,,16.0,13.5,-0.15625,False
5900,CUST01394,Trello,Closed,High,Standard,1.0,18.0,17.5,-0.02777777777777779,False
5901,CUST00601,Bitbucket,Pending Customer Response,Medium,Premium,,14.5,14.0,-0.03448275862068961,False
5902,CUST00171,Jira,Closed,Critical,Enterprise,5.0,18.5,18.5,0.0,False
5903,CUST07725,Bitbucket,Pending Customer Response,Critical,Premium,,18.5,15.0,-0.18918918918918914,False
5904,CUST02340,Jira,Pending Customer Response,Medium,Premium,,11.0,10.5,-0.045454545454545414,False
5905,CUST08257,Jira,Closed,Medium,Free,4.0,7.5,6.5,-0.1333333333333333,False
5906,CUST02294,Confluence,Pending Customer Response,Medium,Premium,,21.5,17.5,-0.18604651162790697,False
5907,CUST00642,Bitbucket,Pending Customer Response,High,Standard,,9.5,9.5,0.0,False
5908,CUST07347,Confluence,Pending Customer Response,Critical,Premium,,11.0,11.5,0.045454545454545414,False
5909,CUST07493,Jira,Open,High,Standard,,6.5,7.5,0.15384615384615374,False
5910,CUST01418,Jira,Closed,Critical,Premium,2.0,43.5,38.0,-0.12643678160919536,False
5911,CUST00091,Trello,Open,Low,Standard,,9.0,10.0,0.11111111111111116,False
5912,CUST03878,Loom,Closed,Low,Standard,4.0,14.5,12.0,-0.1724137931034483,False
5913,CUST04305,Loom,Pending Customer Response,Critical,Free,,4.0,4.5,0.125,False
5914,CUST06988,Jira,Open,Low,Standard,,10.5,14.5,0.38095238095238093,False
5915,CUST06186,Bitbucket,Open,High,Standard,,10.5,8.5,-0.19047619047619047,False
5916,CUST02414,Jira,Open,High,Premium,,29.0,28.5,-0.017241379310344862,False
5917,CUST08016,Loom,Open,Low,Premium,,34.5,38.5,0.11594202898550732,False
5918,CUST06228,Confluence,Closed,High,Enterprise,1.0,24.5,23.0,-0.061224489795918324,False
5919,CUST06084,Jira,Closed,Critical,Free,2.0,10.0,8.0,-0.19999999999999996,False
5920,CUST07656,Bitbucket,Closed,Critical,Standard,3.0,10.5,10.0,-0.04761904761904767,False
5921,CUST03531,Trello,Open,Critical,Enterprise,,30.5,37.5,0.2295081967213115,False
5922,CUST06735,Loom,Pending Customer Response,Medium,Standard,,5.0,1.5,-0.7,True
5923,CUST03948,Confluence,Pending Customer Response,Medium,Standard,,8.5,6.5,-0.23529411764705888,True
5924,CUST08137,Bitbucket,Pending Customer Response,Low,Enterprise,,9.0,10.5,0.16666666666666674,False
5925,CUST07137,Confluence,Pending Customer Response,Low,Premium,,18.0,19.5,0.08333333333333326,False
5926,CUST04243,Bitbucket,Open,Medium,Standard,,7.5,6.5,-0.1333333333333333,False
5927,CUST01529,Loom,Open,Low,Premium,,13.5,14.5,0.07407407407407418,False
5928,CUST06827,Jira,Open,Low,Enterprise,,19.5,15.0,-0.23076923076923073,True
5929,CUST08301,Jira,Pending Customer Response,High,Free,,13.5,13.0,-0.03703703703703709,False
5930,CUST00296,Confluence,Closed,Low,Standard,4.0,25.0,27.5,0.10000000000000009,False
5931,CUST07002,Jira,Closed,Low,Premium,4.0,12.5,9.0,-0.28,True
5932,CUST07251,Bitbucket,Pending Customer Response,Medium,Enterprise,,45.5,45.5,0.0,False
5933,CUST06334,Confluence,Pending Customer Response,Medium,Standard,,14.5,17.5,0.2068965517241379,False
5934,CUST07688,Confluence,Pending Customer Response,High,Standard,,26.0,32.0,0.23076923076923084,False
5935,CUST00123,Jira,Open,Critical,Premium,,17.0,8.0,-0.5294117647058824,True
5936,CUST05311,Loom,Open,Medium,Premium,,11.5,8.0,-0.30434782608695654,True
5937,CUST07112,Bitbucket,Pending Customer Response,Medium,Free,,15.5,17.5,0.12903225806451624,False
5938,CUST02052,Loom,Open,Medium,Standard,,9.0,9.0,0.0,False
5939,CUST01698,Jira,Closed,Medium,Standard,3.0,28.5,33.0,0.1578947368421053,False
5940,CUST05129,Loom,Closed,Medium,Free,3.0,5.0,6.0,0.19999999999999996,False
5941,CUST06178,Jira,Open,Critical,Free,,8.5,9.0,0.05882352941176472,False
5942,CUST03022,Jira,Pending Customer Response,High,Standard,,17.0,17.5,0.02941176470588225,False
5943,CUST06785,Bitbucket,Open,Critical,Standard,,20.5,16.0,-0.2195121951219512,True
5944,CUST04340,Confluence,Closed,Critical,Enterprise,3.0,25.0,24.5,-0.020000000000000018,False
5945,CUST00483,Jira,Closed,Critical,Premium,2.0,23.0,26.5,0.15217391304347827,False
5946,CUST08140,Trello,Pending Customer Response,Low,Standard,,13.5,13.5,0.0,False
5947,CUST06342,Loom,Pending Customer Response,Medium,Standard,,13.5,7.5,-0.4444444444444444,True
5948,CUST06660,Bitbucket,Pending Customer Response,High,Enterprise,,21.5,18.0,-0.16279069767441856,False
5949,CUST00552,Confluence,Open,Medium,Premium,,23.5,23.0,-0.021276595744680882,False
5950,CUST05182,Bitbucket,Closed,Medium,Standard,3.0,13.0,12.0,-0.07692307692307687,False
5951,CUST06569,Jira,Closed,Critical,Free,4.0,13.5,14.5,0.07407407407407418,False
5952,CUST07615,Jira,Closed,High,Enterprise,4.0,21.0,23.5,0.11904761904761907,False
5953,CUST04502,Trello,Open,Medium,Standard,,26.5,29.5,0.1132075471698113,False
5954,CUST00051,Loom,Open,Medium,Free,,9.5,4.0,-0.5789473684210527,True
5955,CUST00868,Loom,Pending Customer Response,High,Standard,,8.0,6.0,-0.25,True
5956,CUST00209,Trello,Open,High,Standard,,26.5,26.0,-0.018867924528301883,False
5957,CUST00043,Jira,Closed,High,Enterprise,3.0,17.5,18.5,0.05714285714285716,False
5958,CUST03797,Bitbucket,Open,High,Premium,,13.0,15.0,0.15384615384615374,False
5959,CUST05419,Trello,Open,Medium,Premium,,25.5,29.0,0.13725490196078427,False
5960,CUST00486,Trello,Closed,Low,Premium,3.0,10.0,7.5,-0.25,True
5961,CUST02009,Loom,Closed,Critical,Standard,5.0,15.0,17.0,0.1333333333333333,False
5962,CUST02618,Confluence,Closed,Medium,Standard,5.0,14.5,11.0,-0.24137931034482762,True
5963,CUST05644,Bitbucket,Pending Customer Response,Medium,Premium,,37.5,38.0,0.01333333333333342,False
5964,CUST07358,Trello,Pending Customer Response,Low,Standard,,8.5,8.5,0.0,False
5965,CUST04368,Confluence,Open,High,Standard,,25.0,22.5,-0.09999999999999998,False
5966,CUST00227,Confluence,Closed,High,Standard,1.0,21.5,20.0,-0.06976744186046513,False
5967,CUST07079,Trello,Pending Customer Response,Medium,Enterprise,,13.5,14.0,0.03703703703703698,False
5968,CUST01038,Jira,Pending Customer Response,Low,Premium,,63.0,62.0,-0.015873015873015928,False
5969,CUST00728,Loom,Closed,Medium,Premium,5.0,50.5,50.5,0.0,False
5970,CUST06132,Jira,Pending Customer Response,Critical,Free,,4.5,4.0,-0.11111111111111116,False
5971,CUST02891,Trello,Closed,Low,Free,4.0,19.0,15.0,-0.21052631578947367,True
5972,CUST06717,Bitbucket,Open,High,Enterprise,,25.5,22.0,-0.13725490196078427,False
5973,CUST03234,Confluence,Closed,High,Standard,2.0,17.0,15.5,-0.08823529411764708,False
5974,CUST01641,Trello,Pending Customer Response,High,Premium,,14.5,12.0,-0.1724137931034483,False
5975,CUST06548,Confluence,Open,Medium,Standard,,12.0,9.0,-0.25,True
5976,CUST05885,Bitbucket,Pending Customer Response,High,Enterprise,,22.0,16.0,-0.2727272727272727,True
5977,CUST06319,Bitbucket,Open,High,Standard,,11.0,7.5,-0.31818181818181823,True
5978,CUST05893,Loom,Open,Low,Free,,8.0,5.0,-0.375,True
5979,CUST00306,Bitbucket,Open,High,Free,,8.5,7.5,-0.11764705882352944,False
5980,CUST07009,Loom,Closed,Critical,Standard,1.0,14.0,5.5,-0.6071428571428572,True
5981,CUST08229,Bitbucket,Closed,Low,Standard,4.0,15.0,15.5,0.03333333333333344,False
5982,CUST04713,Loom,Open,Critical,Enterprise,,17.0,20.5,0.2058823529411764,False
5983,CUST07816,Jira,Closed,Low,Standard,1.0,31.5,32.5,0.031746031746031855,False
5984,CUST07022,Trello,Closed,Low,Premium,5.0,40.0,40.0,0.0,False
5985,CUST01042,Jira,Open,Medium,Enterprise,,18.0,25.0,0.38888888888888884,False
5986,CUST01887,Loom,Open,Low,Free,,11.5,12.5,0.08695652173913038,False
5987,CUST02774,Bitbucket,Open,Low,Premium,,6.5,7.5,0.15384615384615374,False
5988,CUST08043,Trello,Pending Customer Response,Medium,Enterprise,,12.5,12.0,-0.040000000000000036,False
5989,CUST02599,Loom,Open,Critical,Enterprise,,16.0,21.0,0.3125,False
5990,CUST02137,Loom,Pending Customer Response,High,Premium,,22.0,17.5,-0.20454545454545459,True
5991,CUST06389,Confluence,Closed,Low,Standard,4.0,15.5,22.0,0.4193548387096775,False
5992,CUST05085,Trello,Closed,Medium,Free,2.0,8.5,6.0,-0.2941176470588235,True
5993,CUST07489,Confluence,Closed,High,Standard,1.0,11.0,9.0,-0.18181818181818177,False
5994,CUST02475,Jira,Pending Customer Response,Low,Premium,,8.5,7.0,-0.17647058823529416,False
5995,CUST08017,Trello,Pending Customer Response,Medium,Enterprise,,25.0,22.5,-0.09999999999999998,False
5996,CUST07867,Jira,Open,High,Enterprise,,31.5,35.0,0.11111111111111116,False
5997,CUST07794,Bitbucket,Closed,High,Free,2.0,14.5,16.5,0.13793103448275867,False
5998,CUST04790,Trello,Open,Low,Free,,12.0,13.5,0.125,False
5999,CUST06701,Loom,Open,Medium,Premium,,13.5,17.0,0.2592592592592593,False
6000,CUST01223,Confluence,Pending Customer Response,Low,Free,,15.5,11.0,-0.29032258064516125,True
6001,CUST01334,Trello,Open,High,Premium,,19.5,18.5,-0.05128205128205132,False
6002,CUST05779,Bitbucket,Pending Customer Response,High,Standard,,8.5,9.5,0.11764705882352944,False
6003,CUST02442,Confluence,Pending Customer Response,Critical,Free,,6.5,6.5,0.0,False
6004,CUST01780,Jira,Open,High,Premium,,25.5,23.0,-0.0980392156862745,False
6005,CUST06547,Confluence,Pending Customer Response,High,Standard,,9.0,7.5,-0.16666666666666663,False
6006,CUST01577,Bitbucket,Pending Customer Response,Medium,Enterprise,,16.0,15.0,-0.0625,False
6007,CUST01779,Jira,Pending Customer Response,Medium,Enterprise,,48.0,45.5,-0.05208333333333337,False
6008,CUST06556,Loom,Pending Customer Response,Low,Standard,,7.5,6.5,-0.1333333333333333,False
6009,CUST04008,Confluence,Open,Medium,Free,,9.5,9.0,-0.052631578947368474,False
6010,CUST07051,Confluence,Open,Medium,Free,,11.5,9.5,-0.17391304347826086,False
6011,CUST02160,Trello,Closed,Medium,Premium,4.0,18.0,22.5,0.25,False
6012,CUST06718,Jira,Pending Customer Response,Critical,Premium,,29.0,27.5,-0.051724137931034475,False
6013,CUST02146,Confluence,Pending Customer Response,Medium,Free,,18.5,15.5,-0.16216216216216217,False
6014,CUST07506,Jira,Closed,Medium,Standard,3.0,26.5,19.0,-0.28301886792452835,True
6015,CUST07825,Confluence,Open,Critical,Standard,,19.0,19.5,0.026315789473684292,False
6016,CUST04943,Confluence,Open,Critical,Premium,,23.5,24.5,0.042553191489361764,False
6017,CUST01874,Confluence,Pending Customer Response,Low,Premium,,25.0,27.0,0.08000000000000007,False
6018,CUST07297,Confluence,Closed,Critical,Standard,2.0,22.5,20.5,-0.0888888888888889,False
6019,CUST02922,Loom,Closed,Critical,Standard,1.0,14.5,13.0,-0.10344827586206895,False
6020,CUST05561,Jira,Pending Customer Response,Critical,Standard,,23.5,26.0,0.1063829787234043,False
6021,CUST01891,Trello,Closed,Medium,Premium,2.0,17.5,20.0,0.1428571428571428,False
6022,CUST05950,Loom,Closed,Medium,Free,1.0,11.5,5.5,-0.5217391304347826,True
6023,CUST00947,Loom,Closed,Low,Standard,2.0,7.5,10.5,0.3999999999999999,False
6024,CUST02191,Jira,Closed,Medium,Standard,2.0,13.0,9.0,-0.3076923076923077,True
6025,CUST07749,Jira,Open,Medium,Premium,,18.5,12.5,-0.32432432432432434,True
6026,CUST06373,Loom,Pending Customer Response,Critical,Free,,9.5,5.5,-0.42105263157894735,True
6027,CUST04741,Bitbucket,Closed,Medium,Standard,3.0,12.0,12.0,0.0,False
6028,CUST07280,Jira,Closed,Medium,Enterprise,4.0,34.0,32.5,-0.044117647058823484,False
6029,CUST01612,Confluence,Open,Medium,Enterprise,,20.5,20.5,0.0,False
6030,CUST03560,Confluence,Open,High,Free,,7.5,11.5,0.5333333333333334,False
6031,CUST04555,Bitbucket,Closed,Medium,Premium,4.0,20.0,19.0,-0.050000000000000044,False
6032,CUST00792,Loom,Open,Medium,Standard,,16.0,11.5,-0.28125,True
6033,CUST07626,Jira,Closed,Critical,Free,1.0,10.5,7.0,-0.33333333333333337,True
6034,CUST00683,Bitbucket,Pending Customer Response,Medium,Enterprise,,31.0,34.5,0.11290322580645151,False
6035,CUST06340,Confluence,Closed,Critical,Standard,4.0,16.5,19.5,0.18181818181818188,False
6036,CUST00541,Confluence,Open,Critical,Standard,,7.5,11.0,0.46666666666666656,False
6037,CUST04586,Bitbucket,Open,Critical,Standard,,24.5,23.5,-0.04081632653061229,False
6038,CUST04019,Confluence,Pending Customer Response,Low,Standard,,28.0,27.5,-0.017857142857142905,False
6039,CUST06289,Confluence,Open,Critical,Premium,,17.0,20.5,0.2058823529411764,False
6040,CUST08054,Trello,Pending Customer Response,High,Premium,,10.5,8.0,-0.23809523809523814,True
6041,CUST05319,Confluence,Pending Customer Response,Medium,Free,,3.5,3.0,-0.1428571428571429,False
6042,CUST01649,Bitbucket,Open,Critical,Enterprise,,25.5,27.5,0.07843137254901955,False
6043,CUST01983,Trello,Closed,High,Premium,1.0,8.5,8.5,0.0,False
6044,CUST02958,Confluence,Open,High,Standard,,17.5,15.0,-0.1428571428571429,False
6045,CUST02704,Confluence,Pending Customer Response,Critical,Standard,,13.0,12.0,-0.07692307692307687,False
6046,CUST04394,Confluence,Closed,Low,Standard,2.0,11.5,9.0,-0.21739130434782605,True
6047,CUST01978,Loom,Open,High,Premium,,15.0,16.5,0.10000000000000009,False
6048,CUST01176,Trello,Closed,Critical,Standard,5.0,15.5,16.0,0.032258064516129004,False
6049,CUST07980,Loom,Closed,Medium,Standard,1.0,10.0,7.5,-0.25,True
6050,CUST02982,Bitbucket,Open,Critical,Standard,,39.0,37.0,-0.05128205128205132,False
6051,CUST00676,Loom,Pending Customer Response,Low,Free,,19.5,15.5,-0.20512820512820518,True
6052,CUST06531,Loom,Closed,Critical,Enterprise,4.0,17.5,14.5,-0.17142857142857137,False
6053,CUST08048,Confluence,Closed,Low,Enterprise,1.0,23.5,26.0,0.1063829787234043,False
6054,CUST01281,Confluence,Pending Customer Response,Medium,Standard,,14.5,10.0,-0.31034482758620685,True
6055,CUST04534,Loom,Closed,Critical,Free,4.0,6.0,5.5,-0.08333333333333337,False
6056,CUST05317,Bitbucket,Open,Critical,Premium,,24.0,23.5,-0.02083333333333337,False
6057,CUST00973,Bitbucket,Closed,Medium,Free,5.0,8.5,11.0,0.2941176470588236,False
6058,CUST01819,Jira,Closed,Low,Standard,3.0,17.0,19.5,0.1470588235294117,False
6059,CUST00546,Bitbucket,Closed,Low,Free,2.0,8.5,7.0,-0.17647058823529416,False
6060,CUST02714,Loom,Closed,Low,Premium,2.0,25.0,22.0,-0.12,False
6061,CUST05976,Confluence,Pending Customer Response,Critical,Standard,,24.5,19.0,-0.22448979591836737,True
6062,CUST03246,Trello,Open,Critical,Free,,8.0,8.5,0.0625,False
6063,CUST03450,Trello,Open,Low,Standard,,31.0,30.0,-0.032258064516129004,False
6064,CUST02535,Loom,Open,Critical,Enterprise,,8.0,8.5,0.0625,False
6065,CUST06994,Bitbucket,Closed,Critical,Standard,1.0,17.0,12.5,-0.2647058823529411,True
6066,CUST06176,Jira,Open,Medium,Standard,,12.5,12.0,-0.040000000000000036,False
6067,CUST01289,Loom,Open,High,Standard,,11.0,8.5,-0.2272727272727273,True
6068,CUST07372,Jira,Pending Customer Response,Medium,Enterprise,,33.5,31.5,-0.05970149253731338,False
6069,CUST08131,Confluence,Pending Customer Response,Medium,Enterprise,,17.0,15.0,-0.11764705882352944,False
6070,CUST06841,Trello,Open,High,Enterprise,,18.0,17.0,-0.05555555555555558,False
6071,CUST06901,Loom,Open,High,Standard,,13.5,16.0,0.18518518518518512,False
6072,CUST04750,Confluence,Closed,Critical,Free,3.0,2.5,6.0,1.4,False
6073,CUST03121,Jira,Open,Medium,Premium,,14.5,13.0,-0.10344827586206895,False
6074,CUST03550,Trello,Pending Customer Response,High,Standard,,19.5,13.5,-0.3076923076923077,True
6075,CUST02796,Confluence,Open,Critical,Premium,,30.0,28.0,-0.06666666666666665,False
6076,CUST02416,Loom,Pending Customer Response,Low,Premium,,13.0,13.5,0.03846153846153855,False
6077,CUST07111,Trello,Open,Medium,Premium,,33.0,36.5,0.10606060606060597,False
6078,CUST04409,Jira,Closed,High,Standard,1.0,20.0,20.0,0.0,False
6079,CUST03813,Jira,Closed,High,Premium,1.0,17.0,17.0,0.0,False
6080,CUST06715,Jira,Closed,Low,Standard,2.0,11.5,11.5,0.0,False
6081,CUST07244,Trello,Open,Low,Standard,,25.0,31.5,0.26,False
6082,CUST07459,Loom,Closed,Medium,Standard,1.0,15.5,15.0,-0.032258064516129004,False
6083,CUST04581,Trello,Open,Low,Free,,5.0,7.5,0.5,False
6084,CUST06505,Trello,Open,Critical,Standard,,8.0,9.0,0.125,False
6085,CUST01039,Jira,Closed,Medium,Standard,4.0,28.0,33.5,0.1964285714285714,False
6086,CUST04475,Bitbucket,Pending Customer Response,Medium,Premium,,18.5,15.0,-0.18918918918918914,False
6087,CUST07691,Bitbucket,Closed,Medium,Standard,4.0,9.0,10.0,0.11111111111111116,False
6088,CUST07970,Jira,Open,Low,Free,,20.0,23.5,0.17500000000000004,False
6089,CUST02465,Loom,Closed,Medium,Free,3.0,5.5,7.0,0.2727272727272727,False
6090,CUST01031,Jira,Open,Critical,Free,,9.0,11.0,0.22222222222222232,False
6091,CUST01288,Confluence,Pending Customer Response,Medium,Standard,,17.0,14.5,-0.1470588235294118,False
6092,CUST00709,Loom,Open,Medium,Standard,,5.0,10.5,1.1,False
6093,CUST07687,Trello,Pending Customer Response,Low,Premium,,13.0,14.0,0.07692307692307687,False
6094,CUST02201,Trello,Open,Medium,Enterprise,,27.5,29.5,0.07272727272727275,False
6095,CUST03385,Trello,Open,Medium,Free,,19.5,18.0,-0.07692307692307687,False
6096,CUST02357,Bitbucket,Closed,Medium,Standard,3.0,18.5,21.5,0.16216216216216206,False
6097,CUST01574,Loom,Open,High,Standard,,6.5,6.5,0.0,False
6098,CUST04508,Bitbucket,Closed,Critical,Enterprise,2.0,13.5,17.0,0.2592592592592593,False
6099,CUST07019,Bitbucket,Closed,High,Standard,1.0,23.5,22.0,-0.06382978723404253,False
6100,CUST04146,Bitbucket,Pending Customer Response,High,Free,,12.5,16.0,0.28,False
6101,CUST06310,Bitbucket,Open,High,Standard,,26.5,25.5,-0.037735849056603765,False
6102,CUST00076,Bitbucket,Closed,Critical,Enterprise,4.0,10.5,16.5,0.5714285714285714,False
6103,CUST05174,Trello,Pending Customer Response,Medium,Standard,,11.5,15.0,0.30434782608695654,False
6104,CUST06989,Bitbucket,Open,Critical,Free,,9.0,7.5,-0.16666666666666663,False
6105,CUST03191,Trello,Open,High,Premium,,16.5,14.0,-0.1515151515151515,False
6106,CUST07100,Bitbucket,Closed,Critical,Standard,4.0,10.0,12.0,0.19999999999999996,False
6107,CUST07294,Bitbucket,Closed,High,Premium,2.0,42.0,40.0,-0.04761904761904767,False
6108,CUST00716,Confluence,Open,High,Standard,,9.5,14.0,0.4736842105263157,False
6109,CUST04855,Trello,Pending Customer Response,Medium,Enterprise,,21.0,20.5,-0.023809523809523836,False
6110,CUST01710,Trello,Open,Medium,Premium,,28.5,25.5,-0.10526315789473684,False
6111,CUST04583,Trello,Closed,Critical,Enterprise,3.0,11.5,18.5,0.6086956521739131,False
6112,CUST00224,Trello,Closed,Medium,Enterprise,5.0,32.0,31.0,-0.03125,False
6113,CUST03047,Loom,Open,Low,Standard,,12.5,13.0,0.040000000000000036,False
6114,CUST06109,Loom,Open,Low,Free,,9.0,11.5,0.2777777777777777,False
6115,CUST01948,Jira,Pending Customer Response,Medium,Enterprise,,25.5,27.0,0.05882352941176472,False
6116,CUST05433,Jira,Closed,High,Standard,2.0,26.0,22.0,-0.15384615384615385,False
6117,CUST04974,Trello,Closed,Medium,Standard,1.0,6.0,6.0,0.0,False
6118,CUST07561,Confluence,Pending Customer Response,High,Premium,,36.5,40.5,0.1095890410958904,False
6119,CUST05043,Bitbucket,Open,Critical,Standard,,19.0,16.0,-0.1578947368421053,False
6120,CUST03501,Bitbucket,Open,Critical,Standard,,8.5,12.5,0.47058823529411775,False
6121,CUST05422,Bitbucket,Open,Medium,Premium,,7.0,13.0,0.8571428571428572,False
6122,CUST05201,Confluence,Closed,High,Free,3.0,8.5,10.0,0.17647058823529416,False
6123,CUST01803,Loom,Closed,Critical,Standard,2.0,23.5,15.5,-0.34042553191489366,True
6124,CUST07352,Jira,Pending Customer Response,High,Free,,20.0,17.5,-0.125,False
6125,CUST02505,Loom,Closed,Low,Standard,3.0,14.0,13.0,-0.0714285714285714,False
6126,CUST03762,Trello,Open,Critical,Free,,8.0,9.5,0.1875,False
6127,CUST00547,Trello,Open,High,Standard,,16.0,9.0,-0.4375,True
6128,CUST05451,Jira,Open,Critical,Standard,,11.5,11.0,-0.04347826086956519,False
6129,CUST00397,Bitbucket,Open,High,Standard,,17.0,15.5,-0.08823529411764708,False
6130,CUST07343,Trello,Closed,High,Standard,5.0,17.5,12.0,-0.3142857142857143,True
6131,CUST01951,Jira,Open,Medium,Enterprise,,35.0,29.5,-0.15714285714285714,False
6132,CUST03939,Jira,Pending Customer Response,Medium,Premium,,21.0,12.0,-0.4285714285714286,True
6133,CUST05911,Loom,Closed,Critical,Free,1.0,4.5,4.0,-0.11111111111111116,False
6134,CUST01172,Trello,Open,Low,Standard,,14.5,10.0,-0.31034482758620685,True
6135,CUST06384,Jira,Closed,Low,Premium,3.0,17.5,23.5,0.34285714285714275,False
6136,CUST01103,Confluence,Closed,High,Standard,3.0,13.5,11.0,-0.18518518518518523,False
6137,CUST02873,Loom,Open,Medium,Standard,,6.0,6.5,0.08333333333333326,False
6138,CUST03505,Confluence,Pending Customer Response,Low,Free,,8.0,13.0,0.625,False
6139,CUST00525,Trello,Pending Customer Response,Medium,Premium,,35.0,36.5,0.04285714285714293,False
6140,CUST05333,Bitbucket,Open,Low,Free,,16.5,14.5,-0.12121212121212122,False
6141,CUST01572,Trello,Closed,High,Standard,1.0,42.0,36.0,-0.1428571428571429,False
6142,CUST03818,Bitbucket,Open,High,Enterprise,,25.0,21.0,-0.16000000000000003,False
6143,CUST05817,Jira,Closed,Low,Standard,3.0,31.0,31.5,0.016129032258064502,False
6144,CUST00011,Jira,Open,High,Free,,21.0,17.5,-0.16666666666666663,False
6145,CUST01797,Jira,Open,High,Free,,13.0,9.5,-0.2692307692307693,True
6146,CUST07565,Loom,Closed,Low,Standard,1.0,4.5,10.0,1.2222222222222223,False
6147,CUST01697,Jira,Pending Customer Response,Critical,Standard,,20.0,16.5,-0.17500000000000004,False
6148,CUST01370,Loom,Open,Low,Free,,2.5,8.0,2.2,False
6149,CUST03117,Confluence,Closed,Low,Free,4.0,5.0,5.0,0.0,False
6150,CUST04837,Confluence,Open,Medium,Premium,,26.0,30.0,0.15384615384615374,False
6151,CUST00008,Confluence,Closed,Medium,Standard,4.0,16.5,15.5,-0.06060606060606055,False
6152,CUST05852,Jira,Pending Customer Response,High,Standard,,9.5,10.5,0.10526315789473695,False
6153,CUST05056,Confluence,Closed,Critical,Premium,3.0,5.5,7.5,0.36363636363636354,False
6154,CUST01374,Confluence,Closed,High,Premium,4.0,24.0,28.5,0.1875,False
6155,CUST03110,Loom,Closed,Low,Free,4.0,5.5,3.5,-0.36363636363636365,True
6156,CUST06959,Confluence,Open,Critical,Premium,,12.0,8.5,-0.29166666666666663,True
6157,CUST07287,Trello,Closed,Medium,Premium,2.0,10.0,15.5,0.55,False
6158,CUST07711,Trello,Closed,High,Standard,4.0,18.5,14.5,-0.21621621621621623,True
6159,CUST02327,Bitbucket,Closed,Critical,Premium,4.0,40.5,41.0,0.012345679012345734,False
6160,CUST06931,Trello,Pending Customer Response,High,Free,,7.5,6.5,-0.1333333333333333,False
6161,CUST06602,Bitbucket,Open,Low,Premium,,10.0,11.0,0.10000000000000009,False
6162,CUST05112,Trello,Pending Customer Response,Medium,Standard,,34.5,34.5,0.0,False
6163,CUST04121,Trello,Open,Medium,Free,,16.5,14.5,-0.12121212121212122,False
6164,CUST03777,Trello,Pending Customer Response,Low,Free,,13.0,12.0,-0.07692307692307687,False
6165,CUST04163,Trello,Pending Customer Response,Medium,Premium,,18.5,20.5,0.10810810810810811,False
6166,CUST04350,Confluence,Closed,High,Free,5.0,6.0,7.0,0.16666666666666674,False
6167,CUST08292,Confluence,Pending Customer Response,Critical,Enterprise,,9.5,4.0,-0.5789473684210527,True
6168,CUST04747,Loom,Closed,High,Enterprise,2.0,20.0,18.0,-0.09999999999999998,False
6169,CUST01037,Trello,Closed,High,Free,1.0,5.0,2.5,-0.5,True
6170,CUST01520,Confluence,Pending Customer Response,Medium,Premium,,19.0,20.0,0.05263157894736836,False
6171,CUST06726,Confluence,Open,Low,Standard,,12.0,13.5,0.125,False
6172,CUST01790,Jira,Pending Customer Response,Medium,Free,,9.0,6.5,-0.2777777777777778,True
6173,CUST06075,Loom,Pending Customer Response,Low,Standard,,14.5,11.0,-0.24137931034482762,True
6174,CUST06453,Loom,Closed,Medium,Premium,4.0,20.5,18.0,-0.12195121951219512,False
6175,CUST04034,Jira,Closed,Critical,Standard,5.0,11.0,10.0,-0.09090909090909094,False
6176,CUST02765,Loom,Open,Low,Premium,,12.5,11.0,-0.12,False
6177,CUST03104,Bitbucket,Closed,Medium,Free,4.0,11.0,12.5,0.13636363636363646,False
6178,CUST06480,Confluence,Closed,Low,Standard,5.0,16.5,18.5,0.1212121212121211,False
6179,CUST01432,Loom,Pending Customer Response,Critical,Standard,,12.0,6.5,-0.45833333333333337,True
6180,CUST04279,Trello,Pending Customer Response,Medium,Standard,,18.5,22.0,0.18918918918918926,False
6181,CUST02458,Jira,Open,Critical,Free,,22.5,19.0,-0.15555555555555556,False
6182,CUST04204,Confluence,Closed,High,Free,3.0,7.5,8.5,0.1333333333333333,False
6183,CUST05543,Loom,Open,Medium,Premium,,18.5,15.0,-0.18918918918918914,False
6184,CUST03132,Trello,Pending Customer Response,Critical,Premium,,44.5,37.0,-0.1685393258426966,False
6185,CUST05300,Confluence,Closed,High,Standard,1.0,12.0,12.0,0.0,False
6186,CUST03113,Trello,Open,Critical,Standard,,12.0,11.0,-0.08333333333333337,False
6187,CUST02700,Jira,Closed,High,Standard,2.0,13.5,11.5,-0.14814814814814814,False
6188,CUST04658,Confluence,Closed,Medium,Standard,1.0,15.0,13.0,-0.1333333333333333,False
6189,CUST06422,Bitbucket,Open,Low,Standard,,11.0,10.0,-0.09090909090909094,False
6190,CUST07021,Loom,Open,Medium,Free,,10.0,12.5,0.25,False
6191,CUST03106,Confluence,Open,Critical,Standard,,19.0,15.5,-0.1842105263157895,False
6192,CUST03129,Loom,Open,Critical,Enterprise,,11.5,15.0,0.30434782608695654,False
6193,CUST06094,Trello,Pending Customer Response,Critical,Standard,,10.5,12.0,0.1428571428571428,False
6194,CUST02983,Bitbucket,Closed,Low,Standard,3.0,5.5,6.5,0.18181818181818188,False
6195,CUST03504,Loom,Open,Medium,Enterprise,,8.0,10.0,0.25,False
6196,CUST00399,Trello,Closed,High,Premium,1.0,24.0,26.5,0.10416666666666674,False
6197,CUST07388,Trello,Closed,Critical,Standard,5.0,30.0,32.0,0.06666666666666665,False
6198,CUST06992,Bitbucket,Closed,High,Free,4.0,19.0,19.0,0.0,False
6199,CUST08224,Loom,Closed,High,Premium,2.0,17.0,12.5,-0.2647058823529411,True
6200,CUST03147,Trello,Open,Low,Enterprise,,14.5,16.0,0.10344827586206895,False
6201,CUST04944,Trello,Closed,High,Free,2.0,14.0,11.5,-0.1785714285714286,False
6202,CUST02085,Loom,Closed,Critical,Premium,5.0,30.5,29.5,-0.032786885245901676,False
6203,CUST06869,Confluence,Open,High,Premium,,17.5,22.0,0.2571428571428571,False
6204,CUST08014,Trello,Closed,Critical,Standard,5.0,8.5,11.0,0.2941176470588236,False
6205,CUST03446,Jira,Closed,High,Standard,2.0,45.0,42.0,-0.06666666666666665,False
6206,CUST02963,Loom,Pending Customer Response,Critical,Free,,3.0,2.5,-0.16666666666666663,False
6207,CUST00565,Confluence,Open,Low,Enterprise,,22.0,22.5,0.022727272727272707,False
6208,CUST07567,Bitbucket,Pending Customer Response,Low,Standard,,18.5,16.5,-0.10810810810810811,False
6209,CUST03961,Bitbucket,Pending Customer Response,Critical,Premium,,11.0,11.0,0.0,False
6210,CUST06496,Loom,Pending Customer Response,High,Free,,12.0,5.0,-0.5833333333333333,True
6211,CUST04862,Jira,Pending Customer Response,Critical,Standard,,23.0,19.5,-0.15217391304347827,False
6212,CUST04098,Bitbucket,Closed,Low,Premium,2.0,18.5,19.5,0.054054054054053946,False
6213,CUST04861,Loom,Pending Customer Response,Critical,Standard,,7.0,7.5,0.0714285714285714,False
6214,CUST03441,Confluence,Pending Customer Response,Critical,Free,,5.0,6.5,0.30000000000000004,False
6215,CUST07026,Trello,Open,High,Premium,,23.0,24.5,0.0652173913043479,False
6216,CUST04070,Bitbucket,Pending Customer Response,Medium,Standard,,17.0,15.0,-0.11764705882352944,False
6217,CUST04087,Trello,Closed,Critical,Standard,1.0,12.0,15.0,0.25,False
6218,CUST02647,Bitbucket,Open,Low,Premium,,43.5,46.0,0.05747126436781613,False
6219,CUST08231,Bitbucket,Pending Customer Response,Critical,Premium,,14.0,15.5,0.1071428571428572,False
6220,CUST06770,Trello,Closed,Medium,Standard,3.0,9.0,13.5,0.5,False
6221,CUST01794,Bitbucket,Open,Low,Standard,,17.5,13.5,-0.22857142857142854,True
6222,CUST01378,Confluence,Open,Critical,Standard,,27.5,24.5,-0.10909090909090913,False
6223,CUST03750,Loom,Pending Customer Response,Medium,Premium,,22.0,19.5,-0.11363636363636365,False
6224,CUST05715,Jira,Open,Critical,Free,,21.0,15.5,-0.26190476190476186,True
6225,CUST05192,Confluence,Pending Customer Response,Critical,Enterprise,,20.0,22.0,0.10000000000000009,False
6226,CUST06560,Trello,Pending Customer Response,Medium,Enterprise,,14.5,14.0,-0.03448275862068961,False
6227,CUST07017,Bitbucket,Pending Customer Response,Critical,Standard,,14.5,15.0,0.034482758620689724,False
6228,CUST07207,Loom,Open,Low,Premium,,17.5,19.5,0.11428571428571432,False
6229,CUST00911,Trello,Pending Customer Response,Low,Premium,,26.5,23.5,-0.1132075471698113,False
6230,CUST02999,Jira,Pending Customer Response,Medium,Standard,,36.0,42.0,0.16666666666666674,False
6231,CUST02848,Trello,Open,Critical,Premium,,14.0,17.5,0.25,False
6232,CUST06356,Confluence,Open,High,Premium,,15.0,16.5,0.10000000000000009,False
6233,CUST06412,Loom,Pending Customer Response,Medium,Standard,,5.0,9.5,0.8999999999999999,False
6234,CUST06830,Loom,Closed,Critical,Standard,2.0,4.5,7.5,0.6666666666666667,False
6235,CUST05442,Trello,Open,Low,Standard,,14.0,8.5,-0.3928571428571429,True
6236,CUST03525,Confluence,Pending Customer Response,Low,Premium,,9.5,7.5,-0.21052631578947367,True
6237,CUST03283,Jira,Closed,High,Premium,2.0,13.0,13.5,0.03846153846153855,False
6238,CUST00919,Jira,Open,Critical,Standard,,16.5,13.5,-0.18181818181818177,False
6239,CUST03359,Confluence,Open,Low,Premium,,20.0,21.0,0.050000000000000044,False
6240,CUST07032,Jira,Open,Low,Premium,,22.0,22.5,0.022727272727272707,False
6241,CUST04177,Trello,Closed,Critical,Premium,4.0,28.5,25.0,-0.1228070175438597,False
6242,CUST08176,Bitbucket,Closed,Critical,Premium,4.0,21.5,26.0,0.20930232558139528,False
6243,CUST00669,Confluence,Closed,Medium,Free,5.0,9.5,9.5,0.0,False
6244,CUST01942,Confluence,Open,Medium,Premium,,16.5,20.0,0.21212121212121215,False
6245,CUST05279,Loom,Pending Customer Response,Critical,Standard,,17.0,21.0,0.23529411764705888,False
6246,CUST02984,Jira,Open,Critical,Standard,,14.0,15.0,0.0714285714285714,False
6247,CUST06290,Trello,Closed,High,Standard,2.0,13.0,14.5,0.11538461538461542,False
6248,CUST04983,Trello,Closed,Low,Premium,4.0,23.5,26.5,0.12765957446808507,False
6249,CUST04036,Confluence,Closed,Critical,Free,4.0,10.0,11.5,0.1499999999999999,False
6250,CUST01022,Jira,Pending Customer Response,High,Standard,,25.0,27.5,0.10000000000000009,False
6251,CUST00905,Confluence,Closed,Critical,Enterprise,3.0,35.0,30.0,-0.1428571428571429,False
6252,CUST05313,Confluence,Open,High,Premium,,13.0,23.0,0.7692307692307692,False
6253,CUST03857,Trello,Closed,Low,Standard,5.0,8.5,15.5,0.8235294117647058,False
6254,CUST00304,Loom,Closed,High,Enterprise,3.0,12.5,15.5,0.24,False
6255,CUST03701,Bitbucket,Open,Medium,Standard,,8.0,7.5,-0.0625,False
6256,CUST01748,Loom,Closed,Low,Free,4.0,3.5,4.5,0.2857142857142858,False
6257,CUST01970,Confluence,Open,Medium,Premium,,20.5,25.0,0.2195121951219512,False
6258,CUST02895,Loom,Open,Medium,Standard,,12.0,13.5,0.125,False
6259,CUST00687,Bitbucket,Open,Low,Standard,,14.0,15.5,0.1071428571428572,False
6260,CUST01411,Loom,Open,Critical,Free,,4.0,6.0,0.5,False
6261,CUST02919,Loom,Closed,Medium,Premium,2.0,14.0,18.0,0.2857142857142858,False
6262,CUST02389,Trello,Closed,High,Standard,5.0,18.0,20.5,0.13888888888888884,False
6263,CUST00352,Confluence,Closed,Critical,Enterprise,2.0,7.5,5.5,-0.2666666666666667,True
6264,CUST03165,Jira,Open,Medium,Standard,,13.5,15.5,0.14814814814814814,False
6265,CUST01060,Trello,Closed,High,Premium,1.0,13.5,13.5,0.0,False
6266,CUST07307,Jira,Pending Customer Response,Low,Free,,13.5,13.0,-0.03703703703703709,False
6267,CUST04808,Jira,Closed,High,Standard,4.0,18.5,15.0,-0.18918918918918914,False
6268,CUST02939,Jira,Closed,Low,Premium,3.0,42.5,38.0,-0.10588235294117643,False
6269,CUST03208,Confluence,Open,High,Standard,,14.5,8.5,-0.4137931034482759,True
6270,CUST01199,Loom,Pending Customer Response,Low,Enterprise,,5.0,5.0,0.0,False
6271,CUST00208,Loom,Open,High,Standard,,12.0,12.0,0.0,False
6272,CUST06882,Confluence,Open,Low,Standard,,12.5,14.5,0.15999999999999992,False
6273,CUST01545,Trello,Pending Customer Response,High,Enterprise,,24.5,22.5,-0.08163265306122447,False
6274,CUST07975,Loom,Pending Customer Response,High,Standard,,7.5,11.0,0.46666666666666656,False
6275,CUST05049,Loom,Closed,High,Standard,4.0,20.5,22.5,0.09756097560975618,False
6276,CUST05612,Jira,Closed,Critical,Free,1.0,8.0,10.0,0.25,False
6277,CUST08122,Trello,Open,High,Free,,8.5,8.0,-0.05882352941176472,False
6278,CUST04386,Trello,Closed,Critical,Standard,2.0,22.5,17.5,-0.2222222222222222,True
6279,CUST07265,Confluence,Closed,Critical,Standard,3.0,21.5,17.0,-0.2093023255813954,True
6280,CUST01301,Confluence,Open,Low,Premium,,34.5,37.5,0.08695652173913038,False
6281,CUST06493,Bitbucket,Closed,High,Standard,5.0,7.5,9.0,0.19999999999999996,False
6282,CUST06656,Trello,Open,High,Free,,8.5,6.0,-0.2941176470588235,True
6283,CUST00115,Confluence,Closed,Critical,Free,2.0,7.5,8.0,0.06666666666666665,False
6284,CUST06550,Loom,Open,Critical,Premium,,8.5,9.5,0.11764705882352944,False
6285,CUST08245,Trello,Pending Customer Response,Low,Standard,,9.0,12.5,0.38888888888888884,False
6286,CUST08035,Bitbucket,Pending Customer Response,Critical,Standard,,13.5,13.5,0.0,False
6287,CUST03127,Trello,Closed,Low,Premium,1.0,23.5,23.5,0.0,False
6288,CUST01071,Bitbucket,Open,High,Standard,,10.0,13.5,0.3500000000000001,False
6289,CUST06336,Jira,Pending Customer Response,Medium,Standard,,25.0,26.5,0.06000000000000005,False
6290,CUST03746,Confluence,Open,Critical,Premium,,24.5,22.5,-0.08163265306122447,False
6291,CUST07217,Jira,Closed,Low,Standard,5.0,15.0,18.5,0.2333333333333334,False
6292,CUST01604,Confluence,Open,Medium,Standard,,13.5,14.0,0.03703703703703698,False
6293,CUST00125,Jira,Closed,High,Premium,5.0,17.5,19.5,0.11428571428571432,False
6294,CUST02611,Jira,Closed,Medium,Premium,1.0,11.5,13.5,0.17391304347826098,False
6295,CUST04068,Confluence,Pending Customer Response,Critical,Standard,,14.5,15.0,0.034482758620689724,False
6296,CUST04190,Confluence,Open,Medium,Standard,,10.5,8.5,-0.19047619047619047,False
6297,CUST03451,Loom,Closed,Critical,Free,3.0,14.0,10.0,-0.2857142857142857,True
6298,CUST05839,Trello,Open,Low,Standard,,12.5,8.0,-0.36,True
6299,CUST04947,Confluence,Pending Customer Response,Medium,Standard,,29.0,25.0,-0.13793103448275867,False
6300,CUST07806,Loom,Closed,High,Standard,1.0,7.0,5.0,-0.2857142857142857,True
6301,CUST07110,Loom,Pending Customer Response,Medium,Enterprise,,9.5,10.0,0.05263157894736836,False
6302,CUST05695,Jira,Pending Customer Response,Critical,Standard,,18.0,21.5,0.19444444444444442,False
6303,CUST05831,Confluence,Open,High,Free,,11.5,14.5,0.26086956521739135,False
6304,CUST05278,Jira,Pending Customer Response,High,Premium,,64.0,63.5,-0.0078125,False
6305,CUST04078,Loom,Closed,Critical,Standard,2.0,7.5,9.5,0.2666666666666666,False
6306,CUST05458,Bitbucket,Open,Low,Standard,,23.5,23.0,-0.021276595744680882,False
6307,CUST01290,Confluence,Pending Customer Response,Low,Free,,10.0,5.5,-0.44999999999999996,True
6308,CUST02502,Jira,Pending Customer Response,Critical,Premium,,33.0,32.5,-0.015151515151515138,False
6309,CUST07899,Loom,Open,Critical,Premium,,10.0,12.5,0.25,False
6310,CUST03852,Loom,Closed,Medium,Standard,3.0,9.5,6.5,-0.3157894736842105,True
6311,CUST07632,Loom,Closed,Medium,Standard,4.0,16.0,11.0,-0.3125,True
6312,CUST07634,Confluence,Closed,Critical,Standard,3.0,13.5,14.5,0.07407407407407418,False
6313,CUST01627,Trello,Pending Customer Response,Low,Free,,4.0,8.0,1.0,False
6314,CUST07175,Bitbucket,Open,Medium,Standard,,23.0,21.0,-0.08695652173913049,False
6315,CUST06790,Confluence,Open,High,Free,,14.0,14.0,0.0,False
6316,CUST02283,Trello,Closed,Low,Premium,2.0,34.0,33.0,-0.02941176470588236,False
6317,CUST01245,Confluence,Pending Customer Response,High,Standard,,38.0,39.5,0.03947368421052633,False
6318,CUST00476,Loom,Pending Customer Response,Low,Standard,,8.0,7.5,-0.0625,False
6319,CUST05521,Trello,Pending Customer Response,Critical,Enterprise,,22.5,22.0,-0.022222222222222254,False
6320,CUST04331,Bitbucket,Pending Customer Response,Medium,Standard,,30.0,25.5,-0.15000000000000002,False
6321,CUST05241,Confluence,Pending Customer Response,High,Standard,,8.0,10.5,0.3125,False
6322,CUST07597,Trello,Open,High,Standard,,8.0,10.0,0.25,False
6323,CUST03056,Confluence,Closed,Critical,Premium,1.0,25.0,18.5,-0.26,True
6324,CUST08093,Trello,Closed,Critical,Free,5.0,4.0,6.0,0.5,False
6325,CUST02268,Confluence,Closed,Low,Free,5.0,8.0,4.5,-0.4375,True
6326,CUST05127,Confluence,Pending Customer Response,Low,Free,,16.5,12.5,-0.24242424242424243,True
6327,CUST00854,Bitbucket,Open,High,Premium,,21.5,20.5,-0.046511627906976716,False
6328,CUST04221,Jira,Open,Low,Standard,,20.5,18.5,-0.09756097560975607,False
6329,CUST04856,Jira,Closed,Low,Premium,1.0,13.5,10.0,-0.2592592592592593,True
6330,CUST03672,Confluence,Closed,Critical,Enterprise,3.0,35.5,32.0,-0.09859154929577463,False
6331,CUST01020,Confluence,Open,Medium,Standard,,19.5,22.0,0.1282051282051282,False
6332,CUST03304,Jira,Pending Customer Response,Medium,Premium,,23.5,23.0,-0.021276595744680882,False
6333,CUST03468,Bitbucket,Closed,Low,Free,5.0,5.5,4.5,-0.18181818181818177,False
6334,CUST03447,Confluence,Closed,Medium,Standard,3.0,22.0,31.5,0.4318181818181819,False
6335,CUST05181,Confluence,Pending Customer Response,Medium,Standard,,36.0,32.5,-0.09722222222222221,False
6336,CUST00693,Trello,Closed,High,Free,5.0,14.0,18.0,0.2857142857142858,False
6337,CUST02832,Jira,Closed,Critical,Premium,1.0,16.5,16.0,-0.030303030303030276,False
6338,CUST03544,Jira,Closed,Critical,Premium,1.0,20.0,21.0,0.050000000000000044,False
6339,CUST01159,Loom,Open,Medium,Enterprise,,34.5,31.0,-0.10144927536231885,False
6340,CUST02247,Confluence,Pending Customer Response,Critical,Standard,,17.0,17.0,0.0,False
6341,CUST00641,Jira,Pending Customer Response,Critical,Free,,16.5,15.5,-0.06060606060606055,False
6342,CUST08212,Bitbucket,Closed,Medium,Standard,1.0,16.0,15.5,-0.03125,False
6343,CUST03412,Jira,Closed,Medium,Standard,2.0,22.0,14.0,-0.36363636363636365,True
6344,CUST00672,Trello,Pending Customer Response,Low,Free,,11.5,10.0,-0.13043478260869568,False
6345,CUST01875,Confluence,Closed,Medium,Premium,3.0,14.5,14.0,-0.03448275862068961,False
6346,CUST01097,Jira,Pending Customer Response,Medium,Premium,,47.0,43.0,-0.08510638297872342,False
6347,CUST00235,Trello,Open,Critical,Standard,,21.5,25.5,0.18604651162790709,False
6348,CUST07379,Confluence,Closed,Low,Free,1.0,13.5,17.0,0.2592592592592593,False
6349,CUST02825,Jira,Open,High,Premium,,36.0,32.0,-0.11111111111111116,False
6350,CUST02397,Loom,Closed,High,Premium,5.0,8.5,8.0,-0.05882352941176472,False
6351,CUST00863,Loom,Pending Customer Response,Medium,Free,,7.5,6.0,-0.19999999999999996,False
6352,CUST03020,Confluence,Closed,Critical,Premium,1.0,25.5,26.5,0.03921568627450989,False
6353,CUST07510,Trello,Open,Low,Free,,8.0,10.0,0.25,False
6354,CUST02132,Jira,Pending Customer Response,Medium,Premium,,18.0,23.0,0.2777777777777777,False
6355,CUST02260,Trello,Closed,Medium,Standard,2.0,13.5,13.5,0.0,False
6356,CUST05835,Bitbucket,Pending Customer Response,Critical,Standard,,17.5,20.0,0.1428571428571428,False
6357,CUST02430,Confluence,Open,High,Free,,12.0,10.0,-0.16666666666666663,False
6358,CUST07162,Confluence,Pending Customer Response,High,Standard,,26.5,29.0,0.09433962264150941,False
6359,CUST06710,Confluence,Open,High,Free,,7.0,7.0,0.0,False
6360,CUST01946,Loom,Pending Customer Response,Medium,Premium,,15.5,16.0,0.032258064516129004,False
6361,CUST05265,Jira,Open,High,Free,,12.0,9.5,-0.20833333333333337,True
6362,CUST08252,Bitbucket,Open,Critical,Standard,,15.0,13.5,-0.09999999999999998,False
6363,CUST06757,Jira,Closed,Medium,Premium,3.0,9.5,13.0,0.368421052631579,False
6364,CUST02394,Loom,Closed,Medium,Enterprise,2.0,26.5,28.5,0.07547169811320753,False
6365,CUST03459,Trello,Open,High,Premium,,26.0,21.5,-0.17307692307692313,False
6366,CUST07344,Jira,Closed,Critical,Standard,2.0,25.5,27.0,0.05882352941176472,False
6367,CUST06576,Trello,Open,Low,Standard,,13.0,13.5,0.03846153846153855,False
6368,CUST07406,Jira,Closed,High,Standard,1.0,17.5,14.0,-0.19999999999999996,False
6369,CUST01883,Jira,Pending Customer Response,High,Free,,6.0,5.5,-0.08333333333333337,False
6370,CUST05435,Jira,Closed,Medium,Standard,5.0,9.5,8.0,-0.1578947368421053,False
6371,CUST01958,Confluence,Closed,High,Premium,4.0,16.5,17.0,0.030303030303030276,False
6372,CUST08058,Bitbucket,Pending Customer Response,Medium,Enterprise,,55.5,60.0,0.08108108108108114,False
6373,CUST05087,Bitbucket,Open,Low,Free,,10.5,10.5,0.0,False
6374,CUST04262,Confluence,Open,Medium,Free,,15.0,8.5,-0.43333333333333335,True
6375,CUST00619,Confluence,Closed,Critical,Standard,3.0,12.0,13.5,0.125,False
6376,CUST00243,Confluence,Closed,Critical,Standard,2.0,16.5,14.5,-0.12121212121212122,False
6377,CUST06396,Confluence,Open,High,Free,,7.5,9.0,0.19999999999999996,False
6378,CUST06032,Confluence,Open,Low,Free,,5.0,2.5,-0.5,True
6379,CUST03275,Jira,Open,Low,Premium,,40.5,39.5,-0.024691358024691357,False
6380,CUST06457,Jira,Closed,Low,Premium,2.0,26.0,22.0,-0.15384615384615385,False
6381,CUST01471,Bitbucket,Closed,Critical,Enterprise,3.0,18.0,19.5,0.08333333333333326,False
6382,CUST05459,Trello,Closed,High,Enterprise,5.0,15.0,15.0,0.0,False
6383,CUST01994,Confluence,Open,Critical,Standard,,7.5,7.0,-0.06666666666666665,False
6384,CUST03156,Trello,Closed,High,Enterprise,5.0,21.5,27.5,0.2790697674418605,False
6385,CUST07954,Trello,Closed,High,Premium,3.0,8.0,6.5,-0.1875,False
6386,CUST00027,Trello,Pending Customer Response,Medium,Free,,11.0,13.0,0.18181818181818188,False
6387,CUST00969,Confluence,Open,High,Standard,,20.0,18.0,-0.09999999999999998,False
6388,CUST07972,Loom,Pending Customer Response,Critical,Standard,,16.5,24.5,0.48484848484848486,False
6389,CUST01087,Loom,Pending Customer Response,Low,Free,,7.0,4.5,-0.3571428571428571,True
6390,CUST07317,Loom,Open,Medium,Premium,,16.5,18.5,0.1212121212121211,False
6391,CUST00121,Loom,Open,High,Premium,,16.0,15.0,-0.0625,False
6392,CUST01519,Trello,Open,Low,Standard,,11.0,12.0,0.09090909090909083,False
6393,CUST07765,Jira,Pending Customer Response,Medium,Premium,,25.5,25.0,-0.019607843137254943,False
6394,CUST05988,Jira,Pending Customer Response,Low,Standard,,13.0,13.5,0.03846153846153855,False
6395,CUST03270,Bitbucket,Closed,Medium,Enterprise,2.0,65.0,61.0,-0.06153846153846154,False
6396,CUST02342,Trello,Closed,Medium,Standard,5.0,7.0,7.5,0.0714285714285714,False
6397,CUST05606,Jira,Closed,Low,Premium,1.0,16.5,15.0,-0.09090909090909094,False
6398,CUST03600,Confluence,Open,Low,Premium,,19.0,13.5,-0.2894736842105263,True
6399,CUST05460,Loom,Pending Customer Response,Critical,Premium,,10.0,4.5,-0.55,True
6400,CUST07101,Trello,Open,Medium,Free,,6.5,2.5,-0.6153846153846154,True
6401,CUST00481,Confluence,Open,Medium,Enterprise,,18.0,15.0,-0.16666666666666663,False
6402,CUST05920,Jira,Closed,High,Standard,2.0,18.0,11.5,-0.36111111111111116,True
6403,CUST01356,Confluence,Open,High,Standard,,8.5,7.0,-0.17647058823529416,False
6404,CUST01284,Confluence,Open,Critical,Standard,,22.5,23.0,0.022222222222222143,False
6405,CUST03037,Confluence,Pending Customer Response,Medium,Standard,,13.0,11.5,-0.11538461538461542,False
6406,CUST06226,Jira,Closed,Low,Free,4.0,36.0,28.0,-0.2222222222222222,True
6407,CUST06699,Confluence,Open,Low,Premium,,29.5,29.5,0.0,False
6408,CUST06599,Loom,Closed,High,Premium,5.0,10.0,14.0,0.3999999999999999,False
6409,CUST01886,Bitbucket,Open,Low,Premium,,37.0,31.0,-0.16216216216216217,False
6410,CUST06619,Confluence,Open,Critical,Free,,5.5,3.5,-0.36363636363636365,True
6411,CUST03545,Loom,Closed,Critical,Standard,5.0,10.5,6.0,-0.4285714285714286,True
6412,CUST01447,Trello,Closed,Critical,Standard,2.0,11.0,10.5,-0.045454545454545414,False
6413,CUST03478,Loom,Pending Customer Response,Medium,Premium,,19.0,25.0,0.3157894736842106,False
6414,CUST00819,Trello,Pending Customer Response,High,Standard,,7.5,10.0,0.33333333333333326,False
6415,CUST02694,Loom,Closed,Medium,Enterprise,4.0,23.5,23.5,0.0,False
6416,CUST00799,Jira,Open,Medium,Free,,13.0,15.0,0.15384615384615374,False
6417,CUST04533,Trello,Closed,High,Free,5.0,9.5,7.5,-0.21052631578947367,True
6418,CUST04898,Loom,Pending Customer Response,Critical,Premium,,11.0,14.0,0.2727272727272727,False
6419,CUST06688,Trello,Closed,High,Standard,4.0,12.5,13.5,0.08000000000000007,False
6420,CUST04050,Jira,Pending Customer Response,Critical,Free,,16.5,20.5,0.24242424242424243,False
6421,CUST03042,Confluence,Closed,Low,Enterprise,3.0,21.0,24.0,0.1428571428571428,False
6422,CUST05713,Loom,Open,Medium,Standard,,10.5,12.0,0.1428571428571428,False
6423,CUST05821,Confluence,Pending Customer Response,Low,Enterprise,,17.0,18.5,0.08823529411764697,False
6424,CUST01830,Confluence,Open,High,Premium,,26.0,27.0,0.03846153846153855,False
6425,CUST02303,Confluence,Closed,Medium,Standard,1.0,10.0,10.5,0.050000000000000044,False
6426,CUST03300,Confluence,Open,Low,Standard,,20.0,21.5,0.07499999999999996,False
6427,CUST06644,Jira,Pending Customer Response,Critical,Premium,,21.5,20.5,-0.046511627906976716,False
6428,CUST03114,Jira,Pending Customer Response,Critical,Standard,,12.5,13.5,0.08000000000000007,False
6429,CUST06140,Trello,Pending Customer Response,Low,Standard,,19.0,16.0,-0.1578947368421053,False
6430,CUST00815,Jira,Pending Customer Response,Low,Standard,,17.5,14.5,-0.17142857142857137,False
6431,CUST02617,Loom,Open,Medium,Premium,,14.5,14.5,0.0,False
6432,CUST06438,Trello,Open,Low,Standard,,15.0,11.0,-0.2666666666666667,True
6433,CUST02106,Confluence,Pending Customer Response,High,Free,,5.5,4.0,-0.2727272727272727,True
6434,CUST04142,Jira,Open,Critical,Premium,,24.5,26.5,0.08163265306122458,False
6435,CUST06937,Jira,Closed,High,Premium,2.0,6.5,7.5,0.15384615384615374,False
6436,CUST00597,Bitbucket,Open,Low,Enterprise,,11.5,13.0,0.13043478260869557,False
6437,CUST01208,Confluence,Pending Customer Response,Critical,Free,,11.5,12.0,0.04347826086956519,False
6438,CUST07016,Trello,Closed,Medium,Standard,1.0,8.0,9.0,0.125,False
6439,CUST02652,Jira,Open,Low,Enterprise,,7.5,10.0,0.33333333333333326,False
6440,CUST01511,Trello,Open,Low,Standard,,18.0,23.0,0.2777777777777777,False
6441,CUST05248,Loom,Closed,Medium,Enterprise,4.0,18.0,19.5,0.08333333333333326,False
6442,CUST07291,Trello,Closed,High,Free,5.0,8.5,8.0,-0.05882352941176472,False
6443,CUST05102,Trello,Pending Customer Response,Medium,Premium,,11.0,10.0,-0.09090909090909094,False
6444,CUST04009,Trello,Open,High,Free,,25.0,24.5,-0.020000000000000018,False
6445,CUST06030,Trello,Open,High,Standard,,10.0,6.0,-0.4,True
6446,CUST00122,Jira,Open,Critical,Enterprise,,18.0,18.0,0.0,False
6447,CUST06733,Jira,Open,Low,Standard,,29.0,28.0,-0.03448275862068961,False
6448,CUST05626,Jira,Closed,High,Free,5.0,12.5,10.5,-0.16000000000000003,False
6449,CUST05989,Jira,Pending Customer Response,Low,Standard,,26.0,25.0,-0.038461538461538436,False
6450,CUST00404,Trello,Pending Customer Response,Medium,Standard,,10.5,7.5,-0.2857142857142857,True
6451,CUST04546,Trello,Closed,High,Enterprise,5.0,17.0,24.5,0.4411764705882353,False
6452,CUST01046,Confluence,Pending Customer Response,Medium,Enterprise,,19.0,24.5,0.2894736842105263,False
6453,CUST04529,Bitbucket,Open,Low,Enterprise,,19.0,12.0,-0.368421052631579,True
6454,CUST04542,Loom,Pending Customer Response,High,Free,,5.0,9.5,0.8999999999999999,False
6455,CUST06247,Loom,Open,Low,Premium,,2.5,7.5,2.0,False
6456,CUST07538,Trello,Closed,Critical,Premium,5.0,10.5,10.5,0.0,False
6457,CUST01703,Confluence,Closed,Low,Standard,1.0,33.0,30.5,-0.0757575757575758,False
6458,CUST00288,Bitbucket,Pending Customer Response,Medium,Premium,,21.5,16.5,-0.2325581395348837,True
6459,CUST02491,Confluence,Pending Customer Response,Critical,Standard,,10.5,13.0,0.23809523809523814,False
6460,CUST04678,Bitbucket,Open,Medium,Premium,,17.5,15.5,-0.11428571428571432,False
6461,CUST01998,Confluence,Pending Customer Response,Critical,Standard,,20.5,16.5,-0.19512195121951215,False
6462,CUST07808,Trello,Closed,Critical,Standard,1.0,7.0,4.0,-0.4285714285714286,True
6463,CUST05791,Jira,Closed,Critical,Standard,5.0,18.5,15.0,-0.18918918918918914,False
6464,CUST04460,Bitbucket,Pending Customer Response,Low,Standard,,22.0,17.0,-0.2272727272727273,True
6465,CUST00554,Bitbucket,Pending Customer Response,Medium,Free,,8.5,10.5,0.23529411764705888,False
6466,CUST03348,Loom,Closed,Critical,Premium,3.0,27.0,27.0,0.0,False
6467,CUST01399,Confluence,Open,Critical,Standard,,26.5,32.5,0.2264150943396226,False
6468,CUST07371,Jira,Open,Critical,Enterprise,,38.5,39.5,0.025974025974025983,False
6469,CUST04234,Trello,Pending Customer Response,Medium,Free,,13.0,16.0,0.23076923076923084,False
6470,CUST04046,Bitbucket,Pending Customer Response,Low,Enterprise,,50.5,61.5,0.2178217821782178,False
6471,CUST05025,Bitbucket,Pending Customer Response,Low,Standard,,24.5,28.0,0.1428571428571428,False
6472,CUST00195,Confluence,Pending Customer Response,Medium,Standard,,32.0,35.5,0.109375,False
6473,CUST04567,Loom,Closed,High,Premium,5.0,21.0,20.5,-0.023809523809523836,False
6474,CUST01832,Bitbucket,Pending Customer Response,High,Enterprise,,19.0,26.0,0.368421052631579,False
6475,CUST03980,Jira,Pending Customer Response,Critical,Standard,,18.5,16.5,-0.10810810810810811,False
6476,CUST07467,Bitbucket,Closed,Critical,Enterprise,3.0,19.5,16.5,-0.15384615384615385,False
6477,CUST05705,Trello,Open,High,Standard,,9.0,9.5,0.05555555555555558,False
6478,CUST08177,Loom,Closed,High,Free,5.0,12.5,11.5,-0.07999999999999996,False
6479,CUST06724,Confluence,Pending Customer Response,Low,Enterprise,,15.0,13.5,-0.09999999999999998,False
6480,CUST06400,Trello,Open,High,Premium,,30.5,30.5,0.0,False
6481,CUST07054,Confluence,Pending Customer Response,High,Standard,,18.5,23.5,0.2702702702702702,False
6482,CUST04538,Loom,Open,Medium,Free,,6.0,7.0,0.16666666666666674,False
6483,CUST04634,Bitbucket,Pending Customer Response,Low,Enterprise,,15.0,13.5,-0.09999999999999998,False
6484,CUST07669,Trello,Closed,High,Enterprise,4.0,35.0,36.5,0.04285714285714293,False
6485,CUST04300,Confluence,Pending Customer Response,Low,Free,,12.5,8.5,-0.31999999999999995,True
6486,CUST01639,Confluence,Open,Critical,Standard,,27.0,31.0,0.14814814814814814,False
6487,CUST04905,Confluence,Pending Customer Response,Medium,Free,,7.5,5.5,-0.2666666666666667,True
6488,CUST06234,Loom,Open,Critical,Standard,,24.0,22.5,-0.0625,False
6489,CUST01236,Confluence,Open,Critical,Free,,9.5,5.0,-0.4736842105263158,True
6490,CUST01444,Loom,Closed,High,Standard,1.0,15.0,15.0,0.0,False
6491,CUST02506,Bitbucket,Open,High,Standard,,11.0,11.5,0.045454545454545414,False
6492,CUST02624,Jira,Closed,Low,Standard,3.0,18.0,15.5,-0.13888888888888884,False
6493,CUST03843,Bitbucket,Closed,High,Standard,2.0,7.5,7.0,-0.06666666666666665,False
6494,CUST03549,Trello,Pending Customer Response,High,Enterprise,,23.0,26.5,0.15217391304347827,False
6495,CUST04960,Confluence,Pending Customer Response,Low,Premium,,36.0,36.0,0.0,False
6496,CUST07714,Trello,Open,Critical,Enterprise,,28.5,19.0,-0.33333333333333337,True
6497,CUST04829,Trello,Closed,Medium,Premium,1.0,27.0,21.5,-0.20370370370370372,True
6498,CUST06898,Trello,Open,Medium,Enterprise,,21.5,15.5,-0.2790697674418605,True
6499,CUST04212,Trello,Closed,Medium,Premium,3.0,19.5,24.0,0.23076923076923084,False
6500,CUST03558,Loom,Closed,Low,Premium,4.0,10.0,12.0,0.19999999999999996,False
6501,CUST00859,Trello,Pending Customer Response,Critical,Standard,,16.0,17.5,0.09375,False
6502,CUST04670,Bitbucket,Closed,Medium,Standard,2.0,15.5,12.5,-0.19354838709677424,False
6503,CUST01016,Jira,Open,Critical,Premium,,24.5,25.5,0.04081632653061229,False
6504,CUST02359,Bitbucket,Pending Customer Response,Medium,Free,,7.0,7.0,0.0,False
6505,CUST02951,Confluence,Closed,High,Free,2.0,9.0,6.0,-0.33333333333333337,True
6506,CUST06168,Jira,Closed,Medium,Standard,5.0,15.0,17.0,0.1333333333333333,False
6507,CUST04716,Bitbucket,Open,Low,Premium,,9.5,5.0,-0.4736842105263158,True
6508,CUST07564,Bitbucket,Open,Medium,Standard,,42.5,38.0,-0.10588235294117643,False
6509,CUST00994,Trello,Pending Customer Response,Low,Enterprise,,31.5,34.0,0.0793650793650793,False
6510,CUST07815,Jira,Closed,High,Standard,4.0,20.5,19.5,-0.04878048780487809,False
6511,CUST05022,Jira,Open,Low,Premium,,27.5,31.5,0.1454545454545455,False
6512,CUST06432,Trello,Pending Customer Response,Medium,Standard,,15.5,16.0,0.032258064516129004,False
6513,CUST08193,Jira,Pending Customer Response,Critical,Standard,,15.5,17.5,0.12903225806451624,False
6514,CUST00273,Trello,Open,Medium,Standard,,37.0,35.5,-0.04054054054054057,False
6515,CUST02955,Jira,Closed,High,Enterprise,5.0,20.5,21.0,0.024390243902439046,False
6516,CUST02900,Jira,Pending Customer Response,Low,Standard,,4.0,1.0,-0.75,True
6517,CUST04399,Trello,Pending Customer Response,Low,Premium,,45.0,40.0,-0.11111111111111116,False
6518,CUST05975,Loom,Open,Medium,Free,,7.5,10.0,0.33333333333333326,False
6519,CUST06223,Jira,Open,Low,Premium,,13.5,7.0,-0.4814814814814815,True
6520,CUST04700,Bitbucket,Open,High,Standard,,13.0,13.0,0.0,False
6521,CUST05528,Jira,Closed,Medium,Standard,2.0,12.5,9.5,-0.24,True
6522,CUST00695,Loom,Pending Customer Response,High,Standard,,19.0,14.5,-0.23684210526315785,True
6523,CUST02470,Confluence,Open,High,Premium,,22.5,18.5,-0.1777777777777778,False
6524,CUST02815,Confluence,Pending Customer Response,Medium,Standard,,27.5,23.5,-0.1454545454545455,False
6525,CUST03519,Confluence,Closed,Low,Free,1.0,17.5,22.0,0.2571428571428571,False
6526,CUST05549,Jira,Open,High,Standard,,15.0,16.5,0.10000000000000009,False
6527,CUST00840,Loom,Pending Customer Response,Critical,Enterprise,,30.0,35.5,0.18333333333333335,False
6528,CUST01164,Loom,Closed,Low,Standard,4.0,13.0,17.5,0.34615384615384626,False
6529,CUST07216,Confluence,Closed,High,Standard,2.0,11.5,10.0,-0.13043478260869568,False
6530,CUST00266,Loom,Closed,Medium,Enterprise,1.0,18.0,16.0,-0.11111111111111116,False
6531,CUST00737,Loom,Pending Customer Response,Critical,Free,,4.5,4.0,-0.11111111111111116,False
6532,CUST04715,Loom,Open,Low,Premium,,7.0,10.5,0.5,False
6533,CUST01934,Trello,Open,Medium,Premium,,13.5,9.0,-0.33333333333333337,True
6534,CUST06954,Trello,Closed,Critical,Premium,4.0,34.5,28.0,-0.18840579710144922,False
6535,CUST03195,Trello,Pending Customer Response,High,Standard,,13.0,9.5,-0.2692307692307693,True
6536,CUST05844,Trello,Closed,High,Premium,5.0,20.0,22.5,0.125,False
6537,CUST03713,Bitbucket,Pending Customer Response,Medium,Free,,16.5,20.0,0.21212121212121215,False
6538,CUST04910,Confluence,Open,High,Premium,,27.0,24.5,-0.09259259259259256,False
6539,CUST00515,Jira,Open,High,Free,,34.5,31.0,-0.10144927536231885,False
6540,CUST07161,Jira,Closed,Low,Premium,2.0,22.0,18.0,-0.18181818181818177,False
6541,CUST08227,Jira,Pending Customer Response,Medium,Enterprise,,24.5,21.5,-0.12244897959183676,False
6542,CUST05163,Confluence,Open,Critical,Standard,,11.5,8.0,-0.30434782608695654,True
6543,CUST07068,Confluence,Pending Customer Response,High,Standard,,9.5,10.5,0.10526315789473695,False
6544,CUST05036,Jira,Closed,High,Premium,3.0,30.0,27.0,-0.09999999999999998,False
6545,CUST04099,Trello,Open,Critical,Free,,12.0,6.0,-0.5,True
6546,CUST05310,Jira,Open,Low,Free,,6.0,4.5,-0.25,True
6547,CUST04200,Jira,Open,Medium,Premium,,21.0,21.5,0.023809523809523725,False
6548,CUST04904,Confluence,Pending Customer Response,Critical,Standard,,18.5,22.5,0.21621621621621623,False
6549,CUST00161,Loom,Open,Medium,Standard,,11.5,10.5,-0.08695652173913049,False
6550,CUST04707,Confluence,Open,Critical,Standard,,21.0,20.0,-0.04761904761904767,False
6551,CUST01368,Trello,Closed,Low,Standard,4.0,16.5,9.5,-0.4242424242424242,True
6552,CUST01239,Loom,Open,High,Standard,,12.0,18.0,0.5,False
6553,CUST00560,Trello,Open,Medium,Enterprise,,9.5,12.0,0.26315789473684204,False
6554,CUST01203,Jira,Open,High,Standard,,37.0,37.0,0.0,False
6555,CUST00660,Jira,Open,Medium,Enterprise,,13.0,15.0,0.15384615384615374,False
6556,CUST01438,Confluence,Open,Low,Premium,,17.5,18.0,0.02857142857142847,False
6557,CUST03356,Trello,Open,High,Standard,,21.0,17.5,-0.16666666666666663,False
6558,CUST07969,Bitbucket,Pending Customer Response,Low,Enterprise,,7.0,16.0,1.2857142857142856,False
6559,CUST01393,Bitbucket,Pending Customer Response,Low,Standard,,16.5,18.5,0.1212121212121211,False
6560,CUST02312,Trello,Open,Medium,Standard,,8.5,7.0,-0.17647058823529416,False
6561,CUST01077,Loom,Closed,Critical,Premium,2.0,19.5,23.0,0.17948717948717952,False
6562,CUST00968,Bitbucket,Pending Customer Response,Low,Premium,,12.5,7.5,-0.4,True
6563,CUST03128,Jira,Closed,High,Standard,2.0,20.5,26.5,0.29268292682926833,False
6564,CUST05517,Trello,Open,High,Free,,19.0,23.0,0.21052631578947367,False
6565,CUST07202,Trello,Pending Customer Response,Low,Standard,,21.0,18.5,-0.11904761904761907,False
6566,CUST00891,Bitbucket,Pending Customer Response,Critical,Standard,,16.5,14.0,-0.1515151515151515,False
6567,CUST05221,Loom,Pending Customer Response,Low,Premium,,10.0,8.0,-0.19999999999999996,False
6568,CUST05753,Loom,Closed,Critical,Standard,4.0,6.5,8.0,0.23076923076923084,False
6569,CUST04244,Loom,Open,High,Premium,,13.0,15.5,0.1923076923076923,False
6570,CUST06415,Confluence,Closed,Critical,Enterprise,4.0,14.5,17.5,0.2068965517241379,False
6571,CUST02522,Trello,Closed,High,Free,5.0,15.0,17.0,0.1333333333333333,False
6572,CUST00124,Confluence,Pending Customer Response,High,Enterprise,,53.5,55.0,0.028037383177569986,False
6573,CUST05344,Jira,Pending Customer Response,Medium,Standard,,28.5,31.5,0.10526315789473695,False
6574,CUST02877,Bitbucket,Open,Critical,Premium,,22.5,23.0,0.022222222222222143,False
6575,CUST02484,Trello,Pending Customer Response,Medium,Standard,,30.0,30.5,0.016666666666666607,False
6576,CUST01977,Confluence,Pending Customer Response,Low,Enterprise,,29.0,26.5,-0.08620689655172409,False
6577,CUST06111,Confluence,Pending Customer Response,Low,Premium,,19.5,14.5,-0.2564102564102564,True
6578,CUST02743,Confluence,Open,Medium,Premium,,18.5,14.5,-0.21621621621621623,True
6579,CUST08158,Trello,Pending Customer Response,Critical,Standard,,15.0,17.5,0.16666666666666674,False
6580,CUST00414,Confluence,Open,Low,Standard,,12.5,17.0,0.3600000000000001,False
6581,CUST07447,Jira,Open,Critical,Premium,,29.5,27.5,-0.06779661016949157,False
6582,CUST05242,Jira,Closed,Critical,Premium,1.0,34.5,35.0,0.01449275362318847,False
6583,CUST05519,Loom,Open,Critical,Enterprise,,20.0,7.0,-0.65,True
6584,CUST03716,Trello,Closed,Low,Standard,3.0,20.5,16.5,-0.19512195121951215,False
6585,CUST05962,Jira,Open,Low,Premium,,34.5,35.5,0.02898550724637672,False
6586,CUST00657,Loom,Open,Critical,Standard,,16.0,15.0,-0.0625,False
6587,CUST00928,Confluence,Closed,High,Standard,3.0,18.5,12.5,-0.32432432432432434,True
6588,CUST00340,Confluence,Open,Critical,Free,,6.5,2.5,-0.6153846153846154,True
6589,CUST06191,Confluence,Open,High,Standard,,14.5,8.5,-0.4137931034482759,True
6590,CUST00424,Trello,Closed,Critical,Premium,1.0,30.0,25.0,-0.16666666666666663,False
6591,CUST02855,Bitbucket,Closed,Critical,Standard,1.0,19.5,20.0,0.02564102564102555,False
6592,CUST06169,Bitbucket,Closed,Medium,Free,4.0,8.5,5.0,-0.4117647058823529,True
6593,CUST07826,Loom,Closed,Critical,Premium,2.0,7.5,11.5,0.5333333333333334,False
6594,CUST04092,Bitbucket,Pending Customer Response,Medium,Free,,11.0,7.0,-0.36363636363636365,True
6595,CUST00354,Jira,Closed,Medium,Standard,1.0,14.0,15.5,0.1071428571428572,False
6596,CUST02660,Loom,Open,Critical,Standard,,12.5,10.0,-0.19999999999999996,False
6597,CUST06050,Trello,Open,Medium,Standard,,16.5,15.0,-0.09090909090909094,False
6598,CUST01278,Trello,Closed,Medium,Premium,2.0,31.0,19.5,-0.3709677419354839,True
6599,CUST06163,Bitbucket,Closed,High,Premium,5.0,15.0,13.0,-0.1333333333333333,False
6600,CUST02454,Trello,Open,Low,Free,,4.5,5.0,0.11111111111111116,False
6601,CUST00475,Trello,Closed,High,Standard,2.0,27.5,30.0,0.09090909090909083,False
6602,CUST05099,Loom,Pending Customer Response,High,Premium,,11.0,16.0,0.4545454545454546,False
6603,CUST03232,Jira,Closed,Critical,Premium,3.0,32.5,37.0,0.1384615384615384,False
6604,CUST00478,Bitbucket,Pending Customer Response,Low,Premium,,16.5,13.5,-0.18181818181818177,False
6605,CUST05000,Loom,Open,High,Premium,,13.0,14.0,0.07692307692307687,False
6606,CUST06836,Bitbucket,Pending Customer Response,Medium,Standard,,19.5,25.0,0.28205128205128216,False
6607,CUST02658,Loom,Closed,Low,Standard,5.0,19.5,23.5,0.20512820512820507,False
6608,CUST06904,Bitbucket,Open,Low,Standard,,15.0,16.0,0.06666666666666665,False
6609,CUST02173,Trello,Pending Customer Response,Low,Premium,,16.5,15.5,-0.06060606060606055,False
6610,CUST05304,Jira,Open,Low,Standard,,9.5,13.5,0.42105263157894735,False
6611,CUST00332,Jira,Pending Customer Response,Low,Free,,5.0,5.0,0.0,False
6612,CUST02594,Confluence,Open,Low,Standard,,32.0,30.5,-0.046875,False
6613,CUST02140,Trello,Open,Low,Premium,,14.5,17.0,0.17241379310344818,False
6614,CUST03476,Loom,Pending Customer Response,High,Standard,,29.5,30.0,0.016949152542372836,False
6615,CUST03160,Trello,Open,Critical,Standard,,13.5,16.5,0.22222222222222232,False
6616,CUST00764,Jira,Open,Critical,Standard,,28.5,27.0,-0.052631578947368474,False
6617,CUST02676,Confluence,Pending Customer Response,Medium,Premium,,19.5,17.5,-0.10256410256410253,False
6618,CUST05330,Loom,Pending Customer Response,High,Standard,,9.0,4.5,-0.5,True
6619,CUST07705,Bitbucket,Open,High,Standard,,21.5,22.0,0.023255813953488413,False
6620,CUST03421,Bitbucket,Closed,Medium,Enterprise,3.0,24.0,24.0,0.0,False
6621,CUST08109,Loom,Closed,Low,Premium,3.0,17.0,20.0,0.17647058823529416,False
6622,CUST05178,Confluence,Closed,Medium,Free,2.0,6.5,10.5,0.6153846153846154,False
6623,CUST01865,Loom,Open,Low,Premium,,6.0,8.5,0.41666666666666674,False
6624,CUST03998,Trello,Closed,High,Premium,5.0,17.5,18.0,0.02857142857142847,False
6625,CUST04592,Jira,Pending Customer Response,Medium,Standard,,21.5,20.5,-0.046511627906976716,False
6626,CUST05959,Confluence,Closed,Medium,Free,2.0,7.0,3.5,-0.5,True
6627,CUST03828,Bitbucket,Pending Customer Response,Critical,Enterprise,,21.0,21.5,0.023809523809523725,False
6628,CUST04988,Bitbucket,Pending Customer Response,Medium,Enterprise,,28.5,23.5,-0.17543859649122806,False
6629,CUST06618,Confluence,Open,Medium,Premium,,23.0,26.5,0.15217391304347827,False
6630,CUST07775,Confluence,Closed,High,Enterprise,5.0,20.5,22.0,0.07317073170731714,False
6631,CUST07374,Loom,Closed,Low,Standard,3.0,9.5,7.5,-0.21052631578947367,True
6632,CUST07878,Trello,Open,Critical,Standard,,17.5,11.5,-0.34285714285714286,True
6633,CUST02422,Jira,Pending Customer Response,High,Standard,,15.0,15.5,0.03333333333333344,False
6634,CUST02675,Bitbucket,Closed,Critical,Enterprise,4.0,19.0,16.5,-0.13157894736842102,False
6635,CUST02795,Loom,Open,Low,Free,,3.0,1.5,-0.5,True
6636,CUST05215,Bitbucket,Open,Critical,Standard,,14.5,10.0,-0.31034482758620685,True
6637,CUST03164,Confluence,Open,Medium,Premium,,6.0,7.5,0.25,False
6638,CUST00323,Jira,Closed,High,Standard,1.0,19.0,17.5,-0.07894736842105265,False
6639,CUST03179,Jira,Pending Customer Response,Critical,Standard,,8.0,11.5,0.4375,False
6640,CUST03862,Jira,Closed,High,Premium,2.0,29.0,29.0,0.0,False
6641,CUST06430,Jira,Open,Medium,Standard,,29.5,29.0,-0.016949152542372836,False
6642,CUST07996,Confluence,Open,Medium,Standard,,10.0,12.5,0.25,False
6643,CUST06624,Loom,Pending Customer Response,High,Standard,,3.5,9.0,1.5714285714285716,False
6644,CUST05426,Trello,Open,Medium,Premium,,24.0,21.0,-0.125,False
6645,CUST05740,Jira,Open,Low,Free,,10.5,12.5,0.19047619047619047,False
6646,CUST04962,Loom,Closed,Low,Premium,2.0,19.5,18.0,-0.07692307692307687,False
6647,CUST06024,Jira,Open,High,Enterprise,,22.5,22.5,0.0,False
6648,CUST00285,Bitbucket,Pending Customer Response,Critical,Standard,,8.5,5.0,-0.4117647058823529,True
6649,CUST00914,Trello,Closed,Low,Standard,2.0,16.0,11.5,-0.28125,True
6650,CUST01235,Trello,Closed,Critical,Standard,3.0,20.0,24.0,0.19999999999999996,False
6651,CUST05489,Loom,Closed,High,Enterprise,4.0,35.5,29.0,-0.18309859154929575,False
6652,CUST06494,Confluence,Closed,Critical,Standard,3.0,22.0,21.5,-0.022727272727272707,False
6653,CUST05722,Jira,Closed,Critical,Standard,1.0,7.5,12.0,0.6000000000000001,False
6654,CUST01358,Jira,Closed,Low,Premium,5.0,19.5,18.5,-0.05128205128205132,False
6655,CUST03775,Trello,Open,Medium,Standard,,20.5,18.5,-0.09756097560975607,False
6656,CUST06879,Bitbucket,Open,Critical,Free,,8.5,4.0,-0.5294117647058824,True
6657,CUST05257,Trello,Closed,Low,Premium,4.0,18.0,17.5,-0.02777777777777779,False
6658,CUST01463,Jira,Pending Customer Response,Critical,Standard,,8.0,6.5,-0.1875,False
6659,CUST07072,Loom,Closed,Low,Standard,3.0,20.0,15.0,-0.25,True
6660,CUST05301,Loom,Closed,Medium,Standard,3.0,10.0,12.5,0.25,False
6661,CUST04895,Bitbucket,Open,Critical,Standard,,21.5,23.5,0.09302325581395343,False
6662,CUST06977,Bitbucket,Open,Medium,Premium,,18.0,20.5,0.13888888888888884,False
6663,CUST02699,Bitbucket,Pending Customer Response,High,Premium,,61.5,59.0,-0.04065040650406504,False
6664,CUST02592,Loom,Pending Customer Response,Low,Standard,,8.5,6.5,-0.23529411764705888,True
6665,CUST03703,Confluence,Open,Medium,Premium,,14.5,9.0,-0.3793103448275862,True
6666,CUST00205,Loom,Closed,High,Standard,4.0,10.5,14.5,0.38095238095238093,False
6667,CUST04594,Jira,Open,Low,Free,,9.0,11.0,0.22222222222222232,False
6668,CUST05116,Jira,Open,Critical,Free,,8.5,10.0,0.17647058823529416,False
6669,CUST02216,Jira,Open,Low,Premium,,27.5,21.0,-0.23636363636363633,True
6670,CUST02153,Jira,Closed,Low,Free,4.0,5.0,6.0,0.19999999999999996,False
6671,CUST03241,Loom,Pending Customer Response,Medium,Enterprise,,60.5,55.5,-0.0826446280991735,False
6672,CUST04123,Jira,Pending Customer Response,Low,Free,,8.0,9.0,0.125,False
6673,CUST07486,Confluence,Open,Critical,Standard,,25.0,27.0,0.08000000000000007,False
6674,CUST01573,Jira,Pending Customer Response,Low,Standard,,18.5,20.5,0.10810810810810811,False
6675,CUST05480,Bitbucket,Open,Critical,Premium,,16.0,18.0,0.125,False
6676,CUST05726,Confluence,Open,Low,Free,,16.0,13.0,-0.1875,False
6677,CUST07170,Loom,Pending Customer Response,Medium,Standard,,25.5,28.5,0.11764705882352944,False
6678,CUST00614,Confluence,Closed,Critical,Standard,5.0,12.0,6.0,-0.5,True
6679,CUST04247,Confluence,Pending Customer Response,Critical,Premium,,27.5,25.5,-0.07272727272727275,False
6680,CUST00261,Jira,Closed,High,Standard,2.0,19.0,19.0,0.0,False
6681,CUST02818,Jira,Pending Customer Response,Critical,Premium,,29.5,26.5,-0.10169491525423724,False
6682,CUST04858,Loom,Pending Customer Response,High,Free,,7.0,7.0,0.0,False
6683,CUST02906,Bitbucket,Closed,High,Standard,1.0,14.5,12.0,-0.1724137931034483,False
6684,CUST02630,Confluence,Open,Medium,Standard,,21.5,23.0,0.06976744186046502,False
6685,CUST05073,Trello,Open,Critical,Premium,,14.5,8.0,-0.4482758620689655,True
6686,CUST01968,Loom,Closed,Critical,Free,5.0,10.5,12.0,0.1428571428571428,False
6687,CUST03922,Bitbucket,Closed,Medium,Enterprise,2.0,16.0,16.0,0.0,False
6688,CUST08290,Jira,Pending Customer Response,Low,Standard,,25.0,21.0,-0.16000000000000003,False
6689,CUST01177,Loom,Closed,Low,Enterprise,5.0,25.0,23.0,-0.07999999999999996,False
6690,CUST05156,Jira,Closed,Low,Standard,1.0,20.0,19.0,-0.050000000000000044,False
6691,CUST07354,Confluence,Closed,High,Premium,3.0,7.0,7.0,0.0,False
6692,CUST03207,Bitbucket,Pending Customer Response,High,Standard,,25.5,30.5,0.196078431372549,False
6693,CUST06638,Jira,Open,Low,Premium,,11.0,18.0,0.6363636363636365,False
6694,CUST00721,Confluence,Pending Customer Response,Low,Standard,,14.5,13.0,-0.10344827586206895,False
6695,CUST00588,Bitbucket,Pending Customer Response,Critical,Premium,,11.5,8.5,-0.26086956521739135,True
6696,CUST05642,Jira,Closed,High,Standard,2.0,21.5,24.0,0.11627906976744184,False
6697,CUST01280,Jira,Pending Customer Response,High,Standard,,34.5,36.5,0.05797101449275366,False
6698,CUST02525,Confluence,Pending Customer Response,High,Premium,,35.0,35.5,0.014285714285714235,False
6699,CUST03839,Loom,Pending Customer Response,Low,Enterprise,,30.0,29.5,-0.01666666666666672,False
6700,CUST02907,Loom,Closed,Critical,Premium,2.0,21.0,22.5,0.0714285714285714,False
6701,CUST03870,Confluence,Open,Low,Standard,,11.0,10.5,-0.045454545454545414,False
6702,CUST06086,Bitbucket,Closed,Low,Premium,5.0,12.5,15.5,0.24,False
6703,CUST06711,Loom,Open,Critical,Standard,,15.5,12.0,-0.22580645161290325,True
6704,CUST03638,Confluence,Open,Medium,Standard,,10.5,13.5,0.2857142857142858,False
6705,CUST06793,Loom,Pending Customer Response,Medium,Standard,,13.0,13.5,0.03846153846153855,False
6706,CUST07103,Loom,Closed,Low,Enterprise,2.0,24.5,20.5,-0.16326530612244894,False
6707,CUST04537,Jira,Open,Critical,Standard,,25.5,19.0,-0.2549019607843137,True
6708,CUST03216,Loom,Closed,High,Free,2.0,5.0,8.5,0.7,False
6709,CUST07906,Loom,Closed,Medium,Enterprise,1.0,11.0,9.0,-0.18181818181818177,False
6710,CUST01742,Jira,Open,Low,Premium,,26.0,26.5,0.019230769230769162,False
6711,CUST02194,Confluence,Closed,Medium,Standard,3.0,13.5,15.5,0.14814814814814814,False
6712,CUST07839,Confluence,Closed,Medium,Premium,5.0,9.0,7.0,-0.2222222222222222,True
6713,CUST07085,Trello,Pending Customer Response,Medium,Standard,,19.0,21.0,0.10526315789473695,False
6714,CUST00910,Bitbucket,Closed,Critical,Standard,4.0,24.5,22.0,-0.10204081632653061,False
6715,CUST00640,Confluence,Open,High,Standard,,12.0,13.0,0.08333333333333326,False
6716,CUST06580,Jira,Closed,High,Free,2.0,19.5,9.0,-0.5384615384615384,True
6717,CUST07015,Confluence,Open,Medium,Standard,,11.0,14.5,0.3181818181818181,False
6718,CUST01056,Loom,Open,Medium,Premium,,19.0,20.5,0.07894736842105265,False
6719,CUST07333,Loom,Open,Critical,Premium,,4.5,7.0,0.5555555555555556,False
6720,CUST05792,Confluence,Pending Customer Response,Low,Standard,,20.0,24.0,0.19999999999999996,False
6721,CUST01749,Loom,Pending Customer Response,Low,Free,,6.5,4.0,-0.3846153846153846,True
6722,CUST01353,Jira,Pending Customer Response,Medium,Premium,,24.0,19.0,-0.20833333333333337,True
6723,CUST00392,Confluence,Closed,Medium,Standard,2.0,16.5,10.5,-0.36363636363636365,True
6724,CUST02483,Bitbucket,Pending Customer Response,High,Premium,,44.0,45.5,0.03409090909090917,False
6725,CUST00587,Loom,Open,High,Standard,,11.5,12.5,0.08695652173913038,False
6726,CUST02868,Confluence,Pending Customer Response,Medium,Standard,,11.0,7.5,-0.31818181818181823,True
6727,CUST07094,Trello,Closed,Medium,Free,1.0,19.0,19.5,0.026315789473684292,False
6728,CUST04125,Trello,Pending Customer Response,High,Premium,,16.5,17.0,0.030303030303030276,False
6729,CUST00771,Trello,Closed,Critical,Enterprise,2.0,26.0,22.5,-0.13461538461538458,False
6730,CUST07713,Loom,Pending Customer Response,Critical,Standard,,5.5,8.0,0.4545454545454546,False
6731,CUST07092,Bitbucket,Open,Medium,Standard,,33.0,26.0,-0.21212121212121215,True
6732,CUST02913,Jira,Closed,Low,Premium,4.0,15.5,10.5,-0.32258064516129037,True
6733,CUST06368,Jira,Open,Low,Enterprise,,23.0,16.5,-0.28260869565217395,True
6734,CUST07837,Trello,Pending Customer Response,Medium,Premium,,15.0,6.5,-0.5666666666666667,True
6735,CUST05035,Bitbucket,Open,High,Premium,,28.5,26.5,-0.07017543859649122,False
6736,CUST07579,Confluence,Open,High,Premium,,21.0,23.5,0.11904761904761907,False
6737,CUST01407,Jira,Closed,Low,Premium,1.0,27.5,27.0,-0.018181818181818188,False
6738,CUST00946,Jira,Closed,High,Premium,2.0,46.0,39.0,-0.15217391304347827,False
6739,CUST01265,Jira,Closed,Medium,Free,5.0,7.5,13.5,0.8,False
6740,CUST01871,Loom,Closed,Low,Free,1.0,11.5,10.5,-0.08695652173913049,False
6741,CUST02252,Bitbucket,Closed,High,Standard,2.0,13.5,12.0,-0.11111111111111116,False
6742,CUST02968,Confluence,Open,Critical,Standard,,40.0,42.0,0.050000000000000044,False
6743,CUST04913,Loom,Pending Customer Response,Critical,Free,,3.0,7.5,1.5,False
6744,CUST03759,Jira,Open,Critical,Free,,11.0,4.0,-0.6363636363636364,True
6745,CUST05398,Confluence,Pending Customer Response,Low,Enterprise,,25.0,25.0,0.0,False
6746,CUST03661,Trello,Closed,Medium,Standard,3.0,5.0,5.5,0.10000000000000009,False
6747,CUST06302,Trello,Open,Critical,Standard,,31.0,34.0,0.09677419354838701,False
6748,CUST05800,Loom,Pending Customer Response,Low,Free,,2.0,4.5,1.25,False
6749,CUST05045,Trello,Pending Customer Response,Low,Standard,,12.5,10.0,-0.19999999999999996,False
6750,CUST05258,Confluence,Closed,Medium,Free,4.0,14.5,14.0,-0.03448275862068961,False
6751,CUST04193,Bitbucket,Pending Customer Response,High,Standard,,16.5,19.5,0.18181818181818188,False
6752,CUST03530,Confluence,Open,Low,Standard,,31.5,31.5,0.0,False
6753,CUST07732,Confluence,Pending Customer Response,Medium,Premium,,14.0,12.0,-0.1428571428571429,False
6754,CUST00628,Loom,Closed,Critical,Standard,1.0,8.0,9.5,0.1875,False
6755,CUST05683,Loom,Open,Medium,Premium,,20.5,19.0,-0.07317073170731703,False
6756,CUST05441,Bitbucket,Open,Low,Premium,,21.0,19.5,-0.0714285714285714,False
6757,CUST02516,Bitbucket,Pending Customer Response,Low,Enterprise,,22.5,30.5,0.3555555555555556,False
6758,CUST03085,Loom,Open,Medium,Standard,,6.5,4.0,-0.3846153846153846,True
6759,CUST06514,Loom,Pending Customer Response,High,Premium,,14.5,14.5,0.0,False
6760,CUST06920,Bitbucket,Closed,High,Free,5.0,15.0,9.5,-0.3666666666666667,True
6761,CUST04030,Trello,Pending Customer Response,Low,Premium,,13.5,18.0,0.33333333333333326,False
6762,CUST05602,Trello,Pending Customer Response,Low,Free,,6.5,15.0,1.3076923076923075,False
6763,CUST03524,Bitbucket,Pending Customer Response,Medium,Standard,,13.0,8.5,-0.34615384615384615,True
6764,CUST00831,Jira,Closed,Critical,Premium,3.0,40.5,33.5,-0.1728395061728395,False
6765,CUST01646,Confluence,Open,Critical,Free,,16.5,26.0,0.5757575757575757,False
6766,CUST06629,Trello,Closed,High,Standard,3.0,14.0,15.0,0.0714285714285714,False
6767,CUST07329,Loom,Pending Customer Response,Critical,Standard,,4.5,6.0,0.33333333333333326,False
6768,CUST01614,Bitbucket,Open,High,Standard,,41.5,37.5,-0.09638554216867468,False
6769,CUST03727,Jira,Closed,High,Premium,4.0,22.5,22.0,-0.022222222222222254,False
6770,CUST07793,Jira,Open,Critical,Premium,,16.0,15.5,-0.03125,False
6771,CUST07584,Confluence,Open,Critical,Free,,10.5,8.0,-0.23809523809523814,True
6772,CUST03602,Confluence,Pending Customer Response,Medium,Standard,,16.5,20.0,0.21212121212121215,False
6773,CUST04165,Loom,Pending Customer Response,Low,Premium,,14.5,13.5,-0.06896551724137934,False
6774,CUST02418,Confluence,Closed,Medium,Free,2.0,13.0,9.5,-0.2692307692307693,True
6775,CUST04521,Confluence,Closed,Medium,Enterprise,5.0,10.5,7.5,-0.2857142857142857,True
6776,CUST01489,Trello,Pending Customer Response,Critical,Standard,,10.0,10.5,0.050000000000000044,False
6777,CUST00977,Loom,Pending Customer Response,Low,Standard,,11.5,10.0,-0.13043478260869568,False
6778,CUST03428,Confluence,Closed,Low,Free,2.0,10.5,7.0,-0.33333333333333337,True
6779,CUST02718,Jira,Open,Low,Standard,,9.0,14.0,0.5555555555555556,False
6780,CUST04748,Bitbucket,Closed,Medium,Premium,4.0,18.5,16.5,-0.10810810810810811,False
6781,CUST04416,Trello,Pending Customer Response,High,Standard,,14.0,15.5,0.1071428571428572,False
6782,CUST05680,Jira,Open,Medium,Premium,,13.5,12.5,-0.07407407407407407,False
6783,CUST04558,Confluence,Pending Customer Response,Critical,Standard,,12.0,10.5,-0.125,False
6784,CUST03482,Loom,Closed,Low,Free,4.0,9.0,11.0,0.22222222222222232,False
6785,CUST04677,Confluence,Closed,High,Standard,3.0,17.0,18.0,0.05882352941176472,False
6786,CUST01106,Loom,Closed,Medium,Free,5.0,14.0,12.5,-0.1071428571428571,False
6787,CUST06673,Confluence,Open,High,Enterprise,,14.0,12.5,-0.1071428571428571,False
6788,CUST02269,Jira,Pending Customer Response,Medium,Enterprise,,25.5,25.5,0.0,False
6789,CUST02711,Bitbucket,Open,Low,Premium,,28.5,32.0,0.12280701754385959,False
6790,CUST02208,Confluence,Open,Medium,Free,,7.5,5.0,-0.33333333333333337,True
6791,CUST01498,Loom,Closed,High,Enterprise,1.0,23.0,25.5,0.10869565217391308,False
6792,CUST03097,Confluence,Open,Low,Enterprise,,24.0,18.0,-0.25,True
6793,CUST04830,Bitbucket,Open,Critical,Standard,,26.0,26.5,0.019230769230769162,False
6794,CUST03753,Bitbucket,Closed,Critical,Premium,2.0,10.5,7.5,-0.2857142857142857,True
6795,CUST07889,Trello,Open,Low,Standard,,15.5,9.5,-0.3870967741935484,True
6796,CUST03646,Trello,Open,Critical,Free,,7.0,7.0,0.0,False
6797,CUST08234,Jira,Pending Customer Response,Low,Premium,,19.5,16.5,-0.15384615384615385,False
6798,CUST06969,Confluence,Open,Critical,Free,,10.5,11.5,0.09523809523809534,False
6799,CUST01988,Jira,Pending Customer Response,High,Premium,,11.5,16.0,0.3913043478260869,False
6800,CUST07239,Confluence,Pending Customer Response,Low,Standard,,6.0,5.0,-0.16666666666666663,False
6801,CUST04967,Confluence,Pending Customer Response,Medium,Enterprise,,19.5,16.5,-0.15384615384615385,False
6802,CUST03572,Loom,Open,Medium,Premium,,14.0,15.0,0.0714285714285714,False
6803,CUST01206,Bitbucket,Open,Low,Standard,,10.0,12.0,0.19999999999999996,False
6804,CUST07478,Jira,Open,Medium,Free,,19.0,17.0,-0.10526315789473684,False
6805,CUST01294,Trello,Open,Critical,Standard,,15.5,16.5,0.06451612903225801,False
6806,CUST05308,Confluence,Pending Customer Response,Low,Standard,,11.5,10.5,-0.08695652173913049,False
6807,CUST02244,Bitbucket,Pending Customer Response,Low,Standard,,14.5,4.0,-0.7241379310344828,True
6808,CUST01269,Loom,Open,Low,Free,,4.5,9.0,1.0,False
6809,CUST06080,Bitbucket,Open,Critical,Standard,,7.5,9.5,0.2666666666666666,False
6810,CUST04562,Loom,Open,High,Standard,,13.5,9.0,-0.33333333333333337,True
6811,CUST02157,Bitbucket,Pending Customer Response,High,Standard,,12.0,10.0,-0.16666666666666663,False
6812,CUST01900,Jira,Open,Critical,Premium,,26.0,25.0,-0.038461538461538436,False
6813,CUST00105,Trello,Closed,Critical,Free,3.0,21.0,17.5,-0.16666666666666663,False
6814,CUST03595,Loom,Pending Customer Response,Low,Premium,,12.0,11.5,-0.04166666666666663,False
6815,CUST00435,Confluence,Closed,High,Free,2.0,16.0,14.0,-0.125,False
6816,CUST06829,Confluence,Closed,High,Free,1.0,16.0,14.5,-0.09375,False
6817,CUST06627,Jira,Closed,Low,Premium,3.0,12.5,16.5,0.32000000000000006,False
6818,CUST07113,Confluence,Open,Critical,Free,,9.5,11.0,0.1578947368421053,False
6819,CUST02488,Loom,Open,Critical,Standard,,13.5,13.0,-0.03703703703703709,False
6820,CUST06271,Jira,Pending Customer Response,High,Premium,,11.0,10.0,-0.09090909090909094,False
6821,CUST07232,Trello,Closed,Medium,Standard,4.0,26.5,27.5,0.037735849056603765,False
6822,CUST03898,Loom,Open,Low,Enterprise,,19.5,20.5,0.05128205128205132,False
6823,CUST04597,Bitbucket,Closed,Medium,Free,3.0,7.0,11.0,0.5714285714285714,False
6824,CUST02024,Trello,Closed,High,Free,1.0,8.5,9.0,0.05882352941176472,False
6825,CUST00624,Confluence,Pending Customer Response,Critical,Premium,,16.5,16.0,-0.030303030303030276,False
6826,CUST07802,Confluence,Open,Critical,Standard,,19.0,21.5,0.13157894736842102,False
6827,CUST07446,Trello,Pending Customer Response,Medium,Premium,,21.5,24.0,0.11627906976744184,False
6828,CUST01050,Confluence,Pending Customer Response,Medium,Free,,12.0,17.5,0.45833333333333326,False
6829,CUST03149,Loom,Closed,High,Standard,1.0,13.0,13.0,0.0,False
6830,CUST07874,Confluence,Closed,Low,Enterprise,1.0,19.0,17.0,-0.10526315789473684,False
6831,CUST05972,Confluence,Pending Customer Response,Medium,Free,,29.5,31.5,0.06779661016949157,False
6832,CUST03660,Confluence,Pending Customer Response,High,Premium,,36.5,39.5,0.08219178082191791,False
6833,CUST05193,Confluence,Closed,High,Premium,5.0,30.5,33.0,0.08196721311475419,False
6834,CUST01180,Jira,Open,Critical,Standard,,29.5,27.0,-0.0847457627118644,False
6835,CUST00489,Bitbucket,Closed,Critical,Free,4.0,15.0,14.5,-0.033333333333333326,False
6836,CUST00326,Confluence,Open,High,Standard,,48.0,45.0,-0.0625,False
6837,CUST02883,Jira,Open,High,Premium,,37.5,42.5,0.1333333333333333,False
6838,CUST07443,Jira,Closed,Low,Premium,1.0,14.0,15.0,0.0714285714285714,False
6839,CUST02834,Confluence,Pending Customer Response,Medium,Premium,,14.5,15.5,0.06896551724137923,False
6840,CUST01675,Trello,Closed,High,Premium,1.0,42.5,37.0,-0.12941176470588234,False
6841,CUST01824,Bitbucket,Open,Low,Premium,,27.5,27.5,0.0,False
6842,CUST00412,Loom,Pending Customer Response,High,Free,,2.0,6.0,2.0,False
6843,CUST00157,Trello,Open,Critical,Premium,,15.0,18.0,0.19999999999999996,False
6844,CUST02591,Bitbucket,Pending Customer Response,Critical,Enterprise,,11.5,10.5,-0.08695652173913049,False
6845,CUST08221,Bitbucket,Open,Low,Free,,13.5,12.5,-0.07407407407407407,False
6846,CUST07057,Confluence,Closed,High,Standard,1.0,11.0,12.5,0.13636363636363646,False
6847,CUST01413,Loom,Open,Critical,Premium,,36.5,33.0,-0.09589041095890416,False
6848,CUST02759,Loom,Closed,High,Standard,4.0,11.0,10.5,-0.045454545454545414,False
6849,CUST05370,Trello,Open,Critical,Standard,,20.0,21.5,0.07499999999999996,False
6850,CUST06206,Trello,Pending Customer Response,Critical,Premium,,12.5,11.5,-0.07999999999999996,False
6851,CUST04911,Trello,Pending Customer Response,High,Enterprise,,17.5,19.0,0.08571428571428563,False
6852,CUST05647,Bitbucket,Pending Customer Response,High,Standard,,27.0,28.5,0.05555555555555558,False
6853,CUST00935,Confluence,Closed,Critical,Free,1.0,14.0,18.0,0.2857142857142858,False
6854,CUST04027,Jira,Open,High,Standard,,12.0,16.0,0.33333333333333326,False
6855,CUST08014,Jira,Pending Customer Response,Low,Standard,,27.0,27.5,0.0185185185185186,False
6856,CUST03008,Jira,Open,High,Premium,,14.0,13.0,-0.0714285714285714,False
6857,CUST01283,Trello,Closed,Medium,Premium,5.0,15.0,11.5,-0.23333333333333328,True
6858,CUST01709,Loom,Pending Customer Response,Medium,Standard,,19.0,20.0,0.05263157894736836,False
6859,CUST00366,Loom,Pending Customer Response,Low,Enterprise,,13.5,15.5,0.14814814814814814,False
6860,CUST05003,Jira,Pending Customer Response,Critical,Free,,10.5,9.5,-0.09523809523809523,False
6861,CUST06277,Jira,Open,Critical,Free,,10.5,9.0,-0.1428571428571429,False
6862,CUST03040,Jira,Pending Customer Response,Critical,Standard,,16.5,20.0,0.21212121212121215,False
6863,CUST04512,Confluence,Pending Customer Response,High,Enterprise,,12.0,11.5,-0.04166666666666663,False
6864,CUST04421,Confluence,Open,Low,Premium,,15.0,11.0,-0.2666666666666667,True
6865,CUST01783,Confluence,Pending Customer Response,High,Standard,,7.0,2.0,-0.7142857142857143,True
6866,CUST08011,Jira,Pending Customer Response,Medium,Free,,21.5,22.0,0.023255813953488413,False
6867,CUST03837,Jira,Pending Customer Response,High,Premium,,27.5,31.0,0.1272727272727272,False
6868,CUST00145,Confluence,Closed,High,Premium,1.0,22.5,17.5,-0.2222222222222222,True
6869,CUST02964,Loom,Closed,Medium,Premium,3.0,6.5,2.0,-0.6923076923076923,True
6870,CUST04014,Jira,Pending Customer Response,Critical,Free,,10.5,13.0,0.23809523809523814,False
6871,CUST07533,Jira,Pending Customer Response,Medium,Enterprise,,36.0,34.5,-0.04166666666666663,False
6872,CUST00516,Jira,Open,High,Standard,,38.0,42.0,0.10526315789473695,False
6873,CUST07240,Loom,Open,Medium,Standard,,13.0,18.5,0.42307692307692313,False
6874,CUST01215,Jira,Open,Critical,Standard,,26.5,30.0,0.13207547169811318,False
6875,CUST06213,Confluence,Open,Low,Premium,,10.5,11.5,0.09523809523809534,False
6876,CUST03063,Trello,Pending Customer Response,Low,Enterprise,,7.5,10.0,0.33333333333333326,False
6877,CUST03011,Trello,Pending Customer Response,Medium,Standard,,36.5,34.5,-0.0547945205479452,False
6878,CUST07197,Loom,Open,Low,Standard,,7.0,6.5,-0.0714285714285714,False
6879,CUST00055,Bitbucket,Open,Medium,Premium,,25.5,27.5,0.07843137254901955,False
6880,CUST02224,Loom,Pending Customer Response,High,Free,,10.5,12.0,0.1428571428571428,False
6881,CUST03706,Confluence,Open,Critical,Standard,,22.0,18.0,-0.18181818181818177,False
6882,CUST00093,Bitbucket,Closed,Critical,Premium,2.0,10.0,9.5,-0.050000000000000044,False
6883,CUST04459,Jira,Open,High,Free,,9.5,11.5,0.21052631578947367,False
6884,CUST01778,Loom,Closed,Low,Premium,1.0,18.0,18.5,0.02777777777777768,False
6885,CUST02721,Trello,Open,High,Premium,,32.5,28.0,-0.1384615384615384,False
6886,CUST05047,Loom,Pending Customer Response,Low,Standard,,14.0,14.5,0.03571428571428581,False
6887,CUST01364,Loom,Closed,Medium,Free,1.0,11.0,11.5,0.045454545454545414,False
6888,CUST07855,Jira,Open,Critical,Standard,,20.5,23.0,0.12195121951219523,False
6889,CUST02103,Jira,Pending Customer Response,Low,Standard,,18.0,21.5,0.19444444444444442,False
6890,CUST03188,Jira,Closed,High,Enterprise,2.0,17.0,13.5,-0.20588235294117652,True
6891,CUST01706,Jira,Closed,Low,Premium,3.0,49.5,58.5,0.18181818181818188,False
6892,CUST04694,Jira,Closed,Medium,Standard,2.0,30.5,27.5,-0.09836065573770492,False
6893,CUST01686,Loom,Pending Customer Response,Critical,Premium,,9.0,12.5,0.38888888888888884,False
6894,CUST03570,Trello,Closed,Low,Standard,3.0,8.5,8.5,0.0,False
6895,CUST04128,Confluence,Open,High,Free,,8.0,12.0,0.5,False
6896,CUST01856,Bitbucket,Pending Customer Response,Medium,Enterprise,,25.0,27.0,0.08000000000000007,False
6897,CUST02950,Bitbucket,Closed,Low,Enterprise,2.0,23.5,19.0,-0.19148936170212771,False
6898,CUST02508,Confluence,Open,Critical,Premium,,11.0,8.0,-0.2727272727272727,True
6899,CUST04303,Confluence,Pending Customer Response,Medium,Premium,,19.0,16.5,-0.13157894736842102,False
6900,CUST07028,Bitbucket,Closed,Medium,Free,1.0,16.5,13.5,-0.18181818181818177,False
6901,CUST04872,Loom,Closed,Low,Standard,4.0,14.5,15.5,0.06896551724137923,False
6902,CUST06105,Trello,Closed,Critical,Free,1.0,8.5,7.5,-0.11764705882352944,False
6903,CUST03456,Confluence,Pending Customer Response,Medium,Standard,,11.5,14.0,0.21739130434782616,False
6904,CUST04432,Jira,Open,Critical,Free,,15.0,13.0,-0.1333333333333333,False
6905,CUST00579,Jira,Pending Customer Response,Medium,Standard,,13.5,10.5,-0.2222222222222222,True
6906,CUST01928,Confluence,Pending Customer Response,Critical,Enterprise,,22.5,22.0,-0.022222222222222254,False
6907,CUST06572,Jira,Closed,Critical,Enterprise,1.0,27.5,28.5,0.036363636363636376,False
6908,CUST00813,Jira,Pending Customer Response,High,Enterprise,,34.0,26.5,-0.22058823529411764,True
6909,CUST03848,Jira,Pending Customer Response,Medium,Standard,,8.5,8.5,0.0,False
6910,CUST04382,Loom,Closed,Medium,Premium,2.0,5.5,10.5,0.9090909090909092,False
6911,CUST03068,Jira,Closed,Critical,Premium,5.0,22.0,25.0,0.13636363636363646,False
6912,CUST00081,Confluence,Open,Low,Enterprise,,22.0,22.5,0.022727272727272707,False
6913,CUST05411,Confluence,Pending Customer Response,Critical,Premium,,21.5,19.5,-0.09302325581395354,False
6914,CUST02143,Loom,Closed,Medium,Standard,4.0,18.0,17.5,-0.02777777777777779,False
6915,CUST04841,Jira,Pending Customer Response,Medium,Enterprise,,23.5,23.0,-0.021276595744680882,False
6916,CUST07412,Trello,Pending Customer Response,Medium,Enterprise,,18.5,21.5,0.16216216216216206,False
6917,CUST05608,Confluence,Open,Low,Free,,28.0,36.0,0.2857142857142858,False
6918,CUST06601,Jira,Pending Customer Response,High,Standard,,13.0,12.0,-0.07692307692307687,False
6919,CUST00236,Bitbucket,Pending Customer Response,High,Enterprise,,29.5,29.0,-0.016949152542372836,False
6920,CUST07738,Bitbucket,Open,High,Premium,,14.5,11.5,-0.2068965517241379,True
6921,CUST03343,Confluence,Open,Medium,Premium,,29.0,22.5,-0.22413793103448276,True
6922,CUST00184,Loom,Closed,Critical,Standard,3.0,14.0,11.0,-0.2142857142857143,True
6923,CUST02526,Loom,Pending Customer Response,Low,Free,,6.0,4.0,-0.33333333333333337,True
6924,CUST00232,Confluence,Pending Customer Response,Medium,Free,,11.5,9.5,-0.17391304347826086,False
6925,CUST07552,Trello,Pending Customer Response,Low,Enterprise,,14.5,12.5,-0.13793103448275867,False
6926,CUST07792,Trello,Open,Critical,Standard,,18.0,15.5,-0.13888888888888884,False
6927,CUST08249,Jira,Pending Customer Response,Critical,Standard,,20.5,23.5,0.14634146341463405,False
6928,CUST03258,Confluence,Pending Customer Response,Low,Standard,,7.0,9.0,0.2857142857142858,False
6929,CUST07157,Jira,Open,Low,Premium,,25.5,23.0,-0.0980392156862745,False
6930,CUST03079,Trello,Open,High,Free,,16.5,11.5,-0.303030303030303,True
6931,CUST01999,Jira,Open,High,Premium,,16.5,19.5,0.18181818181818188,False
6932,CUST02553,Trello,Open,High,Standard,,6.0,10.5,0.75,False
6933,CUST08096,Loom,Closed,Low,Enterprise,3.0,19.0,12.0,-0.368421052631579,True
6934,CUST06854,Loom,Open,High,Standard,,15.0,12.5,-0.16666666666666663,False
6935,CUST03218,Bitbucket,Open,Medium,Enterprise,,23.5,26.5,0.12765957446808507,False
6936,CUST01315,Trello,Closed,Medium,Free,2.0,16.5,14.5,-0.12121212121212122,False
6937,CUST06983,Confluence,Closed,Medium,Standard,4.0,8.0,5.5,-0.3125,True
6938,CUST00110,Jira,Closed,Critical,Standard,3.0,15.0,14.5,-0.033333333333333326,False
6939,CUST07968,Trello,Pending Customer Response,High,Premium,,12.5,12.0,-0.040000000000000036,False
6940,CUST05533,Trello,Pending Customer Response,Critical,Standard,,5.5,3.5,-0.36363636363636365,True
6941,CUST07543,Bitbucket,Pending Customer Response,Low,Free,,16.0,16.5,0.03125,False
6942,CUST06665,Trello,Pending Customer Response,Low,Free,,19.5,22.0,0.1282051282051282,False
6943,CUST04118,Loom,Pending Customer Response,Medium,Standard,,21.5,22.5,0.04651162790697683,False
6944,CUST05573,Trello,Pending Customer Response,High,Free,,5.0,4.5,-0.09999999999999998,False
6945,CUST02780,Trello,Open,Low,Premium,,17.5,18.0,0.02857142857142847,False
6946,CUST03440,Trello,Closed,High,Standard,5.0,17.0,21.5,0.2647058823529411,False
6947,CUST03397,Jira,Open,Medium,Premium,,17.0,19.5,0.1470588235294117,False
6948,CUST00701,Jira,Open,Medium,Standard,,30.5,35.5,0.16393442622950816,False
6949,CUST00217,Bitbucket,Pending Customer Response,Low,Premium,,13.0,12.5,-0.038461538461538436,False
6950,CUST07641,Trello,Open,Critical,Free,,6.5,3.5,-0.46153846153846156,True
6951,CUST04826,Bitbucket,Open,Critical,Standard,,28.0,25.5,-0.0892857142857143,False
6952,CUST02668,Trello,Closed,Medium,Free,3.0,13.0,14.5,0.11538461538461542,False
6953,CUST06636,Bitbucket,Pending Customer Response,Low,Premium,,17.0,18.0,0.05882352941176472,False
6954,CUST04147,Jira,Open,High,Standard,,10.5,10.0,-0.04761904761904767,False
6955,CUST05015,Confluence,Pending Customer Response,High,Premium,,23.5,20.0,-0.14893617021276595,False
6956,CUST04336,Trello,Pending Customer Response,High,Enterprise,,16.0,12.0,-0.25,True
6957,CUST00787,Loom,Closed,Low,Premium,3.0,16.0,14.5,-0.09375,False
6958,CUST04256,Trello,Pending Customer Response,Low,Free,,5.0,8.0,0.6000000000000001,False
6959,CUST02006,Confluence,Closed,High,Free,3.0,9.0,8.0,-0.11111111111111116,False
6960,CUST05775,Jira,Pending Customer Response,Critical,Enterprise,,31.5,33.0,0.04761904761904767,False
6961,CUST07580,Loom,Pending Customer Response,Low,Free,,16.0,8.0,-0.5,True
6962,CUST00912,Loom,Closed,High,Premium,3.0,21.5,25.0,0.16279069767441867,False
6963,CUST02193,Loom,Pending Customer Response,Medium,Free,,8.0,8.5,0.0625,False
6964,CUST06043,Confluence,Open,Medium,Standard,,13.0,12.5,-0.038461538461538436,False
6965,CUST07971,Trello,Closed,Medium,Standard,3.0,18.5,18.0,-0.027027027027026973,False
6966,CUST03669,Bitbucket,Open,Low,Premium,,16.0,12.0,-0.25,True
6967,CUST02186,Bitbucket,Closed,Medium,Standard,2.0,20.0,10.0,-0.5,True
6968,CUST02421,Jira,Closed,Critical,Standard,2.0,17.0,16.5,-0.02941176470588236,False
6969,CUST07375,Loom,Pending Customer Response,Low,Premium,,21.0,18.5,-0.11904761904761907,False
6970,CUST01157,Trello,Pending Customer Response,Low,Standard,,6.5,8.0,0.23076923076923084,False
6971,CUST01035,Trello,Pending Customer Response,Medium,Standard,,18.0,15.5,-0.13888888888888884,False
6972,CUST07050,Trello,Pending Customer Response,Critical,Free,,7.0,9.5,0.3571428571428572,False
6973,CUST04616,Jira,Pending Customer Response,High,Standard,,17.0,16.5,-0.02941176470588236,False
6974,CUST05889,Loom,Open,Critical,Premium,,10.0,6.5,-0.35,True
6975,CUST06019,Confluence,Closed,High,Free,4.0,13.5,12.5,-0.07407407407407407,False
6976,CUST02882,Jira,Closed,Low,Premium,4.0,13.5,14.5,0.07407407407407418,False
6977,CUST07689,Loom,Closed,Medium,Standard,5.0,27.0,24.0,-0.11111111111111116,False
6978,CUST03637,Jira,Pending Customer Response,Low,Standard,,11.5,11.5,0.0,False
6979,CUST04639,Jira,Open,Medium,Premium,,20.5,19.5,-0.04878048780487809,False
6980,CUST00931,Trello,Pending Customer Response,Low,Premium,,34.5,32.5,-0.05797101449275366,False
6981,CUST03367,Loom,Open,High,Premium,,16.5,15.5,-0.06060606060606055,False
6982,CUST00130,Loom,Pending Customer Response,Low,Standard,,15.5,19.5,0.25806451612903225,False
6983,CUST04769,Jira,Closed,Low,Enterprise,3.0,19.5,20.0,0.02564102564102555,False
6984,CUST08050,Loom,Closed,Critical,Standard,3.0,13.0,16.0,0.23076923076923084,False
6985,CUST00480,Jira,Closed,High,Premium,1.0,33.0,30.0,-0.09090909090909094,False
6986,CUST04371,Jira,Open,High,Free,,10.5,8.0,-0.23809523809523814,True
6987,CUST01008,Jira,Open,Medium,Premium,,17.0,13.0,-0.23529411764705888,True
6988,CUST04447,Confluence,Pending Customer Response,High,Standard,,11.0,9.0,-0.18181818181818177,False
6989,CUST07581,Loom,Open,High,Standard,,32.5,34.5,0.06153846153846154,False
6990,CUST02971,Loom,Pending Customer Response,Low,Standard,,5.5,4.5,-0.18181818181818177,False
6991,CUST07509,Confluence,Open,High,Standard,,16.0,17.0,0.0625,False
6992,CUST04993,Bitbucket,Pending Customer Response,Critical,Standard,,15.5,17.0,0.09677419354838701,False
6993,CUST05723,Loom,Closed,High,Enterprise,5.0,10.5,10.0,-0.04761904761904767,False
6994,CUST05247,Trello,Open,Critical,Standard,,24.0,23.0,-0.04166666666666663,False
6995,CUST06914,Confluence,Closed,Low,Free,4.0,1.0,3.0,2.0,False
6996,CUST05481,Trello,Closed,Critical,Standard,2.0,17.0,19.0,0.11764705882352944,False
6997,CUST01723,Confluence,Open,High,Enterprise,,12.5,13.5,0.08000000000000007,False
6998,CUST03094,Confluence,Closed,Critical,Free,5.0,1.5,6.0,3.0,False
6999,CUST02008,Loom,Open,Medium,Enterprise,,18.0,17.5,-0.02777777777777779,False
7000,CUST02311,Loom,Closed,Critical,Free,5.0,7.5,9.5,0.2666666666666666,False
7001,CUST04216,Jira,Closed,Low,Premium,3.0,31.0,34.5,0.11290322580645151,False
7002,CUST04033,Loom,Closed,Low,Standard,2.0,9.5,7.5,-0.21052631578947367,True
7003,CUST04526,Loom,Closed,Medium,Standard,3.0,13.0,8.0,-0.3846153846153846,True
7004,CUST02674,Confluence,Pending Customer Response,Critical,Standard,,10.0,11.0,0.10000000000000009,False
7005,CUST05633,Jira,Closed,High,Free,3.0,5.5,5.0,-0.09090909090909094,False
7006,CUST04782,Confluence,Closed,Low,Enterprise,1.0,19.0,20.0,0.05263157894736836,False
7007,CUST04045,Confluence,Pending Customer Response,High,Standard,,26.5,25.0,-0.05660377358490565,False
7008,CUST08219,Confluence,Open,Critical,Standard,,10.0,9.0,-0.09999999999999998,False
7009,CUST08160,Loom,Closed,Medium,Enterprise,5.0,34.5,37.0,0.07246376811594213,False
7010,CUST01477,Jira,Open,Medium,Premium,,22.5,19.5,-0.1333333333333333,False
7011,CUST01293,Bitbucket,Pending Customer Response,High,Enterprise,,38.0,43.0,0.13157894736842102,False
7012,CUST00096,Trello,Open,High,Standard,,6.5,5.0,-0.23076923076923073,True
7013,CUST01144,Confluence,Pending Customer Response,Medium,Enterprise,,19.0,19.0,0.0,False
7014,CUST03963,Confluence,Closed,Medium,Premium,1.0,24.0,29.0,0.20833333333333326,False
7015,CUST01519,Loom,Pending Customer Response,Low,Standard,,9.5,13.5,0.42105263157894735,False
7016,CUST02155,Confluence,Pending Customer Response,Critical,Standard,,11.0,12.5,0.13636363636363646,False
7017,CUST02852,Loom,Open,Medium,Premium,,21.5,23.0,0.06976744186046502,False
7018,CUST05490,Confluence,Open,Low,Free,,8.0,9.5,0.1875,False
7019,CUST01204,Loom,Closed,High,Premium,1.0,17.5,17.0,-0.02857142857142858,False
7020,CUST08000,Bitbucket,Pending Customer Response,Critical,Standard,,22.5,21.0,-0.06666666666666665,False
7021,CUST04703,Loom,Pending Customer Response,Low,Enterprise,,16.0,19.5,0.21875,False
7022,CUST01597,Loom,Pending Customer Response,Medium,Standard,,15.0,18.0,0.19999999999999996,False
7023,CUST00964,Loom,Pending Customer Response,High,Standard,,13.0,12.0,-0.07692307692307687,False
7024,CUST00386,Bitbucket,Pending Customer Response,Low,Standard,,17.0,15.5,-0.08823529411764708,False
7025,CUST02122,Jira,Closed,Medium,Standard,3.0,10.0,8.5,-0.15000000000000002,False
7026,CUST06069,Bitbucket,Pending Customer Response,Medium,Standard,,13.5,15.5,0.14814814814814814,False
7027,CUST05551,Trello,Closed,Critical,Free,2.0,10.5,7.0,-0.33333333333333337,True
7028,CUST06152,Confluence,Open,Critical,Standard,,18.5,18.5,0.0,False
7029,CUST03278,Bitbucket,Closed,High,Standard,1.0,10.0,8.0,-0.19999999999999996,False
7030,CUST02028,Jira,Closed,Critical,Premium,1.0,45.0,44.5,-0.011111111111111072,False
7031,CUST07299,Confluence,Pending Customer Response,Critical,Free,,5.0,7.0,0.3999999999999999,False
7032,CUST08214,Trello,Pending Customer Response,Low,Enterprise,,24.0,19.5,-0.1875,False
7033,CUST07679,Jira,Pending Customer Response,Medium,Free,,16.5,16.5,0.0,False
7034,CUST02747,Trello,Open,Medium,Premium,,16.0,14.5,-0.09375,False
7035,CUST07726,Trello,Pending Customer Response,High,Free,,12.0,7.0,-0.41666666666666663,True
7036,CUST03495,Bitbucket,Pending Customer Response,Critical,Standard,,20.0,21.5,0.07499999999999996,False
7037,CUST03596,Jira,Open,Medium,Premium,,20.5,18.0,-0.12195121951219512,False
7038,CUST03959,Trello,Closed,High,Free,1.0,22.0,19.0,-0.13636363636363635,False
7039,CUST06097,Bitbucket,Open,Critical,Enterprise,,12.0,11.5,-0.04166666666666663,False
7040,CUST05131,Trello,Closed,Critical,Standard,2.0,16.0,14.5,-0.09375,False
7041,CUST04618,Loom,Open,Critical,Premium,,15.0,13.0,-0.1333333333333333,False
7042,CUST07454,Jira,Closed,Low,Standard,3.0,21.5,25.0,0.16279069767441867,False
7043,CUST05804,Confluence,Pending Customer Response,Critical,Premium,,13.5,10.5,-0.2222222222222222,True
7044,CUST08046,Trello,Pending Customer Response,High,Standard,,12.5,14.0,0.1200000000000001,False
7045,CUST08023,Loom,Open,High,Enterprise,,17.5,17.0,-0.02857142857142858,False
7046,CUST06417,Jira,Pending Customer Response,Critical,Enterprise,,26.5,25.0,-0.05660377358490565,False
7047,CUST06769,Confluence,Open,High,Premium,,36.0,32.0,-0.11111111111111116,False
7048,CUST00311,Loom,Open,High,Standard,,11.5,13.0,0.13043478260869557,False
7049,CUST05719,Confluence,Pending Customer Response,Medium,Free,,21.0,18.5,-0.11904761904761907,False
7050,CUST04449,Loom,Open,Critical,Enterprise,,20.5,14.5,-0.29268292682926833,True
7051,CUST04604,Confluence,Pending Customer Response,Low,Standard,,28.5,29.5,0.03508771929824572,False
7052,CUST07378,Trello,Closed,High,Enterprise,3.0,18.0,14.0,-0.2222222222222222,True
7053,CUST03885,Trello,Pending Customer Response,Low,Standard,,13.5,13.0,-0.03703703703703709,False
7054,CUST05429,Loom,Pending Customer Response,Medium,Standard,,12.5,16.0,0.28,False
7055,CUST01963,Bitbucket,Closed,Low,Enterprise,2.0,33.5,25.0,-0.25373134328358204,True
7056,CUST00589,Trello,Closed,Low,Standard,5.0,28.0,31.0,0.1071428571428572,False
7057,CUST03930,Trello,Closed,Medium,Standard,5.0,15.0,13.5,-0.09999999999999998,False
7058,CUST00263,Loom,Closed,High,Premium,4.0,8.5,7.5,-0.11764705882352944,False
7059,CUST00793,Confluence,Pending Customer Response,High,Free,,6.0,8.5,0.41666666666666674,False
7060,CUST05159,Jira,Open,Critical,Standard,,9.5,15.5,0.631578947368421,False
7061,CUST01903,Jira,Closed,Low,Enterprise,3.0,38.0,35.0,-0.07894736842105265,False
7062,CUST07531,Trello,Pending Customer Response,Low,Standard,,18.0,23.0,0.2777777777777777,False
7063,CUST06498,Loom,Closed,Medium,Free,5.0,8.5,11.0,0.2941176470588236,False
7064,CUST06040,Jira,Closed,High,Standard,4.0,16.0,14.5,-0.09375,False
7065,CUST00142,Trello,Closed,Critical,Premium,1.0,7.5,11.5,0.5333333333333334,False
7066,CUST03977,Trello,Pending Customer Response,High,Standard,,7.5,9.0,0.19999999999999996,False
7067,CUST04442,Trello,Pending Customer Response,Medium,Standard,,27.5,25.0,-0.09090909090909094,False
7068,CUST04991,Loom,Pending Customer Response,Low,Standard,,6.5,5.0,-0.23076923076923073,True
7069,CUST00463,Confluence,Pending Customer Response,Medium,Premium,,12.0,15.5,0.29166666666666674,False
7070,CUST07431,Confluence,Open,Low,Premium,,31.5,30.5,-0.031746031746031744,False
7071,CUST00907,Jira,Open,Medium,Premium,,36.0,38.0,0.05555555555555558,False
7072,CUST02990,Loom,Closed,Medium,Standard,2.0,21.0,20.5,-0.023809523809523836,False
7073,CUST06671,Trello,Closed,Critical,Standard,5.0,24.5,26.5,0.08163265306122458,False
7074,CUST06907,Bitbucket,Open,Medium,Standard,,10.5,7.0,-0.33333333333333337,True
7075,CUST06495,Bitbucket,Pending Customer Response,Medium,Premium,,13.0,16.5,0.26923076923076916,False
7076,CUST01094,Loom,Closed,Low,Premium,4.0,13.0,14.5,0.11538461538461542,False
7077,CUST03806,Loom,Pending Customer Response,Low,Standard,,10.0,12.0,0.19999999999999996,False
7078,CUST04798,Loom,Pending Customer Response,High,Standard,,13.5,16.0,0.18518518518518512,False
7079,CUST00570,Bitbucket,Pending Customer Response,High,Free,,9.0,13.0,0.4444444444444444,False
7080,CUST01193,Bitbucket,Closed,Medium,Enterprise,4.0,34.5,33.0,-0.04347826086956519,False
7081,CUST06106,Loom,Open,Medium,Enterprise,,13.5,12.5,-0.07407407407407407,False
7082,CUST04197,Jira,Open,High,Standard,,22.0,20.0,-0.09090909090909094,False
7083,CUST08155,Loom,Open,High,Standard,,5.0,4.5,-0.09999999999999998,False
7084,CUST03175,Confluence,Pending Customer Response,High,Standard,,19.0,16.5,-0.13157894736842102,False
7085,CUST00078,Jira,Open,High,Premium,,19.0,17.5,-0.07894736842105265,False
7086,CUST03890,Confluence,Pending Customer Response,Low,Standard,,20.5,18.5,-0.09756097560975607,False
7087,CUST07574,Jira,Open,Low,Free,,12.5,8.5,-0.31999999999999995,True
7088,CUST00650,Jira,Pending Customer Response,Critical,Premium,,31.5,28.0,-0.11111111111111116,False
7089,CUST04909,Jira,Pending Customer Response,Medium,Premium,,34.0,30.0,-0.11764705882352944,False
7090,CUST07492,Loom,Open,High,Premium,,23.5,24.5,0.042553191489361764,False
7091,CUST02575,Jira,Closed,Medium,Standard,3.0,23.5,19.0,-0.19148936170212771,False
7092,CUST03863,Jira,Open,Low,Standard,,12.0,11.5,-0.04166666666666663,False
7093,CUST04183,Confluence,Open,Medium,Free,,3.0,6.5,1.1666666666666665,False
7094,CUST05078,Bitbucket,Pending Customer Response,Low,Standard,,10.5,12.5,0.19047619047619047,False
7095,CUST05117,Trello,Open,Critical,Premium,,12.5,14.5,0.15999999999999992,False
7096,CUST07852,Trello,Closed,Medium,Standard,5.0,14.5,17.0,0.17241379310344818,False
7097,CUST04323,Jira,Closed,High,Standard,3.0,6.0,7.5,0.25,False
7098,CUST02859,Confluence,Closed,High,Free,1.0,4.0,2.0,-0.5,True
7099,CUST04742,Loom,Open,Low,Enterprise,,27.5,28.0,0.018181818181818077,False
7100,CUST06534,Loom,Closed,Medium,Premium,5.0,21.5,21.0,-0.023255813953488413,False
7101,CUST05149,Trello,Pending Customer Response,Critical,Standard,,20.5,19.0,-0.07317073170731703,False
7102,CUST00720,Trello,Open,High,Premium,,14.0,18.0,0.2857142857142858,False
7103,CUST07472,Trello,Closed,High,Free,1.0,9.5,9.0,-0.052631578947368474,False
7104,CUST05141,Jira,Open,Critical,Enterprise,,17.5,17.5,0.0,False
7105,CUST06787,Trello,Open,Medium,Enterprise,,28.5,33.0,0.1578947368421053,False
7106,CUST08204,Confluence,Closed,Medium,Free,4.0,8.5,11.5,0.3529411764705883,False
7107,CUST07428,Loom,Closed,Medium,Free,4.0,8.0,9.5,0.1875,False
7108,CUST00978,Confluence,Closed,High,Free,3.0,12.0,12.5,0.04166666666666674,False
7109,CUST01551,Loom,Closed,Low,Premium,4.0,12.5,15.5,0.24,False
7110,CUST08266,Bitbucket,Pending Customer Response,Medium,Standard,,33.0,31.0,-0.06060606060606055,False
7111,CUST01617,Loom,Pending Customer Response,Critical,Premium,,12.0,15.5,0.29166666666666674,False
7112,CUST07541,Bitbucket,Closed,Low,Premium,1.0,21.5,25.0,0.16279069767441867,False
7113,CUST06181,Confluence,Pending Customer Response,Medium,Free,,5.5,5.0,-0.09090909090909094,False
7114,CUST02503,Bitbucket,Pending Customer Response,Medium,Standard,,22.5,22.5,0.0,False
7115,CUST07890,Loom,Open,Medium,Standard,,17.5,17.5,0.0,False
7116,CUST01596,Jira,Closed,High,Premium,3.0,9.0,10.5,0.16666666666666674,False
7117,CUST06814,Jira,Open,Critical,Standard,,20.0,19.0,-0.050000000000000044,False
7118,CUST00934,Loom,Pending Customer Response,Critical,Standard,,8.5,11.0,0.2941176470588236,False
7119,CUST02573,Bitbucket,Closed,High,Standard,1.0,9.5,5.5,-0.42105263157894735,True
7120,CUST02171,Bitbucket,Open,Critical,Standard,,18.0,21.0,0.16666666666666674,False
7121,CUST01531,Loom,Closed,Low,Standard,3.0,12.0,9.0,-0.25,True
7122,CUST04479,Loom,Closed,Critical,Enterprise,5.0,10.5,11.5,0.09523809523809534,False
7123,CUST00876,Trello,Open,Critical,Standard,,15.5,11.0,-0.29032258064516125,True
7124,CUST02497,Jira,Closed,Critical,Standard,3.0,14.5,15.0,0.034482758620689724,False
7125,CUST06513,Jira,Open,Medium,Standard,,10.0,17.5,0.75,False
7126,CUST02280,Loom,Open,Medium,Standard,,13.5,18.0,0.33333333333333326,False
7127,CUST05878,Bitbucket,Closed,Medium,Enterprise,2.0,28.0,25.0,-0.1071428571428571,False
7128,CUST01670,Loom,Closed,Low,Free,5.0,9.0,8.0,-0.11111111111111116,False
7129,CUST00748,Trello,Pending Customer Response,High,Premium,,12.5,15.5,0.24,False
7130,CUST05500,Loom,Closed,High,Standard,3.0,12.0,14.5,0.20833333333333326,False
7131,CUST00975,Bitbucket,Open,High,Free,,8.5,13.5,0.588235294117647,False
7132,CUST03062,Jira,Closed,Low,Standard,3.0,15.5,13.0,-0.16129032258064513,False
7133,CUST07663,Jira,Pending Customer Response,High,Enterprise,,36.5,36.5,0.0,False
7134,CUST01219,Bitbucket,Open,Medium,Standard,,10.0,10.5,0.050000000000000044,False
7135,CUST02156,Bitbucket,Pending Customer Response,Low,Premium,,22.5,15.0,-0.33333333333333337,True
7136,CUST07881,Jira,Closed,Low,Premium,1.0,23.0,22.0,-0.04347826086956519,False
7137,CUST03689,Jira,Closed,Low,Free,2.0,20.5,22.0,0.07317073170731714,False
7138,CUST08025,Jira,Open,Medium,Enterprise,,40.5,39.5,-0.024691358024691357,False
7139,CUST05859,Trello,Closed,Low,Free,4.0,14.0,13.0,-0.0714285714285714,False
7140,CUST06752,Bitbucket,Pending Customer Response,Low,Standard,,22.5,19.5,-0.1333333333333333,False
7141,CUST08074,Trello,Closed,Critical,Standard,3.0,12.5,14.0,0.1200000000000001,False
7142,CUST05978,Jira,Closed,Medium,Standard,5.0,8.0,13.5,0.6875,False
7143,CUST03606,Confluence,Closed,Critical,Standard,3.0,18.5,24.0,0.29729729729729737,False
7144,CUST05162,Confluence,Pending Customer Response,Medium,Standard,,17.5,23.0,0.3142857142857143,False
7145,CUST05188,Bitbucket,Pending Customer Response,Low,Free,,13.5,13.0,-0.03703703703703709,False
7146,CUST05691,Trello,Pending Customer Response,Critical,Standard,,11.0,12.5,0.13636363636363646,False
7147,CUST04810,Bitbucket,Open,High,Standard,,11.5,12.0,0.04347826086956519,False
7148,CUST00313,Bitbucket,Closed,Medium,Free,3.0,9.5,10.5,0.10526315789473695,False
7149,CUST03566,Bitbucket,Closed,Low,Enterprise,1.0,16.0,14.0,-0.125,False
7150,CUST06924,Loom,Closed,Medium,Premium,3.0,22.5,23.0,0.022222222222222143,False
7151,CUST04376,Jira,Open,High,Premium,,30.5,28.0,-0.08196721311475408,False
7152,CUST03929,Loom,Pending Customer Response,Critical,Standard,,23.5,27.0,0.14893617021276606,False
7153,CUST00855,Bitbucket,Closed,High,Standard,4.0,24.5,22.5,-0.08163265306122447,False
7154,CUST03124,Loom,Pending Customer Response,Medium,Free,,8.0,10.5,0.3125,False
7155,CUST02023,Jira,Pending Customer Response,Low,Standard,,38.5,37.0,-0.038961038961038974,False
7156,CUST01881,Jira,Pending Customer Response,High,Enterprise,,21.5,20.5,-0.046511627906976716,False
7157,CUST07868,Confluence,Closed,High,Premium,4.0,8.0,9.5,0.1875,False
7158,CUST03379,Trello,Closed,Medium,Free,5.0,16.5,15.0,-0.09090909090909094,False
7159,CUST04047,Loom,Open,Low,Premium,,21.5,22.5,0.04651162790697683,False
7160,CUST06262,Bitbucket,Pending Customer Response,Medium,Standard,,4.0,10.5,1.625,False
7161,CUST05322,Confluence,Open,Medium,Standard,,24.5,24.0,-0.020408163265306145,False
7162,CUST04129,Jira,Pending Customer Response,Low,Standard,,9.5,9.5,0.0,False
7163,CUST05406,Confluence,Pending Customer Response,Medium,Enterprise,,14.5,17.0,0.17241379310344818,False
7164,CUST04812,Trello,Closed,Low,Premium,5.0,13.5,10.5,-0.2222222222222222,True
7165,CUST04040,Loom,Open,High,Standard,,15.5,18.5,0.19354838709677424,False
7166,CUST00047,Confluence,Closed,Medium,Free,3.0,7.0,8.5,0.2142857142857142,False
7167,CUST06162,Bitbucket,Open,Low,Standard,,13.5,11.5,-0.14814814814814814,False
7168,CUST06654,Jira,Closed,Medium,Standard,3.0,9.0,11.0,0.22222222222222232,False
7169,CUST02546,Loom,Open,Critical,Premium,,7.0,7.0,0.0,False
7170,CUST03004,Loom,Pending Customer Response,High,Standard,,12.0,19.0,0.5833333333333333,False
7171,CUST06312,Trello,Pending Customer Response,High,Standard,,16.0,14.0,-0.125,False
7172,CUST00768,Trello,Closed,High,Standard,2.0,8.0,10.0,0.25,False
7173,CUST07071,Jira,Open,High,Free,,24.0,22.5,-0.0625,False
7174,CUST00278,Bitbucket,Closed,Medium,Premium,2.0,21.5,15.0,-0.3023255813953488,True
7175,CUST06355,Bitbucket,Open,Low,Standard,,22.0,23.0,0.045454545454545414,False
7176,CUST03320,Jira,Open,Medium,Free,,3.5,7.5,1.1428571428571428,False
7177,CUST06205,Loom,Pending Customer Response,Critical,Premium,,9.0,9.0,0.0,False
7178,CUST08235,Bitbucket,Open,High,Standard,,9.5,12.0,0.26315789473684204,False
7179,CUST08300,Confluence,Pending Customer Response,Low,Premium,,14.0,15.5,0.1071428571428572,False
7180,CUST05402,Loom,Pending Customer Response,High,Enterprise,,20.5,19.5,-0.04878048780487809,False
7181,CUST01820,Jira,Pending Customer Response,Low,Standard,,16.0,16.5,0.03125,False
7182,CUST02223,Bitbucket,Pending Customer Response,Critical,Standard,,12.5,10.5,-0.16000000000000003,False
7183,CUST07437,Jira,Closed,Medium,Enterprise,5.0,15.5,10.5,-0.32258064516129037,True
7184,CUST03030,Jira,Pending Customer Response,Medium,Enterprise,,25.5,28.5,0.11764705882352944,False
7185,CUST07035,Jira,Pending Customer Response,Low,Free,,5.0,9.0,0.8,False
7186,CUST02284,Loom,Pending Customer Response,Critical,Enterprise,,14.0,17.5,0.25,False
7187,CUST02102,Loom,Pending Customer Response,High,Enterprise,,30.0,30.5,0.016666666666666607,False
7188,CUST02603,Trello,Open,Medium,Free,,7.5,12.0,0.6000000000000001,False
7189,CUST06506,Bitbucket,Closed,High,Premium,2.0,12.0,14.0,0.16666666666666674,False
7190,CUST07953,Trello,Closed,Critical,Standard,3.0,9.5,11.0,0.1578947368421053,False
7191,CUST04410,Jira,Pending Customer Response,Low,Free,,9.5,8.5,-0.10526315789473684,False
7192,CUST02840,Bitbucket,Pending Customer Response,Medium,Standard,,33.5,34.5,0.029850746268656803,False
7193,CUST03705,Trello,Closed,Medium,Free,1.0,18.5,14.5,-0.21621621621621623,True
7194,CUST06036,Loom,Open,High,Standard,,15.0,18.0,0.19999999999999996,False
7195,CUST08036,Jira,Closed,Critical,Standard,3.0,28.5,31.0,0.08771929824561409,False
7196,CUST07767,Confluence,Pending Customer Response,Low,Standard,,5.5,10.0,0.8181818181818181,False
7197,CUST04468,Loom,Closed,Critical,Premium,1.0,23.0,17.0,-0.26086956521739135,True
7198,CUST06832,Bitbucket,Closed,Medium,Free,1.0,21.0,20.5,-0.023809523809523836,False
7199,CUST03491,Confluence,Open,Critical,Standard,,10.0,9.0,-0.09999999999999998,False
7200,CUST01234,Jira,Closed,Critical,Free,3.0,7.0,11.0,0.5714285714285714,False
7201,CUST00471,Trello,Open,Medium,Enterprise,,13.5,16.5,0.22222222222222232,False
7202,CUST07943,Jira,Closed,Critical,Premium,1.0,32.5,28.5,-0.12307692307692308,False
7203,CUST00922,Bitbucket,Pending Customer Response,Critical,Standard,,17.5,14.0,-0.19999999999999996,False
7204,CUST04524,Loom,Closed,Medium,Premium,3.0,16.0,14.5,-0.09375,False
7205,CUST01304,Loom,Open,Critical,Premium,,14.5,14.0,-0.03448275862068961,False
7206,CUST06243,Confluence,Pending Customer Response,Low,Free,,6.5,3.5,-0.46153846153846156,True
7207,CUST05325,Bitbucket,Pending Customer Response,Critical,Premium,,17.5,14.0,-0.19999999999999996,False
7208,CUST05660,Jira,Pending Customer Response,Medium,Standard,,23.0,18.0,-0.21739130434782605,True
7209,CUST07334,Bitbucket,Closed,Low,Standard,5.0,9.5,7.0,-0.26315789473684215,True
7210,CUST02005,Trello,Open,Critical,Free,,16.0,17.0,0.0625,False
7211,CUST00461,Jira,Pending Customer Response,Low,Premium,,16.0,19.0,0.1875,False
7212,CUST04695,Confluence,Open,High,Enterprise,,24.0,25.5,0.0625,False
7213,CUST05448,Jira,Pending Customer Response,Critical,Free,,14.0,14.0,0.0,False
7214,CUST05750,Trello,Pending Customer Response,High,Premium,,7.5,15.5,1.0666666666666669,False
7215,CUST02741,Bitbucket,Closed,Low,Enterprise,4.0,22.0,21.5,-0.022727272727272707,False
7216,CUST06537,Jira,Open,Low,Standard,,27.5,24.5,-0.10909090909090913,False
7217,CUST03221,Loom,Closed,Low,Standard,5.0,9.5,9.5,0.0,False
7218,CUST00137,Bitbucket,Pending Customer Response,Low,Standard,,27.0,25.5,-0.05555555555555558,False
7219,CUST03841,Confluence,Pending Customer Response,Low,Standard,,13.5,18.0,0.33333333333333326,False
7220,CUST06777,Bitbucket,Closed,Low,Standard,1.0,17.5,12.5,-0.2857142857142857,True
7221,CUST04708,Loom,Closed,Low,Standard,4.0,24.5,17.5,-0.2857142857142857,True
7222,CUST06591,Trello,Open,High,Standard,,13.0,8.5,-0.34615384615384615,True
7223,CUST00514,Jira,Closed,Critical,Standard,2.0,26.0,26.5,0.019230769230769162,False
7224,CUST04655,Loom,Open,Low,Standard,,14.5,14.0,-0.03448275862068961,False
7225,CUST05224,Bitbucket,Open,Critical,Premium,,13.0,12.0,-0.07692307692307687,False
7226,CUST03217,Trello,Open,Low,Standard,,4.5,11.5,1.5555555555555554,False
7227,CUST04680,Bitbucket,Pending Customer Response,High,Premium,,12.5,16.0,0.28,False
7228,CUST03969,Trello,Open,High,Enterprise,,12.5,13.0,0.040000000000000036,False
7229,CUST03138,Loom,Open,High,Standard,,7.0,8.0,0.1428571428571428,False
7230,CUST04986,Bitbucket,Open,High,Free,,4.0,7.5,0.875,False
7231,CUST08181,Loom,Open,Medium,Premium,,15.5,13.0,-0.16129032258064513,False
7232,CUST06067,Jira,Pending Customer Response,High,Free,,14.5,14.5,0.0,False
7233,CUST05721,Jira,Open,Medium,Enterprise,,15.5,24.5,0.5806451612903225,False
7234,CUST01975,Bitbucket,Pending Customer Response,High,Premium,,15.5,16.0,0.032258064516129004,False
7235,CUST05648,Loom,Open,Medium,Standard,,11.0,11.5,0.045454545454545414,False
7236,CUST05055,Confluence,Open,Low,Premium,,21.5,21.0,-0.023255813953488413,False
7237,CUST06269,Jira,Closed,Critical,Standard,5.0,27.5,25.5,-0.07272727272727275,False
7238,CUST07869,Jira,Pending Customer Response,High,Premium,,17.0,14.0,-0.17647058823529416,False
7239,CUST01124,Jira,Closed,Medium,Standard,4.0,21.5,24.5,0.13953488372093026,False
7240,CUST06361,Confluence,Open,High,Free,,13.5,11.0,-0.18518518518518523,False
7241,CUST02842,Loom,Closed,Critical,Free,5.0,1.5,4.5,2.0,False
7242,CUST07718,Jira,Open,High,Standard,,23.0,21.5,-0.06521739130434778,False
7243,CUST02159,Bitbucket,Pending Customer Response,Medium,Standard,,15.5,16.0,0.032258064516129004,False
7244,CUST08243,Loom,Pending Customer Response,Critical,Premium,,13.0,18.5,0.42307692307692313,False
7245,CUST04438,Loom,Closed,Critical,Standard,2.0,27.0,21.0,-0.2222222222222222,True
7246,CUST07296,Confluence,Pending Customer Response,Medium,Free,,13.0,19.5,0.5,False
7247,CUST04945,Trello,Open,Critical,Standard,,27.5,25.0,-0.09090909090909094,False
7248,CUST05935,Confluence,Pending Customer Response,Low,Free,,11.0,12.5,0.13636363636363646,False
7249,CUST04260,Trello,Closed,Medium,Premium,4.0,11.5,13.0,0.13043478260869557,False
7250,CUST08065,Loom,Open,High,Enterprise,,10.5,10.5,0.0,False
7251,CUST04083,Loom,Pending Customer Response,High,Premium,,12.5,9.5,-0.24,True
7252,CUST00234,Bitbucket,Pending Customer Response,Critical,Premium,,25.0,20.0,-0.19999999999999996,False
7253,CUST02918,Bitbucket,Open,High,Enterprise,,20.5,19.5,-0.04878048780487809,False
7254,CUST05415,Loom,Open,Medium,Standard,,12.5,15.5,0.24,False
7255,CUST05923,Jira,Open,Critical,Standard,,22.5,16.0,-0.28888888888888886,True
7256,CUST05291,Bitbucket,Open,Critical,Free,,13.5,10.5,-0.2222222222222222,True
7257,CUST05615,Trello,Open,Low,Free,,12.0,11.5,-0.04166666666666663,False
7258,CUST05568,Trello,Open,Medium,Premium,,31.0,30.0,-0.032258064516129004,False
7259,CUST06825,Confluence,Open,Critical,Enterprise,,23.5,21.0,-0.1063829787234043,False
7260,CUST07809,Jira,Open,High,Standard,,11.0,14.5,0.3181818181818181,False
7261,CUST00373,Loom,Pending Customer Response,High,Enterprise,,19.5,18.5,-0.05128205128205132,False
7262,CUST02878,Bitbucket,Pending Customer Response,Critical,Premium,,20.0,17.0,-0.15000000000000002,False
7263,CUST00521,Confluence,Open,High,Premium,,22.0,19.5,-0.11363636363636365,False
7264,CUST00428,Jira,Closed,Critical,Enterprise,2.0,17.5,20.0,0.1428571428571428,False
7265,CUST04607,Trello,Pending Customer Response,Low,Standard,,10.0,6.5,-0.35,True
7266,CUST00170,Jira,Closed,Critical,Standard,3.0,38.0,34.5,-0.09210526315789469,False
7267,CUST05387,Bitbucket,Pending Customer Response,Critical,Premium,,12.0,12.0,0.0,False
7268,CUST04426,Bitbucket,Pending Customer Response,Medium,Standard,,22.0,26.5,0.20454545454545459,False
7269,CUST06865,Confluence,Pending Customer Response,High,Free,,11.5,14.5,0.26086956521739135,False
7270,CUST05571,Confluence,Pending Customer Response,Low,Enterprise,,32.0,36.0,0.125,False
7271,CUST04675,Trello,Pending Customer Response,High,Standard,,13.5,16.5,0.22222222222222232,False
7272,CUST06772,Loom,Open,Medium,Premium,,13.5,11.5,-0.14814814814814814,False
7273,CUST01417,Jira,Pending Customer Response,High,Standard,,43.5,40.5,-0.06896551724137934,False
7274,CUST02781,Confluence,Pending Customer Response,Low,Standard,,13.0,10.0,-0.23076923076923073,True
7275,CUST00946,Loom,Pending Customer Response,Critical,Premium,,13.0,18.5,0.42307692307692313,False
7276,CUST05518,Jira,Pending Customer Response,Medium,Enterprise,,32.0,27.0,-0.15625,False
7277,CUST01383,Confluence,Pending Customer Response,Critical,Standard,,9.5,9.0,-0.052631578947368474,False
7278,CUST03481,Jira,Open,Low,Standard,,20.0,16.5,-0.17500000000000004,False
7279,CUST06952,Confluence,Pending Customer Response,Medium,Free,,13.5,15.0,0.11111111111111116,False
7280,CUST01480,Jira,Closed,High,Standard,1.0,20.5,20.5,0.0,False
7281,CUST05095,Loom,Closed,High,Enterprise,5.0,17.0,13.5,-0.20588235294117652,True
7282,CUST05318,Jira,Open,Medium,Standard,,12.0,11.5,-0.04166666666666663,False
7283,CUST02477,Bitbucket,Pending Customer Response,High,Free,,7.5,6.5,-0.1333333333333333,False
7284,CUST03330,Bitbucket,Open,Low,Free,,9.0,6.5,-0.2777777777777778,True
7285,CUST03222,Loom,Closed,Medium,Enterprise,5.0,34.0,30.0,-0.11764705882352944,False
7286,CUST04722,Confluence,Open,Critical,Free,,5.5,4.0,-0.2727272727272727,True
7287,CUST02298,Jira,Pending Customer Response,Medium,Free,,8.5,6.0,-0.2941176470588235,True
7288,CUST01933,Jira,Pending Customer Response,Critical,Standard,,15.5,13.5,-0.12903225806451613,False
7289,CUST06402,Jira,Pending Customer Response,Medium,Free,,15.0,10.5,-0.30000000000000004,True
7290,CUST08006,Jira,Pending Customer Response,High,Standard,,13.5,17.5,0.2962962962962963,False
7291,CUST04176,Jira,Open,Medium,Enterprise,,41.5,38.0,-0.08433734939759041,False
7292,CUST00809,Jira,Pending Customer Response,Low,Standard,,35.0,41.0,0.17142857142857149,False
7293,CUST04496,Jira,Pending Customer Response,Critical,Premium,,27.0,24.0,-0.11111111111111116,False
7294,CUST02496,Confluence,Open,Low,Standard,,14.5,13.5,-0.06896551724137934,False
7295,CUST07901,Confluence,Open,Medium,Standard,,22.5,16.5,-0.2666666666666667,True
7296,CUST07413,Loom,Pending Customer Response,Critical,Standard,,10.5,12.0,0.1428571428571428,False
7297,CUST01616,Loom,Closed,Medium,Standard,1.0,12.5,12.0,-0.040000000000000036,False
7298,CUST07803,Confluence,Open,High,Standard,,14.0,13.5,-0.0357142857142857,False
7299,CUST01340,Loom,Open,High,Standard,,7.5,10.5,0.3999999999999999,False
7300,CUST05356,Jira,Closed,Low,Premium,4.0,18.0,16.5,-0.08333333333333337,False
7301,CUST00869,Bitbucket,Pending Customer Response,High,Enterprise,,25.0,27.5,0.10000000000000009,False
7302,CUST01905,Jira,Closed,Critical,Free,4.0,13.0,8.5,-0.34615384615384615,True
7303,CUST07427,Loom,Closed,Medium,Standard,1.0,12.0,14.0,0.16666666666666674,False
7304,CUST03107,Confluence,Pending Customer Response,High,Premium,,13.0,16.0,0.23076923076923084,False
7305,CUST06479,Jira,Pending Customer Response,Medium,Enterprise,,25.0,27.0,0.08000000000000007,False
7306,CUST07302,Confluence,Open,High,Premium,,15.0,12.5,-0.16666666666666663,False
7307,CUST01921,Loom,Open,Low,Premium,,18.0,18.0,0.0,False
7308,CUST00457,Trello,Pending Customer Response,Critical,Standard,,6.0,6.0,0.0,False
7309,CUST01791,Jira,Pending Customer Response,High,Premium,,47.0,40.0,-0.14893617021276595,False
7310,CUST03388,Loom,Closed,Low,Free,4.0,7.0,10.5,0.5,False
7311,CUST07463,Bitbucket,Pending Customer Response,Low,Free,,10.5,6.0,-0.4285714285714286,True
7312,CUST04374,Trello,Pending Customer Response,Medium,Free,,8.0,8.0,0.0,False
7313,CUST06307,Bitbucket,Open,Low,Premium,,29.0,24.0,-0.1724137931034483,False
7314,CUST02248,Bitbucket,Pending Customer Response,Critical,Premium,,29.5,26.5,-0.10169491525423724,False
7315,CUST01516,Confluence,Closed,Medium,Premium,3.0,15.0,19.0,0.2666666666666666,False
7316,CUST07719,Bitbucket,Pending Customer Response,Low,Standard,,18.0,19.0,0.05555555555555558,False
7317,CUST03423,Jira,Pending Customer Response,Critical,Premium,,19.0,20.0,0.05263157894736836,False
7318,CUST03422,Jira,Closed,High,Standard,1.0,26.0,18.0,-0.3076923076923077,True
7319,CUST08124,Jira,Closed,Critical,Free,2.0,9.5,6.5,-0.3157894736842105,True
7320,CUST00753,Trello,Closed,High,Premium,4.0,12.0,10.5,-0.125,False
7321,CUST08318,Bitbucket,Open,Low,Premium,,25.0,21.0,-0.16000000000000003,False
7322,CUST05990,Bitbucket,Open,Low,Standard,,48.5,52.0,0.07216494845360821,False
7323,CUST01868,Loom,Pending Customer Response,Low,Free,,10.5,13.0,0.23809523809523814,False
7324,CUST06471,Jira,Pending Customer Response,Medium,Standard,,24.5,20.0,-0.18367346938775508,False
7325,CUST04492,Loom,Closed,Low,Premium,4.0,20.0,21.0,0.050000000000000044,False
7326,CUST02794,Confluence,Closed,Critical,Standard,2.0,17.5,12.5,-0.2857142857142857,True
7327,CUST00172,Loom,Closed,Critical,Premium,4.0,21.5,30.0,0.39534883720930236,False
7328,CUST01175,Jira,Closed,Critical,Enterprise,1.0,25.5,26.0,0.019607843137254832,False
7329,CUST07882,Loom,Closed,Low,Standard,1.0,15.5,12.5,-0.19354838709677424,False
7330,CUST02819,Trello,Pending Customer Response,Critical,Enterprise,,41.5,45.0,0.0843373493975903,False
7331,CUST03655,Confluence,Closed,Critical,Free,2.0,13.5,8.0,-0.40740740740740744,True
7332,CUST06155,Jira,Closed,Low,Premium,2.0,14.0,15.0,0.0714285714285714,False
7333,CUST05446,Jira,Closed,Critical,Premium,5.0,26.5,24.5,-0.07547169811320753,False
7334,CUST01849,Loom,Closed,Low,Standard,3.0,9.0,6.5,-0.2777777777777778,True
7335,CUST06423,Confluence,Closed,High,Standard,4.0,4.0,9.0,1.25,False
7336,CUST02038,Trello,Open,Medium,Free,,3.5,5.0,0.4285714285714286,False
7337,CUST05965,Jira,Pending Customer Response,Medium,Enterprise,,20.5,23.5,0.14634146341463405,False
7338,CUST06949,Bitbucket,Open,Medium,Standard,,14.0,12.5,-0.1071428571428571,False
7339,CUST02626,Trello,Pending Customer Response,Medium,Standard,,19.5,19.0,-0.02564102564102566,False
7340,CUST00239,Confluence,Closed,Critical,Premium,3.0,11.5,14.5,0.26086956521739135,False
7341,CUST01258,Bitbucket,Closed,Low,Premium,1.0,23.5,26.0,0.1063829787234043,False
7342,CUST04735,Trello,Closed,Critical,Standard,5.0,11.0,15.5,0.40909090909090917,False
7343,CUST08015,Trello,Closed,Low,Free,5.0,12.5,13.0,0.040000000000000036,False
7344,CUST04006,Jira,Open,High,Enterprise,,17.5,14.5,-0.17142857142857137,False
7345,CUST04222,Confluence,Pending Customer Response,Critical,Standard,,7.0,4.0,-0.4285714285714286,True
7346,CUST00946,Jira,Pending Customer Response,High,Premium,,46.0,39.0,-0.15217391304347827,False
7347,CUST03432,Jira,Open,Critical,Standard,,32.5,31.0,-0.0461538461538461,False
7348,CUST06582,Jira,Pending Customer Response,Critical,Premium,,28.5,27.5,-0.03508771929824561,False
7349,CUST05763,Confluence,Open,High,Enterprise,,29.5,26.0,-0.11864406779661019,False
7350,CUST03512,Jira,Closed,High,Standard,5.0,34.0,32.5,-0.044117647058823484,False
7351,CUST03876,Bitbucket,Closed,High,Standard,4.0,27.5,28.5,0.036363636363636376,False
7352,CUST01296,Jira,Pending Customer Response,Medium,Premium,,24.0,26.5,0.10416666666666674,False
7353,CUST05567,Confluence,Open,Low,Premium,,24.0,25.5,0.0625,False
7354,CUST02904,Trello,Pending Customer Response,Medium,Standard,,5.5,13.0,1.3636363636363638,False
7355,CUST03725,Jira,Open,High,Standard,,16.5,19.5,0.18181818181818188,False
7356,CUST08148,Confluence,Open,Low,Premium,,33.0,31.0,-0.06060606060606055,False
7357,CUST00077,Loom,Closed,Low,Free,5.0,4.0,1.5,-0.625,True
7358,CUST01680,Loom,Open,High,Premium,,12.5,13.5,0.08000000000000007,False
7359,CUST04472,Jira,Closed,Medium,Premium,1.0,25.5,24.0,-0.05882352941176472,False
7360,CUST06852,Confluence,Closed,Low,Standard,3.0,8.0,7.0,-0.125,False
7361,CUST06011,Confluence,Pending Customer Response,Low,Premium,,23.5,24.0,0.02127659574468077,False
7362,CUST04938,Bitbucket,Open,Low,Standard,,25.0,25.5,0.020000000000000018,False
7363,CUST08320,Loom,Open,Low,Standard,,18.5,20.5,0.10810810810810811,False
7364,CUST04878,Jira,Open,High,Premium,,24.0,28.0,0.16666666666666674,False
7365,CUST00097,Jira,Pending Customer Response,Low,Standard,,14.5,10.5,-0.27586206896551724,True
7366,CUST05873,Trello,Closed,Critical,Premium,1.0,16.5,21.5,0.303030303030303,False
7367,CUST02309,Bitbucket,Pending Customer Response,Medium,Standard,,25.0,29.0,0.15999999999999992,False
7368,CUST06057,Jira,Pending Customer Response,Critical,Premium,,24.5,22.0,-0.10204081632653061,False
7369,CUST05255,Bitbucket,Open,Low,Free,,12.0,14.5,0.20833333333333326,False
7370,CUST06115,Confluence,Open,High,Premium,,20.0,17.0,-0.15000000000000002,False
7371,CUST03877,Bitbucket,Closed,Low,Free,5.0,11.0,13.0,0.18181818181818188,False
7372,CUST05894,Confluence,Closed,Critical,Premium,5.0,13.5,15.5,0.14814814814814814,False
7373,CUST02975,Jira,Open,Critical,Free,,14.5,11.5,-0.2068965517241379,True
7374,CUST07118,Loom,Closed,High,Premium,5.0,13.0,16.0,0.23076923076923084,False
7375,CUST03916,Confluence,Closed,Low,Premium,1.0,25.5,20.5,-0.196078431372549,False
7376,CUST08146,Loom,Pending Customer Response,Low,Premium,,6.0,4.0,-0.33333333333333337,True
7377,CUST02195,Bitbucket,Open,Medium,Premium,,18.5,17.0,-0.08108108108108103,False
7378,CUST05575,Bitbucket,Closed,Critical,Premium,4.0,25.5,31.0,0.21568627450980382,False
7379,CUST01111,Loom,Pending Customer Response,Medium,Premium,,13.5,16.5,0.22222222222222232,False
7380,CUST05447,Trello,Pending Customer Response,Medium,Free,,10.5,12.5,0.19047619047619047,False
7381,CUST00653,Jira,Open,High,Standard,,27.0,21.5,-0.20370370370370372,True
7382,CUST00776,Bitbucket,Pending Customer Response,Critical,Enterprise,,27.5,28.0,0.018181818181818077,False
7383,CUST07748,Jira,Pending Customer Response,Medium,Premium,,27.0,31.5,0.16666666666666674,False
7384,CUST01939,Confluence,Open,Medium,Premium,,8.0,8.5,0.0625,False
7385,CUST01243,Jira,Pending Customer Response,High,Enterprise,,21.5,19.0,-0.11627906976744184,False
7386,CUST01375,Loom,Open,Low,Standard,,15.5,13.5,-0.12903225806451613,False
7387,CUST03344,Loom,Closed,High,Free,5.0,7.0,3.0,-0.5714285714285714,True
7388,CUST05658,Jira,Closed,Medium,Free,3.0,11.0,8.0,-0.2727272727272727,True
7389,CUST00430,Jira,Closed,High,Enterprise,5.0,24.5,20.5,-0.16326530612244894,False
7390,CUST05682,Loom,Closed,Critical,Standard,4.0,10.5,9.0,-0.1428571428571429,False
7391,CUST07496,Jira,Open,Medium,Premium,,34.5,37.5,0.08695652173913038,False
7392,CUST01481,Trello,Pending Customer Response,Low,Standard,,13.0,11.5,-0.11538461538461542,False
7393,CUST03212,Confluence,Closed,High,Standard,3.0,18.5,16.0,-0.1351351351351351,False
7394,CUST02522,Loom,Closed,High,Free,2.0,21.0,24.5,0.16666666666666674,False
7395,CUST07401,Jira,Open,High,Free,,9.0,9.5,0.05555555555555558,False
7396,CUST01831,Loom,Pending Customer Response,Critical,Free,,10.5,12.5,0.19047619047619047,False
7397,CUST03193,Loom,Pending Customer Response,Critical,Free,,5.5,4.5,-0.18181818181818177,False
7398,CUST02730,Confluence,Pending Customer Response,Medium,Free,,15.0,15.5,0.03333333333333344,False
7399,CUST02086,Jira,Closed,Critical,Standard,2.0,17.5,13.0,-0.2571428571428571,True
7400,CUST04296,Trello,Open,Low,Standard,,24.0,20.5,-0.14583333333333337,False
7401,CUST03784,Bitbucket,Open,Low,Premium,,18.5,19.0,0.027027027027026973,False
7402,CUST00450,Loom,Closed,Low,Premium,1.0,23.0,18.5,-0.19565217391304346,False
7403,CUST01388,Bitbucket,Closed,Critical,Enterprise,4.0,24.0,28.0,0.16666666666666674,False
7404,CUST07345,Trello,Pending Customer Response,High,Standard,,6.5,6.5,0.0,False
7405,CUST00135,Jira,Closed,High,Standard,4.0,30.0,36.5,0.21666666666666656,False
7406,CUST04902,Jira,Closed,High,Enterprise,1.0,16.5,20.0,0.21212121212121215,False
7407,CUST05412,Jira,Pending Customer Response,Low,Standard,,22.0,18.5,-0.15909090909090906,False
7408,CUST05949,Jira,Open,Critical,Premium,,43.5,44.0,0.011494252873563315,False
7409,CUST06127,Bitbucket,Closed,Critical,Standard,1.0,10.5,8.0,-0.23809523809523814,True
7410,CUST00343,Loom,Open,High,Premium,,21.0,18.0,-0.1428571428571429,False
7411,CUST05346,Bitbucket,Pending Customer Response,Medium,Premium,,17.5,14.5,-0.17142857142857137,False
7412,CUST00215,Trello,Open,Low,Free,,27.0,26.0,-0.03703703703703709,False
7413,CUST05256,Bitbucket,Closed,High,Enterprise,2.0,30.5,25.5,-0.16393442622950816,False
7414,CUST08199,Confluence,Open,High,Free,,14.0,17.5,0.25,False
7415,CUST04203,Confluence,Open,High,Premium,,18.5,18.5,0.0,False
7416,CUST01808,Bitbucket,Open,Low,Enterprise,,47.5,50.0,0.05263157894736836,False
7417,CUST08095,Confluence,Open,Medium,Premium,,20.0,25.5,0.2749999999999999,False
7418,CUST06503,Loom,Open,Critical,Premium,,20.5,18.0,-0.12195121951219512,False
7419,CUST08152,Trello,Open,Medium,Premium,,31.0,30.0,-0.032258064516129004,False
7420,CUST01504,Trello,Closed,High,Standard,3.0,7.0,7.5,0.0714285714285714,False
7421,CUST02513,Trello,Open,Medium,Standard,,16.5,13.5,-0.18181818181818177,False
7422,CUST05718,Trello,Pending Customer Response,Medium,Premium,,15.5,12.5,-0.19354838709677424,False
7423,CUST03395,Confluence,Open,Medium,Enterprise,,34.5,34.5,0.0,False
7424,CUST03924,Bitbucket,Pending Customer Response,Low,Free,,6.0,11.0,0.8333333333333333,False
7425,CUST04010,Loom,Pending Customer Response,Medium,Enterprise,,26.5,23.5,-0.1132075471698113,False
7426,CUST02181,Loom,Open,Critical,Standard,,7.5,15.5,1.0666666666666669,False
7427,CUST01303,Confluence,Open,Low,Standard,,18.5,21.5,0.16216216216216206,False
7428,CUST07912,Confluence,Open,High,Standard,,20.5,21.5,0.04878048780487809,False
7429,CUST06134,Bitbucket,Closed,Critical,Premium,5.0,16.5,12.5,-0.24242424242424243,True
7430,CUST05574,Bitbucket,Pending Customer Response,Critical,Premium,,16.0,20.5,0.28125,False
7431,CUST01170,Loom,Closed,Medium,Standard,4.0,6.5,12.5,0.9230769230769231,False
7432,CUST08142,Confluence,Closed,Medium,Standard,1.0,29.5,25.0,-0.15254237288135597,False
7433,CUST01690,Trello,Open,Medium,Free,,13.0,12.0,-0.07692307692307687,False
7434,CUST07301,Loom,Closed,Low,Standard,1.0,29.0,21.5,-0.2586206896551724,True
7435,CUST07300,Confluence,Pending Customer Response,Medium,Standard,,32.5,32.0,-0.01538461538461533,False
7436,CUST05649,Jira,Open,Critical,Standard,,9.5,15.0,0.5789473684210527,False
7437,CUST00149,Bitbucket,Pending Customer Response,Critical,Standard,,11.5,16.0,0.3913043478260869,False
7438,CUST03614,Bitbucket,Pending Customer Response,Critical,Premium,,8.5,11.5,0.3529411764705883,False
7439,CUST02655,Jira,Open,High,Standard,,8.5,5.5,-0.3529411764705882,True
7440,CUST02408,Trello,Open,Medium,Free,,12.5,11.5,-0.07999999999999996,False
7441,CUST03035,Bitbucket,Closed,Critical,Standard,1.0,3.5,2.0,-0.4285714285714286,True
7442,CUST00448,Jira,Pending Customer Response,Low,Standard,,15.5,19.0,0.22580645161290325,False
7443,CUST05244,Confluence,Open,Critical,Enterprise,,14.0,15.5,0.1071428571428572,False
7444,CUST06870,Bitbucket,Open,Medium,Free,,3.0,5.5,0.8333333333333333,False
7445,CUST01470,Confluence,Closed,Low,Free,3.0,6.5,11.0,0.6923076923076923,False
7446,CUST06866,Bitbucket,Pending Customer Response,High,Free,,4.0,4.5,0.125,False
7447,CUST00639,Trello,Pending Customer Response,Medium,Standard,,25.5,23.0,-0.0980392156862745,False
7448,CUST05694,Confluence,Open,High,Enterprise,,41.5,40.0,-0.03614457831325302,False
7449,CUST06736,Trello,Closed,High,Premium,2.0,29.0,26.0,-0.10344827586206895,False
7450,CUST04218,Jira,Closed,Low,Standard,2.0,37.5,33.0,-0.12,False
7451,CUST01166,Confluence,Open,Medium,Enterprise,,22.0,23.5,0.06818181818181812,False
7452,CUST00939,Loom,Pending Customer Response,High,Premium,,23.0,14.5,-0.3695652173913043,True
7453,CUST08169,Confluence,Pending Customer Response,Low,Free,,17.0,20.0,0.17647058823529416,False
7454,CUST01775,Confluence,Closed,High,Premium,3.0,17.0,16.0,-0.05882352941176472,False
7455,CUST02372,Loom,Open,Medium,Premium,,20.5,24.0,0.1707317073170731,False
7456,CUST01104,Jira,Pending Customer Response,Medium,Standard,,28.5,26.0,-0.08771929824561409,False
7457,CUST07652,Confluence,Closed,Medium,Premium,4.0,14.0,13.0,-0.0714285714285714,False
7458,CUST08188,Bitbucket,Open,Critical,Enterprise,,27.5,32.5,0.18181818181818188,False
7459,CUST04553,Confluence,Open,Low,Standard,,15.5,17.5,0.12903225806451624,False
7460,CUST08079,Loom,Pending Customer Response,Critical,Premium,,9.5,6.5,-0.3157894736842105,True
7461,CUST06374,Jira,Pending Customer Response,Medium,Standard,,19.5,20.5,0.05128205128205132,False
7462,CUST04384,Loom,Pending Customer Response,Low,Free,,6.0,9.0,0.5,False
7463,CUST04870,Confluence,Pending Customer Response,Low,Free,,9.5,11.0,0.1578947368421053,False
7464,CUST03658,Loom,Closed,Low,Premium,4.0,12.5,20.5,0.6399999999999999,False
7465,CUST04448,Trello,Closed,Low,Free,1.0,4.0,7.0,0.75,False
7466,CUST00851,Trello,Open,Medium,Free,,9.5,6.0,-0.368421052631579,True
7467,CUST02890,Confluence,Pending Customer Response,Critical,Standard,,13.5,6.5,-0.5185185185185186,True
7468,CUST03927,Trello,Pending Customer Response,Critical,Enterprise,,18.5,18.5,0.0,False
7469,CUST06808,Trello,Pending Customer Response,Low,Free,,7.0,12.0,0.7142857142857142,False
7470,CUST05654,Jira,Open,Low,Standard,,18.5,17.5,-0.05405405405405406,False
7471,CUST04276,Jira,Closed,Low,Standard,3.0,13.0,13.0,0.0,False
7472,CUST07083,Loom,Pending Customer Response,High,Premium,,18.0,22.5,0.25,False
7473,CUST06087,Bitbucket,Pending Customer Response,High,Standard,,11.5,14.0,0.21739130434782616,False
7474,CUST06696,Confluence,Closed,High,Enterprise,5.0,22.0,23.0,0.045454545454545414,False
7475,CUST01633,Jira,Closed,Low,Premium,2.0,23.5,32.5,0.38297872340425543,False
7476,CUST06764,Jira,Pending Customer Response,Critical,Enterprise,,36.5,32.0,-0.12328767123287676,False
7477,CUST03540,Confluence,Closed,Medium,Free,4.0,6.5,10.0,0.5384615384615385,False
7478,CUST00358,Jira,Closed,Critical,Standard,2.0,14.5,14.5,0.0,False
7479,CUST04611,Confluence,Closed,Critical,Premium,4.0,15.5,19.5,0.25806451612903225,False
7480,CUST03997,Confluence,Closed,Critical,Standard,5.0,12.5,14.0,0.1200000000000001,False
7481,CUST01507,Confluence,Open,Critical,Free,,11.0,13.0,0.18181818181818188,False
7482,CUST01452,Jira,Pending Customer Response,Low,Enterprise,,39.0,41.0,0.05128205128205132,False
7483,CUST04666,Bitbucket,Pending Customer Response,Critical,Standard,,17.5,18.5,0.05714285714285716,False
7484,CUST00334,Bitbucket,Open,Medium,Free,,8.0,3.0,-0.625,True
7485,CUST01483,Loom,Open,Low,Premium,,4.0,5.0,0.25,False
7486,CUST02019,Confluence,Closed,Medium,Standard,3.0,7.0,9.5,0.3571428571428572,False
7487,CUST07384,Confluence,Open,Medium,Standard,,12.5,10.5,-0.16000000000000003,False
7488,CUST02061,Confluence,Closed,Medium,Standard,1.0,49.0,46.5,-0.05102040816326525,False
7489,CUST04674,Confluence,Open,Medium,Free,,4.0,7.5,0.875,False
7490,CUST03736,Confluence,Pending Customer Response,Low,Standard,,21.5,18.5,-0.13953488372093026,False
7491,CUST04746,Confluence,Closed,High,Enterprise,1.0,22.0,22.0,0.0,False
7492,CUST04578,Bitbucket,Open,Low,Premium,,25.5,23.5,-0.07843137254901966,False
7493,CUST03853,Confluence,Open,Low,Standard,,16.0,12.5,-0.21875,True
7494,CUST05720,Jira,Closed,Critical,Premium,5.0,28.0,32.5,0.1607142857142858,False
7495,CUST00998,Loom,Closed,Low,Standard,2.0,9.5,9.0,-0.052631578947368474,False
7496,CUST04140,Trello,Closed,High,Standard,4.0,21.5,18.5,-0.13953488372093026,False
7497,CUST02621,Confluence,Open,Medium,Standard,,21.0,27.0,0.2857142857142858,False
7498,CUST02096,Confluence,Pending Customer Response,Critical,Enterprise,,29.0,31.0,0.06896551724137923,False
7499,CUST05089,Confluence,Open,High,Standard,,7.5,11.5,0.5333333333333334,False
7500,CUST01901,Confluence,Open,Medium,Enterprise,,13.0,14.5,0.11538461538461542,False
7501,CUST01194,Bitbucket,Pending Customer Response,Low,Standard,,14.5,18.0,0.24137931034482762,False
7502,CUST00870,Bitbucket,Closed,High,Standard,4.0,17.0,17.0,0.0,False
7503,CUST04699,Jira,Open,Critical,Free,,10.5,13.0,0.23809523809523814,False
7504,CUST00061,Trello,Closed,Low,Premium,3.0,20.5,27.0,0.3170731707317074,False
7505,CUST06108,Trello,Open,Medium,Premium,,15.0,17.5,0.16666666666666674,False
7506,CUST03938,Bitbucket,Closed,High,Enterprise,2.0,26.5,27.0,0.018867924528301883,False
7507,CUST04980,Jira,Closed,Critical,Free,2.0,11.0,10.5,-0.045454545454545414,False
7508,CUST07342,Loom,Pending Customer Response,Medium,Standard,,13.5,17.5,0.2962962962962963,False
7509,CUST05375,Bitbucket,Pending Customer Response,Critical,Enterprise,,18.0,13.5,-0.25,True
7510,CUST03498,Bitbucket,Closed,High,Standard,3.0,13.5,17.0,0.2592592592592593,False
7511,CUST06518,Trello,Pending Customer Response,Medium,Standard,,36.0,33.5,-0.06944444444444442,False
7512,CUST04557,Confluence,Closed,Medium,Premium,2.0,14.5,13.5,-0.06896551724137934,False
7513,CUST00182,Loom,Open,Medium,Premium,,12.5,13.0,0.040000000000000036,False
7514,CUST01252,Loom,Closed,Low,Enterprise,5.0,11.0,11.5,0.045454545454545414,False
7515,CUST06751,Confluence,Pending Customer Response,High,Standard,,25.5,21.0,-0.17647058823529416,False
7516,CUST03392,Jira,Pending Customer Response,High,Premium,,16.5,16.5,0.0,False
7517,CUST06510,Jira,Closed,Low,Premium,2.0,23.5,21.5,-0.08510638297872342,False
7518,CUST07462,Trello,Open,Medium,Standard,,18.0,20.5,0.13888888888888884,False
7519,CUST02329,Jira,Closed,Low,Free,5.0,15.5,13.0,-0.16129032258064513,False
7520,CUST01558,Trello,Closed,Critical,Enterprise,1.0,21.0,18.0,-0.1428571428571429,False
7521,CUST00966,Trello,Closed,Low,Premium,5.0,19.5,18.0,-0.07692307692307687,False
7522,CUST02227,Loom,Pending Customer Response,Low,Standard,,9.5,13.0,0.368421052631579,False
7523,CUST08285,Jira,Closed,Critical,Premium,4.0,15.5,14.0,-0.09677419354838712,False
7524,CUST00316,Confluence,Closed,Low,Free,2.0,5.5,6.0,0.09090909090909083,False
7525,CUST00497,Confluence,Pending Customer Response,Medium,Standard,,9.5,11.0,0.1578947368421053,False
7526,CUST03326,Jira,Closed,High,Enterprise,2.0,26.0,27.0,0.03846153846153855,False
7527,CUST04359,Loom,Pending Customer Response,High,Premium,,16.5,16.5,0.0,False
7528,CUST04860,Jira,Closed,Medium,Standard,5.0,31.0,35.0,0.12903225806451624,False
7529,CUST03973,Trello,Pending Customer Response,Critical,Premium,,21.0,23.5,0.11904761904761907,False
7530,CUST05326,Confluence,Pending Customer Response,Low,Standard,,10.0,9.5,-0.050000000000000044,False
7531,CUST02307,Jira,Closed,High,Standard,1.0,12.5,8.0,-0.36,True
7532,CUST00395,Loom,Open,Low,Standard,,14.0,13.5,-0.0357142857142857,False
7533,CUST03066,Confluence,Closed,High,Enterprise,1.0,31.5,29.5,-0.06349206349206349,False
7534,CUST03273,Confluence,Open,Medium,Enterprise,,11.0,13.0,0.18181818181818188,False
7535,CUST05631,Jira,Pending Customer Response,Critical,Premium,,6.5,14.0,1.1538461538461537,False
7536,CUST03257,Trello,Pending Customer Response,High,Standard,,20.5,20.0,-0.024390243902439046,False
7537,CUST01721,Trello,Open,Low,Free,,9.5,10.5,0.10526315789473695,False
7538,CUST01818,Loom,Closed,Medium,Premium,3.0,9.0,5.5,-0.38888888888888884,True
7539,CUST02917,Bitbucket,Open,High,Premium,,27.5,25.0,-0.09090909090909094,False
7540,CUST04391,Trello,Closed,High,Enterprise,4.0,28.5,29.5,0.03508771929824572,False
7541,CUST07930,Loom,Open,Low,Free,,5.5,3.5,-0.36363636363636365,True
7542,CUST07918,Loom,Closed,Medium,Standard,1.0,16.5,16.0,-0.030303030303030276,False
7543,CUST04378,Loom,Closed,Critical,Standard,1.0,7.0,7.5,0.0714285714285714,False
7544,CUST02221,Jira,Closed,High,Free,5.0,16.0,21.0,0.3125,False
7545,CUST04171,Trello,Pending Customer Response,Low,Enterprise,,17.0,8.5,-0.5,True
7546,CUST00510,Jira,Open,Critical,Premium,,8.0,9.0,0.125,False
7547,CUST00696,Confluence,Open,Medium,Free,,15.0,17.0,0.1333333333333333,False
7548,CUST03564,Jira,Closed,Medium,Free,3.0,4.5,9.0,1.0,False
7549,CUST02478,Trello,Closed,High,Premium,3.0,13.5,13.5,0.0,False
7550,CUST02728,Confluence,Closed,High,Enterprise,5.0,25.5,24.0,-0.05882352941176472,False
7551,CUST00751,Jira,Pending Customer Response,Medium,Standard,,25.0,19.0,-0.24,True
7552,CUST01562,Loom,Pending Customer Response,High,Free,,11.0,7.0,-0.36363636363636365,True
7553,CUST04985,Confluence,Pending Customer Response,High,Enterprise,,26.5,29.5,0.1132075471698113,False
7554,CUST06776,Confluence,Pending Customer Response,Medium,Standard,,14.5,11.5,-0.2068965517241379,True
7555,CUST02921,Jira,Open,Medium,Standard,,33.0,37.0,0.1212121212121211,False
7556,CUST07148,Trello,Closed,Critical,Free,2.0,13.0,16.5,0.26923076923076916,False
7557,CUST02726,Confluence,Pending Customer Response,Low,Standard,,25.5,22.5,-0.11764705882352944,False
7558,CUST05560,Bitbucket,Closed,Low,Standard,4.0,22.5,19.0,-0.15555555555555556,False
7559,CUST07535,Confluence,Closed,High,Free,2.0,6.0,13.0,1.1666666666666665,False
7560,CUST00044,Bitbucket,Open,Medium,Premium,,19.0,15.0,-0.21052631578947367,True
7561,CUST02684,Confluence,Open,Low,Enterprise,,30.0,33.5,0.1166666666666667,False
7562,CUST01548,Confluence,Open,Critical,Standard,,10.5,10.5,0.0,False
7563,CUST04088,Bitbucket,Closed,Medium,Premium,3.0,27.5,31.5,0.1454545454545455,False
7564,CUST03543,Trello,Pending Customer Response,Low,Standard,,15.5,12.0,-0.22580645161290325,True
7565,CUST03383,Bitbucket,Pending Customer Response,Low,Premium,,17.0,24.0,0.41176470588235303,False
7566,CUST02456,Confluence,Pending Customer Response,Medium,Enterprise,,28.5,28.5,0.0,False
7567,CUST06482,Confluence,Pending Customer Response,High,Standard,,7.5,5.0,-0.33333333333333337,True
7568,CUST05834,Trello,Closed,High,Free,4.0,4.5,4.5,0.0,False
7569,CUST07348,Bitbucket,Closed,Medium,Standard,5.0,14.5,19.0,0.31034482758620685,False
7570,CUST04820,Loom,Open,High,Enterprise,,11.0,18.0,0.6363636363636365,False
7571,CUST02253,Loom,Pending Customer Response,Medium,Free,,2.0,3.5,0.75,False
7572,CUST05295,Bitbucket,Open,Critical,Standard,,14.5,15.5,0.06896551724137923,False
7573,CUST06316,Jira,Closed,High,Premium,3.0,29.5,32.5,0.10169491525423724,False
7574,CUST08006,Confluence,Pending Customer Response,Low,Standard,,23.0,21.0,-0.08695652173913049,False
7575,CUST05137,Bitbucket,Open,Medium,Standard,,15.5,15.5,0.0,False
7576,CUST06060,Loom,Open,Low,Premium,,19.5,17.5,-0.10256410256410253,False
7577,CUST05704,Bitbucket,Closed,Critical,Standard,2.0,17.0,13.5,-0.20588235294117652,True
7578,CUST07813,Jira,Open,High,Premium,,15.5,15.5,0.0,False
7579,CUST04723,Confluence,Open,Medium,Standard,,13.0,10.5,-0.1923076923076923,False
7580,CUST04730,Jira,Pending Customer Response,Critical,Standard,,24.0,22.5,-0.0625,False
7581,CUST05643,Bitbucket,Closed,Low,Standard,2.0,20.0,22.5,0.125,False
7582,CUST06767,Trello,Closed,High,Standard,2.0,20.0,17.5,-0.125,False
7583,CUST03289,Confluence,Pending Customer Response,Critical,Premium,,23.5,18.0,-0.23404255319148937,True
7584,CUST06584,Trello,Closed,Critical,Premium,2.0,21.0,22.0,0.04761904761904767,False
7585,CUST00754,Loom,Open,Critical,Standard,,5.0,4.0,-0.19999999999999996,False
7586,CUST07530,Confluence,Closed,High,Free,5.0,12.0,8.5,-0.29166666666666663,True
7587,CUST02816,Jira,Pending Customer Response,Low,Standard,,14.5,15.5,0.06896551724137923,False
7588,CUST06433,Trello,Pending Customer Response,Low,Enterprise,,17.5,19.0,0.08571428571428563,False
7589,CUST02089,Loom,Closed,Critical,Standard,1.0,22.0,18.0,-0.18181818181818177,False
7590,CUST05397,Trello,Pending Customer Response,Critical,Free,,12.0,10.0,-0.16666666666666663,False
7591,CUST03445,Jira,Closed,High,Free,2.0,20.5,17.0,-0.1707317073170732,False
7592,CUST03329,Loom,Closed,Critical,Premium,2.0,8.0,5.5,-0.3125,True
7593,CUST06068,Jira,Open,Low,Premium,,16.5,18.0,0.09090909090909083,False
7594,CUST04285,Trello,Pending Customer Response,Medium,Enterprise,,30.5,27.5,-0.09836065573770492,False
7595,CUST07381,Bitbucket,Closed,High,Free,5.0,5.5,9.0,0.6363636363636365,False
7596,CUST04016,Trello,Closed,Medium,Enterprise,3.0,29.5,37.5,0.27118644067796605,False
7597,CUST05819,Jira,Pending Customer Response,Medium,Standard,,8.0,11.0,0.375,False
7598,CUST02628,Confluence,Open,Low,Standard,,17.0,15.5,-0.08823529411764708,False
7599,CUST02296,Loom,Closed,Low,Enterprise,3.0,10.5,11.5,0.09523809523809534,False
7600,CUST00544,Jira,Open,Low,Premium,,16.0,11.5,-0.28125,True
7601,CUST03773,Loom,Closed,High,Standard,5.0,12.0,13.0,0.08333333333333326,False
7602,CUST05055,Loom,Closed,Critical,Premium,5.0,12.5,16.5,0.32000000000000006,False
7603,CUST06700,Jira,Pending Customer Response,Critical,Standard,,8.0,10.5,0.3125,False
7604,CUST04940,Bitbucket,Closed,Medium,Standard,2.0,11.5,7.5,-0.34782608695652173,True
7605,CUST01440,Confluence,Pending Customer Response,Medium,Premium,,10.0,7.0,-0.30000000000000004,True
7606,CUST03686,Jira,Open,Critical,Premium,,27.5,27.0,-0.018181818181818188,False
7607,CUST06509,Confluence,Open,High,Standard,,24.5,19.0,-0.22448979591836737,True
7608,CUST07694,Bitbucket,Open,Critical,Free,,16.0,14.0,-0.125,False
7609,CUST01197,Bitbucket,Closed,Medium,Standard,2.0,19.0,19.5,0.026315789473684292,False
7610,CUST07409,Trello,Closed,Critical,Premium,3.0,30.5,25.5,-0.16393442622950816,False
7611,CUST02981,Bitbucket,Open,Medium,Standard,,15.0,17.0,0.1333333333333333,False
7612,CUST04718,Bitbucket,Open,Critical,Free,,8.0,12.5,0.5625,False
7613,CUST06200,Confluence,Closed,Medium,Free,3.0,16.5,12.5,-0.24242424242424243,True
7614,CUST05471,Loom,Open,Low,Free,,3.5,3.5,0.0,False
7615,CUST06819,Jira,Closed,High,Enterprise,2.0,18.5,18.0,-0.027027027027026973,False
7616,CUST00749,Confluence,Pending Customer Response,High,Premium,,25.0,19.0,-0.24,True
7617,CUST04799,Confluence,Open,High,Standard,,10.0,7.0,-0.30000000000000004,True
7618,CUST05830,Confluence,Closed,Low,Standard,1.0,7.5,6.5,-0.1333333333333333,False
7619,CUST01602,Confluence,Closed,Medium,Free,1.0,8.0,6.0,-0.25,True
7620,CUST05096,Loom,Pending Customer Response,Medium,Free,,15.5,10.0,-0.3548387096774194,True
7621,CUST08039,Bitbucket,Open,Medium,Standard,,20.0,24.0,0.19999999999999996,False
7622,CUST03238,Confluence,Pending Customer Response,High,Free,,13.0,9.0,-0.3076923076923077,True
7623,CUST01029,Trello,Open,Low,Standard,,20.0,20.5,0.02499999999999991,False
7624,CUST06926,Bitbucket,Pending Customer Response,Low,Free,,5.0,6.5,0.30000000000000004,False
7625,CUST01460,Confluence,Closed,Medium,Free,2.0,12.0,11.5,-0.04166666666666663,False
7626,CUST00917,Loom,Pending Customer Response,Medium,Standard,,22.5,21.5,-0.0444444444444444,False
7627,CUST04344,Trello,Open,Critical,Enterprise,,10.0,13.5,0.3500000000000001,False
7628,CUST01765,Jira,Closed,Low,Enterprise,5.0,27.0,29.0,0.07407407407407418,False
7629,CUST00262,Bitbucket,Pending Customer Response,Low,Standard,,17.0,22.5,0.32352941176470584,False
7630,CUST06524,Trello,Closed,Medium,Standard,5.0,13.5,11.5,-0.14814814814814814,False
7631,CUST02600,Confluence,Open,Medium,Free,,13.0,12.0,-0.07692307692307687,False
7632,CUST04281,Loom,Pending Customer Response,Medium,Standard,,10.5,13.0,0.23809523809523814,False
7633,CUST02887,Loom,Pending Customer Response,Low,Standard,,12.0,17.5,0.45833333333333326,False
7634,CUST04876,Trello,Open,Low,Enterprise,,13.5,13.5,0.0,False
7635,CUST02321,Bitbucket,Closed,Critical,Free,4.0,18.0,21.0,0.16666666666666674,False
7636,CUST01926,Confluence,Pending Customer Response,Low,Free,,6.5,2.0,-0.6923076923076923,True
7637,CUST05499,Confluence,Pending Customer Response,Critical,Standard,,11.0,11.5,0.045454545454545414,False
7638,CUST01892,Trello,Pending Customer Response,High,Premium,,6.0,11.0,0.8333333333333333,False
7639,CUST04642,Jira,Open,Low,Free,,20.0,21.5,0.07499999999999996,False
7640,CUST01836,Confluence,Open,Low,Standard,,22.0,20.5,-0.06818181818181823,False
7641,CUST00889,Bitbucket,Pending Customer Response,Medium,Free,,9.5,11.0,0.1578947368421053,False
7642,CUST03758,Bitbucket,Pending Customer Response,Medium,Standard,,8.5,9.0,0.05882352941176472,False
7643,CUST00447,Jira,Pending Customer Response,Low,Standard,,16.0,18.5,0.15625,False
7644,CUST02493,Confluence,Open,Critical,Premium,,15.5,11.5,-0.25806451612903225,True
7645,CUST00502,Confluence,Closed,Critical,Premium,1.0,18.5,18.5,0.0,False
7646,CUST01366,Jira,Open,Critical,Premium,,20.0,21.0,0.050000000000000044,False
7647,CUST02360,Trello,Closed,High,Free,5.0,2.5,8.5,2.4,False
7648,CUST04507,Trello,Closed,High,Enterprise,2.0,12.5,13.0,0.040000000000000036,False
7649,CUST08189,Bitbucket,Closed,High,Premium,1.0,15.0,14.0,-0.06666666666666665,False
7650,CUST02748,Trello,Open,Medium,Standard,,21.5,21.5,0.0,False
7651,CUST00901,Bitbucket,Open,Medium,Free,,14.5,12.5,-0.13793103448275867,False
7652,CUST03574,Trello,Open,Critical,Enterprise,,21.0,24.0,0.1428571428571428,False
7653,CUST05294,Confluence,Pending Customer Response,Medium,Free,,16.5,12.5,-0.24242424242424243,True
7654,CUST02857,Trello,Pending Customer Response,Critical,Standard,,38.5,32.5,-0.1558441558441559,False
7655,CUST03859,Trello,Closed,Low,Enterprise,5.0,22.0,16.5,-0.25,True
7656,CUST02420,Jira,Pending Customer Response,Critical,Premium,,26.5,29.0,0.09433962264150941,False
7657,CUST07405,Trello,Open,Medium,Premium,,19.5,18.0,-0.07692307692307687,False
7658,CUST02723,Bitbucket,Open,Critical,Premium,,25.0,25.0,0.0,False
7659,CUST00991,Trello,Open,Critical,Premium,,38.5,37.0,-0.038961038961038974,False
7660,CUST02770,Bitbucket,Open,Medium,Standard,,7.5,11.0,0.46666666666666656,False
7661,CUST06341,Jira,Closed,Low,Free,5.0,8.5,9.5,0.11764705882352944,False
7662,CUST04504,Jira,Closed,Medium,Standard,4.0,9.5,6.5,-0.3157894736842105,True
7663,CUST02849,Confluence,Pending Customer Response,Medium,Premium,,32.0,32.0,0.0,False
7664,CUST03473,Bitbucket,Open,Critical,Standard,,10.5,9.0,-0.1428571428571429,False
7665,CUST06293,Loom,Open,Critical,Enterprise,,30.5,26.0,-0.14754098360655743,False
7666,CUST00954,Bitbucket,Closed,Medium,Premium,5.0,14.0,18.5,0.3214285714285714,False
7667,CUST02337,Loom,Pending Customer Response,High,Premium,,15.5,15.5,0.0,False
7668,CUST08130,Trello,Pending Customer Response,Critical,Standard,,11.0,16.0,0.4545454545454546,False
7669,CUST03950,Confluence,Open,High,Enterprise,,21.5,21.5,0.0,False
7670,CUST07132,Trello,Open,Critical,Free,,5.0,11.5,1.2999999999999998,False
7671,CUST05922,Confluence,Pending Customer Response,Low,Standard,,19.5,21.0,0.07692307692307687,False
7672,CUST06074,Confluence,Pending Customer Response,Critical,Free,,7.5,9.5,0.2666666666666666,False
7673,CUST06035,Jira,Open,Medium,Standard,,16.5,13.5,-0.18181818181818177,False
7674,CUST05701,Jira,Open,Critical,Premium,,10.5,16.5,0.5714285714285714,False
7675,CUST01377,Jira,Pending Customer Response,Low,Premium,,24.5,19.0,-0.22448979591836737,True
7676,CUST06054,Bitbucket,Closed,High,Standard,4.0,15.5,17.0,0.09677419354838701,False
7677,CUST05046,Bitbucket,Closed,Low,Free,4.0,14.0,17.0,0.2142857142857142,False
7678,CUST02117,Jira,Closed,Critical,Standard,1.0,27.5,25.0,-0.09090909090909094,False
7679,CUST01634,Bitbucket,Closed,Critical,Premium,3.0,58.5,59.0,0.008547008547008517,False
7680,CUST07285,Jira,Open,Critical,Premium,,17.5,15.5,-0.11428571428571432,False
7681,CUST03251,Trello,Open,Critical,Standard,,19.0,17.5,-0.07894736842105265,False
7682,CUST04832,Jira,Pending Customer Response,Low,Premium,,21.0,21.0,0.0,False
7683,CUST01196,Confluence,Closed,Low,Premium,4.0,23.0,20.0,-0.13043478260869568,False
7684,CUST05837,Confluence,Pending Customer Response,High,Standard,,18.0,14.5,-0.19444444444444442,False
7685,CUST07958,Bitbucket,Pending Customer Response,High,Standard,,25.5,29.0,0.13725490196078427,False
7686,CUST07787,Loom,Closed,High,Premium,3.0,5.5,5.5,0.0,False
7687,CUST00364,Loom,Closed,Medium,Standard,5.0,10.0,10.0,0.0,False
7688,CUST06357,Confluence,Open,Critical,Standard,,13.5,15.0,0.11111111111111116,False
7689,CUST04608,Bitbucket,Pending Customer Response,Critical,Premium,,28.0,21.5,-0.2321428571428571,True
7690,CUST00651,Confluence,Pending Customer Response,High,Premium,,17.5,14.5,-0.17142857142857137,False
7691,CUST01324,Loom,Pending Customer Response,Medium,Premium,,7.0,6.5,-0.0714285714285714,False
7692,CUST02943,Jira,Pending Customer Response,Medium,Premium,,25.5,23.0,-0.0980392156862745,False
7693,CUST03811,Confluence,Closed,Critical,Standard,1.0,22.0,20.0,-0.09090909090909094,False
7694,CUST02405,Loom,Open,Low,Premium,,14.5,16.0,0.10344827586206895,False
7695,CUST01466,Jira,Open,Medium,Free,,11.0,8.0,-0.2727272727272727,True
7696,CUST04351,Trello,Pending Customer Response,Medium,Standard,,26.5,21.0,-0.2075471698113207,True
7697,CUST03711,Trello,Closed,Low,Standard,5.0,17.0,16.5,-0.02941176470588236,False
7698,CUST06874,Confluence,Open,Critical,Premium,,22.5,17.5,-0.2222222222222222,True
7699,CUST00593,Bitbucket,Open,Low,Premium,,20.5,21.0,0.024390243902439046,False
7700,CUST05696,Bitbucket,Closed,High,Free,1.0,4.0,5.0,0.25,False
7701,CUST07452,Confluence,Closed,High,Standard,4.0,13.0,16.5,0.26923076923076916,False
7702,CUST00333,Jira,Open,Critical,Enterprise,,14.5,13.5,-0.06896551724137934,False
7703,CUST00926,Confluence,Closed,Medium,Free,3.0,11.0,9.5,-0.13636363636363635,False
7704,CUST00019,Loom,Open,Low,Standard,,19.0,16.0,-0.1578947368421053,False
7705,CUST08296,Loom,Pending Customer Response,Low,Standard,,9.5,9.5,0.0,False
7706,CUST00247,Bitbucket,Pending Customer Response,Low,Free,,3.5,6.5,0.8571428571428572,False
7707,CUST02178,Loom,Pending Customer Response,Medium,Free,,2.0,7.5,2.75,False
7708,CUST05737,Confluence,Pending Customer Response,Low,Standard,,20.0,19.0,-0.050000000000000044,False
7709,CUST06311,Bitbucket,Open,High,Standard,,10.5,12.0,0.1428571428571428,False
7710,CUST00906,Bitbucket,Open,Critical,Standard,,26.5,26.0,-0.018867924528301883,False
7711,CUST04062,Bitbucket,Closed,Critical,Standard,5.0,28.0,27.5,-0.017857142857142905,False
7712,CUST06320,Confluence,Open,Low,Premium,,17.0,16.5,-0.02941176470588236,False
7713,CUST07385,Loom,Open,Medium,Standard,,17.0,16.5,-0.02941176470588236,False
7714,CUST05967,Jira,Open,Low,Enterprise,,24.0,17.5,-0.27083333333333337,True
7715,CUST04733,Jira,Open,Low,Premium,,7.0,5.0,-0.2857142857142857,True
7716,CUST06481,Loom,Pending Customer Response,Critical,Standard,,11.0,13.0,0.18181818181818188,False
7717,CUST02673,Jira,Open,Medium,Enterprise,,63.5,65.5,0.03149606299212593,False
7718,CUST01813,Confluence,Open,Medium,Free,,15.5,20.0,0.29032258064516125,False
7719,CUST03076,Bitbucket,Open,Medium,Standard,,21.5,19.5,-0.09302325581395354,False
7720,CUST07151,Trello,Closed,Medium,Premium,4.0,26.5,18.5,-0.30188679245283023,True
7721,CUST03856,Loom,Pending Customer Response,Medium,Enterprise,,19.0,20.0,0.05263157894736836,False
7722,CUST04589,Trello,Open,Critical,Premium,,23.0,23.5,0.021739130434782705,False
7723,CUST00445,Confluence,Pending Customer Response,High,Standard,,10.0,10.5,0.050000000000000044,False
7724,CUST05092,Trello,Pending Customer Response,High,Standard,,10.0,13.0,0.30000000000000004,False
7725,CUST03990,Trello,Closed,Critical,Premium,1.0,13.0,14.5,0.11538461538461542,False
7726,CUST02767,Bitbucket,Pending Customer Response,High,Standard,,9.0,12.5,0.38888888888888884,False
7727,CUST05826,Trello,Pending Customer Response,Low,Standard,,11.5,8.0,-0.30434782608695654,True
7728,CUST03239,Trello,Open,Low,Standard,,30.0,27.5,-0.08333333333333337,False
7729,CUST00251,Trello,Closed,Critical,Standard,1.0,12.0,11.0,-0.08333333333333337,False
7730,CUST06847,Bitbucket,Closed,Medium,Standard,5.0,10.0,15.0,0.5,False
7731,CUST06333,Confluence,Open,Critical,Free,,14.0,9.5,-0.3214285714285714,True
7732,CUST03318,Trello,Pending Customer Response,Critical,Premium,,25.5,26.5,0.03921568627450989,False
7733,CUST01873,Confluence,Open,High,Enterprise,,22.0,13.0,-0.40909090909090906,True
7734,CUST02500,Trello,Open,Low,Premium,,13.0,15.5,0.1923076923076923,False
7735,CUST04889,Bitbucket,Pending Customer Response,Critical,Premium,,22.5,17.5,-0.2222222222222222,True
7736,CUST02687,Bitbucket,Open,Critical,Enterprise,,26.0,22.0,-0.15384615384615385,False
7737,CUST04443,Confluence,Pending Customer Response,Critical,Standard,,6.5,5.5,-0.15384615384615385,False
7738,CUST01785,Bitbucket,Closed,Medium,Premium,3.0,18.0,19.5,0.08333333333333326,False
7739,CUST02118,Trello,Pending Customer Response,Critical,Enterprise,,21.5,19.0,-0.11627906976744184,False
7740,CUST06590,Confluence,Pending Customer Response,High,Standard,,15.5,11.0,-0.29032258064516125,True
7741,CUST05348,Trello,Pending Customer Response,Low,Free,,7.0,10.5,0.5,False
7742,CUST07242,Jira,Open,Low,Free,,6.0,8.5,0.41666666666666674,False
7743,CUST03693,Bitbucket,Open,High,Premium,,23.0,23.0,0.0,False
7744,CUST05748,Trello,Pending Customer Response,Critical,Standard,,7.0,11.5,0.6428571428571428,False
7745,CUST04950,Jira,Closed,Low,Standard,3.0,30.5,27.0,-0.11475409836065575,False
7746,CUST06309,Loom,Open,Critical,Enterprise,,13.5,9.0,-0.33333333333333337,True
7747,CUST01373,Loom,Pending Customer Response,High,Premium,,14.0,14.5,0.03571428571428581,False
7748,CUST01827,Jira,Open,Critical,Premium,,25.5,21.0,-0.17647058823529416,False
7749,CUST01925,Loom,Open,High,Standard,,9.5,11.5,0.21052631578947367,False
7750,CUST08255,Confluence,Open,Medium,Free,,11.5,8.5,-0.26086956521739135,True
7751,CUST06004,Confluence,Closed,Medium,Premium,3.0,21.5,19.5,-0.09302325581395354,False
7752,CUST05851,Loom,Pending Customer Response,High,Standard,,12.0,10.0,-0.16666666666666663,False
7753,CUST00913,Loom,Open,Low,Premium,,19.0,19.5,0.026315789473684292,False
7754,CUST04712,Jira,Pending Customer Response,High,Enterprise,,18.0,18.5,0.02777777777777768,False
7755,CUST07277,Confluence,Pending Customer Response,Low,Enterprise,,24.5,25.0,0.020408163265306145,False
7756,CUST01479,Trello,Pending Customer Response,Medium,Standard,,11.5,10.0,-0.13043478260869568,False
7757,CUST04161,Loom,Closed,Critical,Standard,3.0,12.0,11.0,-0.08333333333333337,False
7758,CUST06535,Loom,Pending Customer Response,Medium,Free,,8.5,9.5,0.11764705882352944,False
7759,CUST01227,Jira,Pending Customer Response,Low,Standard,,28.0,32.5,0.1607142857142858,False
7760,CUST07247,Trello,Pending Customer Response,Critical,Standard,,20.0,18.5,-0.07499999999999996,False
7761,CUST08205,Loom,Open,High,Premium,,15.5,15.0,-0.032258064516129004,False
7762,CUST07041,Jira,Open,High,Standard,,18.5,14.5,-0.21621621621621623,True
7763,CUST08004,Bitbucket,Pending Customer Response,Critical,Premium,,24.5,24.5,0.0,False
7764,CUST03486,Bitbucket,Pending Customer Response,Critical,Standard,,9.5,8.0,-0.1578947368421053,False
7765,CUST03679,Bitbucket,Closed,Medium,Standard,3.0,15.5,15.0,-0.032258064516129004,False
7766,CUST05874,Confluence,Closed,Medium,Standard,4.0,27.0,21.5,-0.20370370370370372,True
7767,CUST06425,Loom,Closed,High,Free,4.0,10.0,4.5,-0.55,True
7768,CUST01530,Bitbucket,Pending Customer Response,Critical,Premium,,63.5,65.0,0.023622047244094446,False
7769,CUST06515,Trello,Closed,Medium,Standard,2.0,21.0,21.5,0.023809523809523725,False
7770,CUST02954,Confluence,Pending Customer Response,Medium,Premium,,9.5,9.5,0.0,False
7771,CUST01486,Trello,Pending Customer Response,Medium,Standard,,20.0,16.5,-0.17500000000000004,False
7772,CUST02998,Confluence,Open,Low,Enterprise,,13.5,13.5,0.0,False
7773,CUST04052,Loom,Pending Customer Response,High,Standard,,5.5,15.5,1.8181818181818183,False
7774,CUST06559,Jira,Open,Critical,Premium,,23.5,24.5,0.042553191489361764,False
7775,CUST01973,Confluence,Closed,Medium,Premium,2.0,12.0,12.0,0.0,False
7776,CUST02798,Bitbucket,Open,Critical,Premium,,17.0,14.5,-0.1470588235294118,False
7777,CUST06273,Bitbucket,Open,Critical,Premium,,10.5,15.0,0.4285714285714286,False
7778,CUST08024,Jira,Closed,Low,Standard,1.0,13.5,6.0,-0.5555555555555556,True
7779,CUST00421,Trello,Closed,High,Standard,2.0,18.0,15.5,-0.13888888888888884,False
7780,CUST07853,Trello,Open,Low,Premium,,23.0,20.0,-0.13043478260869568,False
7781,CUST04649,Bitbucket,Pending Customer Response,Critical,Free,,10.5,9.0,-0.1428571428571429,False
7782,CUST07383,Jira,Open,Low,Premium,,17.0,15.5,-0.08823529411764708,False
7783,CUST02817,Bitbucket,Closed,Critical,Premium,4.0,18.0,17.0,-0.05555555555555558,False
7784,CUST01861,Confluence,Open,Low,Standard,,7.5,12.5,0.6666666666666667,False
7785,CUST04024,Loom,Pending Customer Response,High,Standard,,24.5,28.0,0.1428571428571428,False
7786,CUST02044,Jira,Open,Medium,Enterprise,,19.5,22.0,0.1282051282051282,False
7787,CUST06285,Bitbucket,Open,Low,Standard,,11.0,15.5,0.40909090909090917,False
7788,CUST06855,Jira,Open,Medium,Premium,,13.5,14.5,0.07407407407407418,False
7789,CUST04853,Confluence,Closed,Low,Premium,5.0,17.0,16.5,-0.02941176470588236,False
7790,CUST05937,Confluence,Pending Customer Response,Critical,Standard,,6.0,8.0,0.33333333333333326,False
7791,CUST01100,Confluence,Open,Medium,Standard,,10.5,13.0,0.23809523809523814,False
7792,CUST05287,Confluence,Open,Medium,Standard,,27.5,33.0,0.19999999999999996,False
7793,CUST00824,Loom,Closed,Critical,Premium,2.0,14.5,14.5,0.0,False
7794,CUST07377,Confluence,Open,High,Premium,,14.0,12.5,-0.1071428571428571,False
7795,CUST07521,Bitbucket,Closed,Critical,Premium,5.0,16.5,14.5,-0.12121212121212122,False
7796,CUST00025,Jira,Open,Critical,Free,,28.0,27.0,-0.0357142857142857,False
7797,CUST00929,Loom,Pending Customer Response,Low,Standard,,12.0,14.5,0.20833333333333326,False
7798,CUST04444,Trello,Pending Customer Response,High,Premium,,17.0,12.5,-0.2647058823529411,True
7799,CUST00733,Bitbucket,Closed,Medium,Premium,4.0,11.0,11.0,0.0,False
7800,CUST02332,Bitbucket,Open,Low,Standard,,22.5,20.0,-0.11111111111111116,False
7801,CUST07262,Loom,Closed,Critical,Standard,2.0,11.0,6.5,-0.40909090909090906,True
7802,CUST00647,Confluence,Open,Low,Standard,,20.5,24.0,0.1707317073170731,False
7803,CUST06877,Jira,Pending Customer Response,Low,Standard,,23.5,21.0,-0.1063829787234043,False
7804,CUST03439,Loom,Closed,Critical,Premium,5.0,14.0,13.0,-0.0714285714285714,False
7805,CUST01851,Trello,Pending Customer Response,Medium,Standard,,6.5,11.0,0.6923076923076923,False
7806,CUST07089,Jira,Closed,Low,Free,5.0,15.5,12.5,-0.19354838709677424,False
7807,CUST07174,Jira,Open,High,Premium,,31.5,30.0,-0.04761904761904767,False
7808,CUST01541,Bitbucket,Pending Customer Response,High,Free,,20.0,20.0,0.0,False
7809,CUST02449,Loom,Pending Customer Response,Medium,Premium,,21.5,24.5,0.13953488372093026,False
7810,CUST02080,Loom,Pending Customer Response,Low,Enterprise,,8.5,11.5,0.3529411764705883,False
7811,CUST04795,Bitbucket,Open,Medium,Standard,,21.0,21.5,0.023809523809523725,False
7812,CUST03949,Trello,Pending Customer Response,High,Enterprise,,20.5,29.5,0.4390243902439024,False
7813,CUST00804,Trello,Closed,High,Free,3.0,10.0,9.5,-0.050000000000000044,False
7814,CUST01953,Loom,Open,Low,Standard,,9.5,9.5,0.0,False
7815,CUST07883,Loom,Pending Customer Response,Medium,Premium,,16.0,19.0,0.1875,False
7816,CUST07925,Confluence,Pending Customer Response,Critical,Standard,,10.5,11.5,0.09523809523809534,False
7817,CUST05261,Loom,Open,Critical,Standard,,11.0,14.0,0.2727272727272727,False
7818,CUST07391,Loom,Pending Customer Response,Critical,Premium,,11.0,6.5,-0.40909090909090906,True
7819,CUST07360,Bitbucket,Pending Customer Response,Critical,Premium,,28.0,22.0,-0.2142857142857143,True
7820,CUST00280,Trello,Pending Customer Response,High,Standard,,8.0,4.0,-0.5,True
7821,CUST00585,Jira,Closed,Low,Enterprise,4.0,14.0,14.0,0.0,False
7822,CUST00583,Confluence,Open,High,Standard,,19.0,17.0,-0.10526315789473684,False
7823,CUST00178,Loom,Closed,High,Standard,2.0,15.0,16.0,0.06666666666666665,False
7824,CUST08145,Confluence,Pending Customer Response,High,Standard,,9.0,11.5,0.2777777777777777,False
7825,CUST03369,Jira,Open,Critical,Premium,,25.0,24.5,-0.020000000000000018,False
7826,CUST05233,Loom,Pending Customer Response,Medium,Premium,,14.0,19.5,0.3928571428571428,False
7827,CUST03732,Bitbucket,Closed,Low,Standard,1.0,16.0,13.5,-0.15625,False
7828,CUST01991,Trello,Open,Medium,Premium,,8.5,8.5,0.0,False
7829,CUST07141,Jira,Pending Customer Response,Medium,Free,,7.5,10.5,0.3999999999999999,False
7830,CUST04434,Bitbucket,Pending Customer Response,High,Standard,,11.0,19.5,0.7727272727272727,False
7831,CUST06419,Jira,Pending Customer Response,Medium,Premium,,19.5,17.0,-0.1282051282051282,False
7832,CUST04817,Jira,Pending Customer Response,High,Standard,,27.0,26.5,-0.01851851851851849,False
7833,CUST07165,Jira,Pending Customer Response,Low,Enterprise,,27.0,21.5,-0.20370370370370372,True
7834,CUST05109,Trello,Pending Customer Response,Low,Standard,,35.5,36.5,0.028169014084507005,False
7835,CUST07851,Jira,Closed,Low,Premium,4.0,54.0,47.0,-0.12962962962962965,False
7836,CUST05009,Confluence,Open,High,Premium,,28.5,26.0,-0.08771929824561409,False
7837,CUST00756,Loom,Pending Customer Response,High,Free,,17.0,14.5,-0.1470588235294118,False
7838,CUST04612,Trello,Closed,Low,Enterprise,4.0,18.0,21.0,0.16666666666666674,False
7839,CUST05341,Trello,Pending Customer Response,Medium,Standard,,12.5,14.0,0.1200000000000001,False
7840,CUST05514,Confluence,Open,Low,Premium,,9.5,10.5,0.10526315789473695,False
7841,CUST01557,Bitbucket,Open,High,Premium,,19.5,21.0,0.07692307692307687,False
7842,CUST03763,Trello,Closed,Medium,Enterprise,4.0,27.0,28.0,0.03703703703703698,False
7843,CUST03026,Trello,Closed,Critical,Enterprise,1.0,23.0,19.0,-0.17391304347826086,False
7844,CUST08090,Loom,Pending Customer Response,High,Premium,,27.0,20.0,-0.2592592592592593,True
7845,CUST02681,Confluence,Pending Customer Response,Critical,Free,,9.0,6.0,-0.33333333333333337,True
7846,CUST07407,Bitbucket,Pending Customer Response,Low,Standard,,24.5,21.0,-0.1428571428571429,False
7847,CUST00777,Loom,Pending Customer Response,Critical,Premium,,22.0,20.0,-0.09090909090909094,False
7848,CUST06477,Jira,Open,Low,Standard,,21.0,26.5,0.26190476190476186,False
7849,CUST05210,Trello,Open,Low,Standard,,34.5,35.0,0.01449275362318847,False
7850,CUST07550,Loom,Open,Medium,Standard,,7.5,13.0,0.7333333333333334,False
7851,CUST05064,Jira,Closed,Medium,Premium,5.0,34.5,42.0,0.21739130434782616,False
7852,CUST02801,Trello,Open,High,Standard,,16.0,18.5,0.15625,False
7853,CUST00633,Confluence,Pending Customer Response,Critical,Standard,,22.0,17.5,-0.20454545454545459,True
7854,CUST01736,Loom,Open,Critical,Free,,6.5,5.0,-0.23076923076923073,True
7855,CUST06081,Trello,Open,Medium,Free,,9.0,12.0,0.33333333333333326,False
7856,CUST06783,Jira,Open,Low,Enterprise,,21.0,21.5,0.023809523809523725,False
7857,CUST03073,Bitbucket,Open,Critical,Standard,,15.0,12.5,-0.16666666666666663,False
7858,CUST06632,Confluence,Pending Customer Response,Medium,Free,,11.0,11.0,0.0,False
7859,CUST02837,Trello,Open,Critical,Standard,,16.5,14.0,-0.1515151515151515,False
7860,CUST02379,Trello,Closed,Low,Premium,5.0,26.5,23.5,-0.1132075471698113,False
7861,CUST04354,Trello,Pending Customer Response,Critical,Premium,,16.5,16.0,-0.030303030303030276,False
7862,CUST00272,Bitbucket,Pending Customer Response,Medium,Free,,16.0,13.5,-0.15625,False
7863,CUST00830,Jira,Pending Customer Response,High,Premium,,32.5,34.5,0.06153846153846154,False
7864,CUST02107,Confluence,Closed,Critical,Standard,3.0,13.5,12.5,-0.07407407407407407,False
7865,CUST01472,Jira,Open,High,Premium,,26.5,24.0,-0.09433962264150941,False
7866,CUST07423,Confluence,Open,Medium,Premium,,11.0,12.0,0.09090909090909083,False
7867,CUST04937,Jira,Open,Medium,Free,,10.5,11.0,0.04761904761904767,False
7868,CUST02476,Trello,Open,Low,Standard,,13.0,14.0,0.07692307692307687,False
7869,CUST04734,Loom,Pending Customer Response,Low,Free,,9.0,6.0,-0.33333333333333337,True
7870,CUST07226,Confluence,Pending Customer Response,Low,Standard,,17.5,17.0,-0.02857142857142858,False
7871,CUST07400,Confluence,Open,High,Premium,,33.0,30.5,-0.0757575757575758,False
7872,CUST02640,Loom,Pending Customer Response,Critical,Free,,5.0,3.0,-0.4,True
7873,CUST01386,Jira,Open,High,Standard,,28.0,26.5,-0.0535714285714286,False
7874,CUST06721,Bitbucket,Open,Medium,Premium,,47.0,40.0,-0.14893617021276595,False
7875,CUST01804,Bitbucket,Closed,Critical,Free,3.0,11.5,9.0,-0.21739130434782605,True
7876,CUST01063,Bitbucket,Open,Critical,Standard,,16.0,18.0,0.125,False
7877,CUST02323,Bitbucket,Closed,Low,Standard,2.0,24.0,25.0,0.04166666666666674,False
7878,CUST07127,Loom,Closed,High,Enterprise,2.0,16.5,16.0,-0.030303030303030276,False
7879,CUST03580,Confluence,Open,Medium,Premium,,43.0,47.0,0.09302325581395343,False
7880,CUST03361,Jira,Pending Customer Response,Medium,Standard,,30.5,27.0,-0.11475409836065575,False
7881,CUST06093,Trello,Pending Customer Response,High,Free,,15.5,14.5,-0.06451612903225812,False
7882,CUST00644,Loom,Pending Customer Response,Low,Standard,,14.0,11.5,-0.1785714285714286,False
7883,CUST06344,Bitbucket,Closed,Low,Premium,5.0,23.0,24.5,0.0652173913043479,False
7884,CUST00281,Confluence,Closed,Low,Free,5.0,5.5,7.0,0.2727272727272727,False
7885,CUST03135,Loom,Closed,Medium,Standard,1.0,10.0,3.0,-0.7,True
7886,CUST00002,Loom,Pending Customer Response,High,Standard,,17.0,12.0,-0.2941176470588235,True
7887,CUST04133,Loom,Pending Customer Response,Low,Standard,,15.5,10.5,-0.32258064516129037,True
7888,CUST01273,Bitbucket,Closed,Medium,Free,1.0,4.5,7.0,0.5555555555555556,False
7889,CUST03577,Bitbucket,Closed,Medium,Standard,3.0,17.5,18.0,0.02857142857142847,False
7890,CUST03546,Loom,Pending Customer Response,Medium,Premium,,28.5,33.0,0.1578947368421053,False
7891,CUST06771,Confluence,Open,Medium,Standard,,14.5,16.5,0.13793103448275867,False
7892,CUST03664,Jira,Pending Customer Response,Critical,Free,,6.5,4.0,-0.3846153846153846,True
7893,CUST06487,Bitbucket,Open,Medium,Premium,,25.0,20.0,-0.19999999999999996,False
7894,CUST04290,Bitbucket,Closed,High,Enterprise,5.0,18.0,24.0,0.33333333333333326,False
7895,CUST07737,Confluence,Closed,Critical,Free,5.0,5.5,7.5,0.36363636363636354,False
7896,CUST05828,Bitbucket,Closed,Medium,Enterprise,2.0,43.0,43.5,0.011627906976744207,False
7897,CUST01320,Confluence,Closed,Critical,Free,3.0,13.0,12.5,-0.038461538461538436,False
7898,CUST05697,Trello,Pending Customer Response,Low,Standard,,36.5,31.5,-0.136986301369863,False
7899,CUST04204,Bitbucket,Open,Low,Free,,12.0,9.0,-0.25,True
7900,CUST03792,Jira,Pending Customer Response,Critical,Free,,12.0,12.5,0.04166666666666674,False
7901,CUST07109,Bitbucket,Open,Critical,Premium,,16.5,19.0,0.1515151515151516,False
7902,CUST01543,Confluence,Open,Medium,Premium,,17.0,19.5,0.1470588235294117,False
7903,CUST00655,Loom,Open,High,Standard,,7.5,6.5,-0.1333333333333333,False
7904,CUST01845,Confluence,Closed,Medium,Enterprise,4.0,17.0,14.0,-0.17647058823529416,False
7905,CUST01069,Loom,Closed,Medium,Standard,2.0,10.0,11.0,0.10000000000000009,False
7906,CUST06088,Bitbucket,Open,High,Enterprise,,39.5,44.5,0.12658227848101267,False
7907,CUST01759,Bitbucket,Closed,Critical,Standard,4.0,24.0,24.5,0.02083333333333326,False
7908,CUST07894,Jira,Closed,Critical,Enterprise,4.0,17.0,23.5,0.38235294117647056,False
7909,CUST06379,Confluence,Closed,Medium,Premium,4.0,33.5,29.5,-0.11940298507462688,False
7910,CUST00219,Loom,Closed,Medium,Premium,2.0,12.5,13.0,0.040000000000000036,False
7911,CUST06180,Confluence,Closed,Low,Free,1.0,13.5,12.0,-0.11111111111111116,False
7912,CUST06925,Confluence,Open,Medium,Standard,,13.0,15.5,0.1923076923076923,False
7913,CUST06608,Bitbucket,Pending Customer Response,Critical,Premium,,24.0,22.5,-0.0625,False
7914,CUST02552,Jira,Open,Low,Free,,10.0,12.0,0.19999999999999996,False
7915,CUST04915,Bitbucket,Open,Critical,Free,,9.5,11.0,0.1578947368421053,False
7916,CUST08013,Loom,Pending Customer Response,Medium,Standard,,5.5,2.5,-0.5454545454545454,True
7917,CUST00730,Bitbucket,Pending Customer Response,Critical,Free,,9.5,11.0,0.1578947368421053,False
7918,CUST07167,Confluence,Open,Medium,Enterprise,,15.0,10.0,-0.33333333333333337,True
7919,CUST03051,Jira,Closed,Medium,Premium,3.0,14.0,19.5,0.3928571428571428,False
7920,CUST01496,Bitbucket,Closed,Low,Premium,5.0,24.5,19.5,-0.20408163265306123,True
7921,CUST03043,Confluence,Closed,Critical,Standard,4.0,14.0,16.0,0.1428571428571428,False
7922,CUST05787,Loom,Open,High,Free,,3.5,7.0,1.0,False
7923,CUST05424,Jira,Closed,Low,Standard,1.0,24.0,23.5,-0.02083333333333337,False
7924,CUST01318,Confluence,Pending Customer Response,High,Enterprise,,37.5,37.5,0.0,False
7925,CUST02632,Trello,Closed,High,Standard,3.0,24.5,23.5,-0.04081632653061229,False
7926,CUST05231,Trello,Closed,Low,Free,3.0,11.0,10.5,-0.045454545454545414,False
7927,CUST05111,Loom,Open,Critical,Free,,7.0,12.5,0.7857142857142858,False
7928,CUST05728,Loom,Pending Customer Response,Medium,Free,,9.5,7.0,-0.26315789473684215,True
7929,CUST03657,Loom,Open,Low,Premium,,7.5,14.0,0.8666666666666667,False
7930,CUST08180,Confluence,Closed,Low,Standard,4.0,19.5,20.0,0.02564102564102555,False
7931,CUST02847,Jira,Open,Medium,Standard,,14.0,11.5,-0.1785714285714286,False
7932,CUST01594,Bitbucket,Pending Customer Response,Medium,Free,,6.0,5.5,-0.08333333333333337,False
7933,CUST03699,Loom,Pending Customer Response,Critical,Standard,,16.5,21.0,0.2727272727272727,False
7934,CUST04865,Bitbucket,Pending Customer Response,Medium,Standard,,10.0,9.5,-0.050000000000000044,False
7935,CUST07949,Loom,Closed,Critical,Free,2.0,8.5,8.5,0.0,False
7936,CUST03368,Trello,Open,Medium,Free,,12.0,7.0,-0.41666666666666663,True
7937,CUST07834,Confluence,Open,Low,Enterprise,,30.0,25.5,-0.15000000000000002,False
7938,CUST01317,Trello,Pending Customer Response,Low,Free,,7.5,10.5,0.3999999999999999,False
7939,CUST03187,Jira,Pending Customer Response,Critical,Premium,,29.5,26.0,-0.11864406779661019,False
7940,CUST03731,Trello,Closed,Low,Standard,5.0,15.0,14.5,-0.033333333333333326,False
7941,CUST06813,Jira,Pending Customer Response,Critical,Premium,,25.5,21.0,-0.17647058823529416,False
7942,CUST02225,Jira,Pending Customer Response,Critical,Enterprise,,18.0,17.0,-0.05555555555555558,False
7943,CUST07982,Trello,Open,High,Free,,8.0,9.5,0.1875,False
7944,CUST06674,Loom,Open,Medium,Premium,,14.5,19.5,0.3448275862068966,False
7945,CUST02544,Bitbucket,Closed,Critical,Free,1.0,12.0,16.5,0.375,False
7946,CUST05262,Loom,Open,Critical,Free,,2.0,2.5,0.25,False
7947,CUST03965,Jira,Pending Customer Response,High,Premium,,12.0,10.5,-0.125,False
7948,CUST05329,Loom,Closed,Medium,Standard,4.0,16.5,18.5,0.1212121212121211,False
7949,CUST04884,Jira,Closed,Medium,Premium,5.0,45.0,45.0,0.0,False
7950,CUST06337,Loom,Open,Low,Standard,,15.5,10.5,-0.32258064516129037,True
7951,CUST04847,Loom,Open,Medium,Free,,4.5,3.0,-0.33333333333333337,True
7952,CUST06543,Confluence,Open,High,Standard,,14.0,14.5,0.03571428571428581,False
7953,CUST00682,Confluence,Pending Customer Response,Medium,Standard,,14.5,8.5,-0.4137931034482759,True
7954,CUST06358,Loom,Closed,Critical,Premium,4.0,10.5,8.0,-0.23809523809523814,True
7955,CUST00559,Bitbucket,Pending Customer Response,High,Premium,,39.5,29.5,-0.25316455696202533,True
7956,CUST01152,Loom,Closed,Medium,Standard,4.0,14.5,15.5,0.06896551724137923,False
7957,CUST02860,Bitbucket,Closed,Low,Enterprise,3.0,12.5,17.5,0.3999999999999999,False
7958,CUST01732,Bitbucket,Pending Customer Response,Medium,Premium,,19.0,20.0,0.05263157894736836,False
7959,CUST00983,Jira,Open,Critical,Free,,15.0,11.0,-0.2666666666666667,True
7960,CUST00635,Bitbucket,Open,Low,Enterprise,,23.0,22.0,-0.04347826086956519,False
7961,CUST03643,Loom,Closed,High,Standard,3.0,11.0,12.0,0.09090909090909083,False
7962,CUST05106,Trello,Open,Critical,Free,,19.5,16.0,-0.17948717948717952,False
7963,CUST02238,Confluence,Pending Customer Response,Critical,Premium,,14.0,16.0,0.1428571428571428,False
7964,CUST05292,Confluence,Pending Customer Response,Low,Standard,,23.0,15.5,-0.32608695652173914,True
7965,CUST05498,Trello,Closed,Low,Free,4.0,1.0,6.5,5.5,False
7966,CUST00958,Bitbucket,Pending Customer Response,Low,Standard,,22.0,25.5,0.15909090909090917,False
7967,CUST07979,Confluence,Pending Customer Response,High,Standard,,18.5,20.5,0.10810810810810811,False
7968,CUST01457,Jira,Pending Customer Response,High,Free,,6.5,9.5,0.46153846153846145,False
7969,CUST04175,Confluence,Pending Customer Response,Critical,Standard,,23.0,21.0,-0.08695652173913049,False
7970,CUST04160,Trello,Closed,High,Standard,1.0,12.0,13.5,0.125,False
7971,CUST03055,Loom,Open,Medium,Standard,,6.5,10.0,0.5384615384615385,False
7972,CUST05288,Jira,Pending Customer Response,Medium,Standard,,17.5,22.5,0.2857142857142858,False
7973,CUST05661,Loom,Open,Critical,Standard,,7.0,6.5,-0.0714285714285714,False
7974,CUST03442,Bitbucket,Open,High,Standard,,30.5,29.5,-0.032786885245901676,False
7975,CUST07263,Loom,Closed,Critical,Free,3.0,9.0,2.5,-0.7222222222222222,True
7976,CUST04419,Jira,Pending Customer Response,Medium,Enterprise,,27.0,30.0,0.11111111111111116,False
7977,CUST05465,Confluence,Open,Medium,Standard,,28.0,24.5,-0.125,False
7978,CUST06723,Loom,Closed,Critical,Free,1.0,10.0,11.5,0.1499999999999999,False
7979,CUST07025,Trello,Pending Customer Response,Medium,Standard,,9.5,12.5,0.3157894736842106,False
7980,CUST01397,Trello,Pending Customer Response,High,Premium,,30.0,26.0,-0.1333333333333333,False
7981,CUST02267,Jira,Open,Critical,Free,,11.0,11.0,0.0,False
7982,CUST00719,Confluence,Open,Medium,Free,,19.5,18.5,-0.05128205128205132,False
7983,CUST01482,Trello,Closed,Critical,Premium,2.0,14.0,10.5,-0.25,True
7984,CUST07720,Loom,Pending Customer Response,Medium,Premium,,15.5,15.5,0.0,False
7985,CUST06883,Trello,Open,Medium,Free,,14.0,3.5,-0.75,True
7986,CUST06253,Loom,Pending Customer Response,Low,Enterprise,,15.0,19.0,0.2666666666666666,False
7987,CUST02972,Jira,Closed,High,Premium,3.0,24.0,24.0,0.0,False
7988,CUST03641,Loom,Open,High,Standard,,14.0,15.5,0.1071428571428572,False
7989,CUST04759,Confluence,Pending Customer Response,Low,Standard,,27.0,26.5,-0.01851851851851849,False
7990,CUST00485,Confluence,Pending Customer Response,High,Enterprise,,33.0,36.0,0.09090909090909083,False
7991,CUST03399,Loom,Pending Customer Response,High,Enterprise,,31.0,30.5,-0.016129032258064502,False
7992,CUST06282,Confluence,Open,Medium,Standard,,14.5,10.0,-0.31034482758620685,True
7993,CUST03184,Jira,Pending Customer Response,Medium,Standard,,29.0,30.0,0.034482758620689724,False
7994,CUST07411,Jira,Pending Customer Response,Medium,Premium,,10.5,10.0,-0.04761904761904767,False
7995,CUST04048,Trello,Open,Medium,Standard,,12.5,13.5,0.08000000000000007,False
7996,CUST03712,Trello,Open,High,Standard,,10.0,14.5,0.44999999999999996,False
7997,CUST03879,Confluence,Open,Critical,Standard,,7.0,7.0,0.0,False
7998,CUST08273,Jira,Closed,Low,Premium,5.0,9.0,8.5,-0.05555555555555558,False
7999,CUST00524,Jira,Open,Medium,Free,,7.0,5.5,-0.2142857142857143,True
8000,CUST04564,Loom,Open,High,Standard,,6.0,9.5,0.5833333333333333,False
8001,CUST05636,Loom,Open,Critical,Premium,,4.5,9.0,1.0,False
8002,CUST03108,Trello,Closed,High,Standard,2.0,9.0,12.0,0.33333333333333326,False
8003,CUST01233,Bitbucket,Closed,Critical,Standard,3.0,27.0,24.5,-0.09259259259259256,False
8004,CUST01801,Jira,Pending Customer Response,Medium,Premium,,35.0,29.5,-0.15714285714285714,False
8005,CUST05783,Confluence,Pending Customer Response,Low,Premium,,27.5,28.5,0.036363636363636376,False
8006,CUST03791,Confluence,Open,Medium,Free,,11.0,12.5,0.13636363636363646,False
8007,CUST03568,Bitbucket,Pending Customer Response,Medium,Standard,,12.5,11.5,-0.07999999999999996,False
8008,CUST01012,Confluence,Pending Customer Response,Low,Premium,,12.0,16.5,0.375,False
8009,CUST02242,Jira,Open,High,Enterprise,,14.5,17.0,0.17241379310344818,False
8010,CUST01599,Confluence,Pending Customer Response,Critical,Enterprise,,20.5,22.0,0.07317073170731714,False
8011,CUST02869,Jira,Closed,Medium,Free,3.0,1.5,2.5,0.6666666666666667,False
8012,CUST05245,Jira,Pending Customer Response,Medium,Standard,,16.0,19.5,0.21875,False
8013,CUST00893,Bitbucket,Closed,Medium,Standard,5.0,17.0,16.5,-0.02941176470588236,False
8014,CUST05847,Bitbucket,Open,Medium,Standard,,21.0,18.5,-0.11904761904761907,False
8015,CUST08031,Confluence,Closed,Medium,Premium,5.0,21.5,22.5,0.04651162790697683,False
8016,CUST05913,Jira,Closed,High,Free,1.0,7.5,6.0,-0.19999999999999996,False
8017,CUST07278,Trello,Pending Customer Response,High,Free,,12.5,14.5,0.15999999999999992,False
8018,CUST04387,Confluence,Pending Customer Response,Low,Standard,,22.5,25.5,0.1333333333333333,False
8019,CUST07660,Trello,Open,Low,Standard,,8.5,5.5,-0.3529411764705882,True
8020,CUST04736,Trello,Closed,Low,Free,2.0,13.0,12.0,-0.07692307692307687,False
8021,CUST03080,Loom,Closed,Low,Premium,4.0,9.0,9.5,0.05555555555555558,False
8022,CUST04580,Trello,Pending Customer Response,Low,Free,,5.0,6.0,0.19999999999999996,False
8023,CUST01443,Confluence,Open,High,Standard,,10.5,14.0,0.33333333333333326,False
8024,CUST02293,Trello,Closed,Medium,Standard,5.0,16.0,22.5,0.40625,False
8025,CUST00594,Loom,Pending Customer Response,Medium,Premium,,22.5,21.0,-0.06666666666666665,False
8026,CUST03656,Trello,Pending Customer Response,High,Standard,,12.0,9.0,-0.25,True
8027,CUST06470,Loom,Closed,High,Premium,5.0,22.5,26.0,0.15555555555555545,False
8028,CUST01855,Loom,Closed,Medium,Standard,2.0,16.5,11.5,-0.303030303030303,True
8029,CUST07995,Confluence,Closed,Medium,Standard,3.0,11.0,8.5,-0.2272727272727273,True
8030,CUST00094,Bitbucket,Pending Customer Response,Low,Standard,,18.0,18.5,0.02777777777777768,False
8031,CUST06365,Bitbucket,Pending Customer Response,Low,Standard,,19.0,18.0,-0.052631578947368474,False
8032,CUST06444,Jira,Closed,Low,Standard,4.0,28.5,30.0,0.05263157894736836,False
8033,CUST05928,Loom,Pending Customer Response,Medium,Enterprise,,15.0,12.0,-0.19999999999999996,False
8034,CUST08097,Jira,Open,Low,Premium,,22.5,20.0,-0.11111111111111116,False
8035,CUST01733,Bitbucket,Closed,Medium,Premium,3.0,5.5,8.5,0.5454545454545454,False
8036,CUST03515,Trello,Closed,High,Free,4.0,8.5,8.0,-0.05882352941176472,False
8037,CUST02915,Bitbucket,Pending Customer Response,Critical,Standard,,22.0,17.5,-0.20454545454545459,True
8038,CUST02551,Bitbucket,Pending Customer Response,Critical,Premium,,21.0,16.5,-0.2142857142857143,True
8039,CUST05986,Trello,Pending Customer Response,Low,Free,,13.0,8.0,-0.3846153846153846,True
8040,CUST04990,Loom,Closed,Low,Free,4.0,6.5,7.0,0.07692307692307687,False
8041,CUST03120,Trello,Pending Customer Response,High,Premium,,12.5,14.0,0.1200000000000001,False
8042,CUST03333,Jira,Open,Critical,Standard,,27.0,26.5,-0.01851851851851849,False
8043,CUST01032,Bitbucket,Open,High,Premium,,25.0,22.0,-0.12,False
8044,CUST06321,Trello,Closed,High,Free,4.0,6.0,8.5,0.41666666666666674,False
8045,CUST07229,Loom,Closed,Critical,Free,1.0,9.5,13.5,0.42105263157894735,False
8046,CUST07146,Confluence,Open,Low,Enterprise,,25.0,23.5,-0.06000000000000005,False
8047,CUST04205,Bitbucket,Open,Medium,Standard,,10.0,11.5,0.1499999999999999,False
8048,CUST00595,Confluence,Closed,Critical,Enterprise,2.0,11.0,14.0,0.2727272727272727,False
8049,CUST05603,Bitbucket,Pending Customer Response,Critical,Standard,,12.5,10.5,-0.16000000000000003,False
8050,CUST03146,Confluence,Open,High,Standard,,10.0,11.0,0.10000000000000009,False
8051,CUST04393,Jira,Closed,Low,Standard,2.0,10.0,13.5,0.3500000000000001,False
8052,CUST00100,Trello,Pending Customer Response,Medium,Premium,,20.0,22.0,0.10000000000000009,False
8053,CUST03867,Trello,Closed,Critical,Standard,2.0,8.0,5.5,-0.3125,True
8054,CUST00290,Confluence,Pending Customer Response,High,Standard,,10.0,9.5,-0.050000000000000044,False
8055,CUST04591,Confluence,Open,Critical,Free,,8.0,4.0,-0.5,True
8056,CUST01218,Trello,Pending Customer Response,Low,Standard,,5.0,3.5,-0.30000000000000004,True
8057,CUST00301,Bitbucket,Closed,High,Standard,4.0,22.5,24.0,0.06666666666666665,False
8058,CUST02577,Trello,Open,Low,Standard,,11.0,12.0,0.09090909090909083,False
8059,CUST05917,Trello,Open,High,Standard,,20.0,23.5,0.17500000000000004,False
8060,CUST01537,Bitbucket,Closed,High,Standard,3.0,15.5,10.0,-0.3548387096774194,True
8061,CUST03443,Bitbucket,Pending Customer Response,Critical,Free,,12.5,9.0,-0.28,True
8062,CUST01600,Jira,Closed,Medium,Free,3.0,8.0,8.5,0.0625,False
8063,CUST03048,Bitbucket,Open,Medium,Standard,,17.0,15.5,-0.08823529411764708,False
8064,CUST02403,Confluence,Pending Customer Response,High,Free,,11.0,12.0,0.09090909090909083,False
8065,CUST02273,Bitbucket,Pending Customer Response,High,Free,,8.0,10.0,0.25,False
8066,CUST06606,Trello,Closed,Low,Standard,1.0,21.5,20.0,-0.06976744186046513,False
8067,CUST03925,Loom,Closed,Low,Enterprise,3.0,20.5,19.5,-0.04878048780487809,False
8068,CUST01222,Bitbucket,Pending Customer Response,High,Standard,,34.0,36.0,0.05882352941176472,False
8069,CUST00355,Trello,Pending Customer Response,High,Free,,7.0,6.5,-0.0714285714285714,False
8070,CUST05537,Trello,Open,High,Premium,,30.0,29.5,-0.01666666666666672,False
8071,CUST02642,Jira,Closed,Low,Standard,3.0,21.0,22.0,0.04761904761904767,False
8072,CUST02784,Loom,Pending Customer Response,Low,Free,,7.0,8.0,0.1428571428571428,False
8073,CUST01113,Bitbucket,Open,High,Standard,,16.5,12.5,-0.24242424242424243,True
8074,CUST06732,Loom,Closed,Critical,Premium,3.0,9.0,11.0,0.22222222222222232,False
8075,CUST01591,Jira,Open,High,Standard,,20.5,22.5,0.09756097560975618,False
8076,CUST07939,Bitbucket,Pending Customer Response,High,Standard,,18.5,14.5,-0.21621621621621623,True
8077,CUST03161,Bitbucket,Closed,Low,Standard,2.0,18.5,16.5,-0.10810810810810811,False
8078,CUST07671,Jira,Pending Customer Response,Medium,Premium,,64.5,62.0,-0.03875968992248058,False
8079,CUST03014,Jira,Open,Medium,Free,,10.0,14.0,0.3999999999999999,False
8080,CUST06668,Confluence,Closed,Low,Standard,5.0,10.0,12.5,0.25,False
8081,CUST07935,Loom,Pending Customer Response,Low,Standard,,10.0,13.5,0.3500000000000001,False
8082,CUST05467,Jira,Open,High,Standard,,6.5,6.0,-0.07692307692307687,False
8083,CUST05833,Confluence,Closed,Critical,Premium,3.0,9.0,12.0,0.33333333333333326,False
8084,CUST07159,Loom,Closed,Medium,Standard,4.0,14.0,11.0,-0.2142857142857143,True
8085,CUST03201,Confluence,Closed,Medium,Enterprise,1.0,33.5,29.5,-0.11940298507462688,False
8086,CUST00531,Jira,Closed,Medium,Premium,1.0,16.5,12.5,-0.24242424242424243,True
8087,CUST06371,Confluence,Open,High,Standard,,10.0,9.5,-0.050000000000000044,False
8088,CUST04777,Confluence,Closed,Low,Premium,4.0,16.5,15.5,-0.06060606060606055,False
8089,CUST03060,Loom,Pending Customer Response,Low,Enterprise,,11.0,7.5,-0.31818181818181823,True
8090,CUST07004,Loom,Pending Customer Response,Low,Free,,9.5,8.5,-0.10526315789473684,False
8091,CUST03993,Jira,Closed,High,Standard,1.0,20.5,19.5,-0.04878048780487809,False
8092,CUST04031,Jira,Pending Customer Response,Critical,Premium,,11.0,15.5,0.40909090909090917,False
8093,CUST06326,Jira,Pending Customer Response,Low,Standard,,9.5,10.0,0.05263157894736836,False
8094,CUST00914,Jira,Open,Medium,Standard,,35.0,36.5,0.04285714285714293,False
8095,CUST06159,Jira,Pending Customer Response,High,Standard,,18.0,16.5,-0.08333333333333337,False
8096,CUST01857,Loom,Pending Customer Response,Medium,Standard,,13.5,12.5,-0.07407407407407407,False
8097,CUST07646,Trello,Closed,High,Premium,2.0,32.5,32.5,0.0,False
8098,CUST03700,Trello,Closed,High,Standard,5.0,21.5,19.0,-0.11627906976744184,False
8099,CUST08174,Loom,Pending Customer Response,Low,Standard,,26.5,25.5,-0.037735849056603765,False
8100,CUST02764,Bitbucket,Pending Customer Response,Critical,Free,,2.5,4.0,0.6000000000000001,False
8101,CUST01727,Confluence,Open,Low,Premium,,12.0,9.5,-0.20833333333333337,True
8102,CUST01661,Loom,Closed,Low,Premium,2.0,11.0,11.5,0.045454545454545414,False
8103,CUST04756,Jira,Open,Medium,Premium,,43.5,48.0,0.10344827586206895,False
8104,CUST05942,Loom,Closed,Critical,Premium,1.0,10.0,7.5,-0.25,True
8105,CUST03743,Trello,Open,Critical,Free,,18.5,20.0,0.08108108108108114,False
8106,CUST05259,Trello,Pending Customer Response,Low,Premium,,6.0,9.5,0.5833333333333333,False
8107,CUST08247,Trello,Pending Customer Response,Low,Premium,,20.5,16.0,-0.2195121951219512,True
8108,CUST06440,Trello,Pending Customer Response,High,Premium,,24.0,24.5,0.02083333333333326,False
8109,CUST05136,Trello,Pending Customer Response,Critical,Premium,,18.0,16.0,-0.11111111111111116,False
8110,CUST07315,Trello,Closed,High,Standard,2.0,22.0,24.5,0.11363636363636354,False
8111,CUST05299,Confluence,Pending Customer Response,Critical,Standard,,6.5,8.5,0.3076923076923077,False
8112,CUST04936,Loom,Open,Critical,Standard,,10.0,8.5,-0.15000000000000002,False
8113,CUST01251,Trello,Closed,Low,Enterprise,5.0,35.0,31.0,-0.11428571428571432,False
8114,CUST07594,Trello,Pending Customer Response,Critical,Premium,,33.0,36.5,0.10606060606060597,False
8115,CUST03404,Confluence,Pending Customer Response,Low,Standard,,11.5,11.0,-0.04347826086956519,False
8116,CUST07773,Loom,Pending Customer Response,Critical,Enterprise,,15.0,13.0,-0.1333333333333333,False
8117,CUST02400,Loom,Open,Critical,Standard,,11.0,9.5,-0.13636363636363635,False
8118,CUST00789,Jira,Pending Customer Response,High,Free,,11.5,13.5,0.17391304347826098,False
8119,CUST02003,Trello,Pending Customer Response,Critical,Standard,,12.5,14.0,0.1200000000000001,False
8120,CUST00079,Bitbucket,Open,Low,Standard,,16.5,15.5,-0.06060606060606055,False
8121,CUST04761,Jira,Closed,Medium,Standard,2.0,8.5,11.0,0.2941176470588236,False
8122,CUST06607,Confluence,Closed,High,Enterprise,2.0,22.5,22.5,0.0,False
8123,CUST04238,Jira,Open,Medium,Enterprise,,10.0,7.5,-0.25,True
8124,CUST04084,Bitbucket,Closed,Critical,Standard,3.0,11.5,11.5,0.0,False
8125,CUST03928,Loom,Open,Medium,Standard,,10.5,9.0,-0.1428571428571429,False
8126,CUST01182,Jira,Open,Medium,Standard,,7.0,8.0,0.1428571428571428,False
8127,CUST00010,Confluence,Open,Medium,Enterprise,,28.5,33.5,0.17543859649122817,False
8128,CUST02543,Jira,Closed,Medium,Free,1.0,4.5,5.5,0.22222222222222232,False
8129,CUST04867,Loom,Open,Medium,Standard,,10.5,10.0,-0.04761904761904767,False
8130,CUST00053,Loom,Open,Critical,Premium,,10.0,13.0,0.30000000000000004,False
8131,CUST01957,Bitbucket,Open,Medium,Free,,8.5,5.0,-0.4117647058823529,True
8132,CUST07453,Loom,Closed,Low,Standard,1.0,14.5,13.0,-0.10344827586206895,False
8133,CUST00841,Bitbucket,Pending Customer Response,Low,Enterprise,,22.5,16.0,-0.28888888888888886,True
8134,CUST00561,Bitbucket,Open,Medium,Premium,,16.5,16.0,-0.030303030303030276,False
8135,CUST04357,Loom,Closed,Critical,Enterprise,2.0,21.0,17.5,-0.16666666666666663,False
8136,CUST01057,Jira,Closed,Low,Premium,4.0,17.0,14.5,-0.1470588235294118,False
8137,CUST07907,Bitbucket,Closed,Critical,Standard,1.0,21.5,16.5,-0.2325581395348837,True
8138,CUST05906,Confluence,Open,Medium,Standard,,17.5,23.5,0.34285714285714275,False
8139,CUST07457,Confluence,Pending Customer Response,High,Standard,,17.0,23.0,0.3529411764705883,False
8140,CUST07147,Confluence,Closed,Medium,Standard,4.0,16.5,15.0,-0.09090909090909094,False
8141,CUST00627,Loom,Closed,High,Enterprise,2.0,12.5,11.5,-0.07999999999999996,False
8142,CUST04402,Jira,Closed,High,Free,3.0,23.5,23.5,0.0,False
8143,CUST06029,Bitbucket,Open,High,Free,,10.0,8.0,-0.19999999999999996,False
8144,CUST00363,Confluence,Pending Customer Response,Low,Premium,,15.5,18.0,0.16129032258064524,False
8145,CUST01469,Loom,Pending Customer Response,Medium,Standard,,8.0,3.0,-0.625,True
8146,CUST06613,Loom,Closed,High,Enterprise,4.0,17.5,15.0,-0.1428571428571429,False
8147,CUST01229,Bitbucket,Closed,High,Premium,3.0,27.0,23.0,-0.14814814814814814,False
8148,CUST00774,Loom,Closed,Medium,Standard,4.0,10.0,8.0,-0.19999999999999996,False
8149,CUST06878,Bitbucket,Open,Medium,Free,,18.0,14.5,-0.19444444444444442,False
8150,CUST08087,Loom,Open,High,Standard,,9.5,9.5,0.0,False
8151,CUST02480,Bitbucket,Open,High,Premium,,20.5,17.0,-0.1707317073170732,False
8152,CUST05785,Loom,Open,High,Standard,,13.0,11.5,-0.11538461538461542,False
8153,CUST05114,Bitbucket,Pending Customer Response,Critical,Premium,,23.5,21.5,-0.08510638297872342,False
8154,CUST04312,Jira,Pending Customer Response,High,Premium,,15.0,17.0,0.1333333333333333,False
8155,CUST07099,Bitbucket,Open,Low,Standard,,15.0,15.0,0.0,False
8156,CUST01941,Jira,Open,Medium,Premium,,25.0,24.5,-0.020000000000000018,False
8157,CUST00308,Bitbucket,Closed,Critical,Standard,1.0,19.5,22.5,0.15384615384615374,False
8158,CUST06649,Confluence,Pending Customer Response,Critical,Standard,,26.0,19.5,-0.25,True
8159,CUST07916,Confluence,Closed,Medium,Standard,2.0,22.0,17.0,-0.2272727272727273,True
8160,CUST03992,Jira,Open,Medium,Premium,,20.0,18.0,-0.09999999999999998,False
8161,CUST04454,Loom,Pending Customer Response,Medium,Premium,,20.5,16.5,-0.19512195121951215,False
8162,CUST07637,Bitbucket,Pending Customer Response,Medium,Standard,,14.5,10.5,-0.27586206896551724,True
8163,CUST03779,Jira,Open,Medium,Standard,,26.5,28.5,0.07547169811320753,False
8164,CUST05619,Bitbucket,Pending Customer Response,Low,Standard,,26.5,25.0,-0.05660377358490565,False
8165,CUST06666,Confluence,Closed,Medium,Free,1.0,10.0,9.5,-0.050000000000000044,False
8166,CUST05204,Bitbucket,Closed,High,Free,1.0,9.5,9.0,-0.052631578947368474,False
8167,CUST04984,Loom,Pending Customer Response,Critical,Standard,,16.5,14.5,-0.12121212121212122,False
8168,CUST00540,Loom,Pending Customer Response,Medium,Standard,,17.5,19.5,0.11428571428571432,False
8169,CUST04819,Bitbucket,Pending Customer Response,Critical,Standard,,17.0,16.5,-0.02941176470588236,False
8170,CUST06031,Loom,Closed,High,Premium,4.0,12.5,13.5,0.08000000000000007,False
8171,CUST01626,Confluence,Closed,Medium,Standard,2.0,11.5,12.0,0.04347826086956519,False
8172,CUST06000,Confluence,Closed,High,Premium,2.0,20.0,21.5,0.07499999999999996,False
8173,CUST03034,Bitbucket,Pending Customer Response,Low,Premium,,24.5,28.5,0.16326530612244894,False
8174,CUST01518,Loom,Open,Low,Premium,,16.0,18.5,0.15625,False
8175,CUST02453,Trello,Open,Medium,Standard,,18.5,18.0,-0.027027027027026973,False
8176,CUST08216,Trello,Closed,Medium,Premium,5.0,19.0,21.5,0.13157894736842102,False
8177,CUST02386,Confluence,Pending Customer Response,Medium,Standard,,8.0,7.0,-0.125,False
8178,CUST01656,Trello,Open,Low,Premium,,19.0,18.0,-0.052631578947368474,False
8179,CUST00584,Jira,Pending Customer Response,Medium,Standard,,31.0,25.0,-0.19354838709677424,False
8180,CUST05850,Loom,Pending Customer Response,Medium,Premium,,11.5,7.5,-0.34782608695652173,True
8181,CUST00228,Confluence,Open,Medium,Premium,,16.5,18.5,0.1212121212121211,False
8182,CUST05513,Confluence,Closed,High,Premium,2.0,14.0,14.0,0.0,False
8183,CUST07841,Confluence,Open,Low,Premium,,16.0,11.0,-0.3125,True
8184,CUST06397,Confluence,Pending Customer Response,Critical,Free,,12.0,10.5,-0.125,False
8185,CUST04415,Jira,Pending Customer Response,High,Standard,,36.5,32.5,-0.1095890410958904,False
8186,CUST03988,Bitbucket,Pending Customer Response,Medium,Standard,,17.0,19.0,0.11764705882352944,False
8187,CUST06941,Trello,Pending Customer Response,Critical,Premium,,5.5,7.0,0.2727272727272727,False
8188,CUST08270,Confluence,Closed,High,Standard,3.0,11.5,13.0,0.13043478260869557,False
8189,CUST04473,Bitbucket,Pending Customer Response,Low,Standard,,31.5,24.5,-0.2222222222222222,True
8190,CUST03901,Bitbucket,Open,High,Standard,,22.5,27.0,0.19999999999999996,False
8191,CUST07404,Trello,Pending Customer Response,Medium,Standard,,16.5,14.0,-0.1515151515151515,False
8192,CUST00398,Trello,Pending Customer Response,Medium,Premium,,35.0,32.0,-0.08571428571428574,False
8193,CUST06565,Confluence,Open,Medium,Standard,,18.5,13.5,-0.2702702702702703,True
8194,CUST07507,Confluence,Open,Low,Standard,,19.5,23.5,0.20512820512820507,False
8195,CUST03200,Loom,Closed,Medium,Standard,2.0,19.0,22.0,0.1578947368421053,False
8196,CUST03134,Jira,Closed,Critical,Enterprise,3.0,34.0,34.5,0.014705882352941124,False
8197,CUST08294,Confluence,Open,Medium,Premium,,25.0,23.5,-0.06000000000000005,False
8198,CUST05780,Jira,Open,High,Standard,,9.0,9.0,0.0,False
8199,CUST06552,Trello,Closed,Medium,Premium,5.0,32.0,36.5,0.140625,False
8200,CUST06141,Loom,Open,High,Standard,,10.0,12.0,0.19999999999999996,False
8201,CUST00003,Trello,Closed,High,Free,5.0,10.5,5.5,-0.47619047619047616,True
8202,CUST07208,Loom,Closed,Critical,Free,3.0,11.0,8.5,-0.2272727272727273,True
8203,CUST05497,Loom,Pending Customer Response,Medium,Premium,,7.5,5.0,-0.33333333333333337,True
8204,CUST04775,Jira,Pending Customer Response,Low,Premium,,22.0,20.5,-0.06818181818181823,False
8205,CUST07922,Jira,Open,Critical,Premium,,38.0,37.0,-0.02631578947368418,False
8206,CUST06753,Bitbucket,Open,Critical,Free,,12.0,10.0,-0.16666666666666663,False
8207,CUST05408,Jira,Open,Low,Standard,,24.5,26.5,0.08163265306122458,False
8208,CUST06071,Confluence,Open,High,Premium,,23.5,22.5,-0.04255319148936165,False
8209,CUST04341,Trello,Pending Customer Response,High,Enterprise,,50.5,45.0,-0.1089108910891089,False
8210,CUST07349,Trello,Pending Customer Response,High,Premium,,9.0,5.0,-0.4444444444444444,True
8211,CUST01877,Bitbucket,Pending Customer Response,Medium,Premium,,16.5,16.5,0.0,False
8212,CUST00350,Jira,Pending Customer Response,Low,Standard,,18.5,16.5,-0.10810810810810811,False
8213,CUST01605,Jira,Pending Customer Response,High,Premium,,20.5,22.5,0.09756097560975618,False
8214,CUST07747,Loom,Pending Customer Response,Medium,Standard,,10.5,13.5,0.2857142857142858,False
8215,CUST04229,Bitbucket,Open,High,Premium,,24.5,18.5,-0.24489795918367352,True
8216,CUST05690,Trello,Closed,High,Standard,4.0,12.5,19.0,0.52,False
8217,CUST01937,Trello,Closed,Low,Premium,3.0,12.5,16.5,0.32000000000000006,False
8218,CUST02281,Jira,Open,Medium,Enterprise,,15.0,11.0,-0.2666666666666667,True
8219,CUST01652,Jira,Open,High,Standard,,17.5,16.5,-0.05714285714285716,False
8220,CUST01990,Jira,Closed,Medium,Premium,5.0,34.0,35.5,0.044117647058823595,False
8221,CUST02689,Jira,Open,Low,Premium,,8.5,13.0,0.5294117647058822,False
8222,CUST00275,Jira,Pending Customer Response,Critical,Standard,,29.5,25.5,-0.13559322033898302,False
8223,CUST08286,Trello,Open,Critical,Free,,15.0,12.0,-0.19999999999999996,False
8224,CUST02067,Trello,Pending Customer Response,Medium,Free,,11.5,9.0,-0.21739130434782605,True
8225,CUST00778,Confluence,Open,Critical,Standard,,9.0,10.5,0.16666666666666674,False
8226,CUST07353,Jira,Pending Customer Response,High,Premium,,23.5,23.0,-0.021276595744680882,False
8227,CUST00167,Trello,Pending Customer Response,Low,Enterprise,,8.0,9.0,0.125,False
8228,CUST00068,Loom,Pending Customer Response,Medium,Standard,,8.5,9.0,0.05882352941176472,False
8229,CUST06583,Loom,Closed,Critical,Free,2.0,6.5,8.5,0.3076923076923077,False
8230,CUST08063,Trello,Open,High,Standard,,24.0,23.5,-0.02083333333333337,False
8231,CUST00504,Loom,Pending Customer Response,Low,Premium,,17.5,16.5,-0.05714285714285716,False
8232,CUST07382,Jira,Closed,High,Enterprise,3.0,8.5,11.5,0.3529411764705883,False
8233,CUST07744,Trello,Pending Customer Response,Critical,Enterprise,,10.5,9.5,-0.09523809523809523,False
8234,CUST02235,Jira,Closed,High,Free,1.0,10.0,9.5,-0.050000000000000044,False
8235,CUST00057,Loom,Open,Low,Standard,,11.0,9.0,-0.18181818181818177,False
8236,CUST02189,Confluence,Pending Customer Response,Medium,Enterprise,,15.5,16.5,0.06451612903225801,False
8237,CUST02703,Jira,Pending Customer Response,Critical,Premium,,47.5,52.0,0.09473684210526323,False
8238,CUST06325,Jira,Closed,Critical,Enterprise,5.0,13.0,15.5,0.1923076923076923,False
8239,CUST06437,Loom,Closed,High,Standard,2.0,6.5,5.5,-0.15384615384615385,False
8240,CUST03341,Confluence,Open,Low,Standard,,20.5,19.5,-0.04878048780487809,False
8241,CUST06220,Loom,Open,Critical,Free,,14.0,10.0,-0.2857142857142857,True
8242,CUST06635,Confluence,Open,Low,Premium,,39.0,40.0,0.02564102564102555,False
8243,CUST04676,Loom,Open,Medium,Standard,,9.5,10.5,0.10526315789473695,False
8244,CUST03489,Jira,Closed,Low,Premium,4.0,27.0,26.0,-0.03703703703703709,False
8245,CUST02902,Confluence,Pending Customer Response,Low,Standard,,15.5,14.0,-0.09677419354838712,False
8246,CUST05738,Jira,Pending Customer Response,Low,Enterprise,,13.5,8.0,-0.40740740740740744,True
8247,CUST00810,Jira,Closed,Medium,Premium,4.0,17.0,21.0,0.23529411764705888,False
8248,CUST06844,Confluence,Open,Low,Enterprise,,12.5,9.0,-0.28,True
8249,CUST04370,Jira,Open,Low,Free,,9.0,12.0,0.33333333333333326,False
8250,CUST05365,Jira,Closed,Low,Enterprise,4.0,39.0,41.5,0.0641025641025641,False
8251,CUST02683,Jira,Closed,Medium,Free,1.0,12.0,7.5,-0.375,True
8252,CUST02324,Bitbucket,Pending Customer Response,Medium,Free,,10.0,5.5,-0.44999999999999996,True
8253,CUST00982,Confluence,Pending Customer Response,Critical,Standard,,17.0,16.5,-0.02941176470588236,False
8254,CUST03900,Bitbucket,Open,Medium,Enterprise,,25.0,26.0,0.040000000000000036,False
8255,CUST04838,Confluence,Pending Customer Response,Low,Enterprise,,28.5,31.0,0.08771929824561409,False
8256,CUST06610,Loom,Open,Low,Standard,,5.5,11.0,1.0,False
8257,CUST05594,Bitbucket,Pending Customer Response,Critical,Enterprise,,18.0,15.0,-0.16666666666666663,False
8258,CUST04979,Confluence,Open,Low,Premium,,16.0,14.0,-0.125,False
8259,CUST07870,Bitbucket,Closed,Medium,Standard,1.0,24.5,20.0,-0.18367346938775508,False
8260,CUST01592,Loom,Closed,Medium,Standard,3.0,10.0,12.5,0.25,False
8261,CUST04645,Confluence,Closed,High,Premium,3.0,35.5,40.0,0.12676056338028174,False
8262,CUST07721,Loom,Closed,Medium,Premium,4.0,10.0,13.5,0.3500000000000001,False
8263,CUST03371,Trello,Open,Medium,Premium,,33.0,37.5,0.13636363636363646,False
8264,CUST00168,Confluence,Closed,Medium,Premium,2.0,30.5,26.5,-0.1311475409836066,False
8265,CUST01610,Jira,Open,Critical,Standard,,35.5,35.5,0.0,False
8266,CUST06993,Bitbucket,Closed,Critical,Standard,4.0,16.0,15.5,-0.03125,False
8267,CUST06315,Jira,Pending Customer Response,Critical,Standard,,23.0,19.5,-0.15217391304347827,False
8268,CUST07784,Trello,Open,High,Standard,,10.0,8.0,-0.19999999999999996,False
8269,CUST02560,Jira,Closed,High,Standard,2.0,13.5,12.5,-0.07407407407407407,False
8270,CUST03260,Jira,Open,Medium,Standard,,19.5,21.0,0.07692307692307687,False
8271,CUST00070,Confluence,Pending Customer Response,Critical,Premium,,19.0,24.0,0.26315789473684204,False
8272,CUST07884,Jira,Pending Customer Response,Critical,Enterprise,,23.0,21.0,-0.08695652173913049,False
8273,CUST01064,Confluence,Pending Customer Response,Low,Standard,,14.0,15.0,0.0714285714285714,False
8274,CUST04994,Loom,Pending Customer Response,Medium,Premium,,24.0,19.0,-0.20833333333333337,True
8275,CUST02889,Confluence,Open,Critical,Free,,10.0,7.5,-0.25,True
8276,CUST07957,Confluence,Closed,Critical,Premium,1.0,24.5,13.0,-0.4693877551020408,True
8277,CUST07279,Jira,Closed,Low,Standard,3.0,20.5,20.0,-0.024390243902439046,False
8278,CUST01588,Trello,Pending Customer Response,High,Enterprise,,47.0,44.5,-0.05319148936170215,False
8279,CUST02865,Jira,Open,Low,Standard,,23.0,21.0,-0.08695652173913049,False
8280,CUST00782,Bitbucket,Open,Low,Premium,,24.0,28.0,0.16666666666666674,False
8281,CUST00519,Bitbucket,Closed,High,Premium,5.0,19.5,18.5,-0.05128205128205132,False
8282,CUST02192,Jira,Open,Medium,Premium,,26.5,21.5,-0.18867924528301883,False
8283,CUST02843,Jira,Closed,Critical,Premium,4.0,8.5,15.0,0.7647058823529411,False
8284,CUST00357,Bitbucket,Pending Customer Response,Low,Free,,10.5,7.5,-0.2857142857142857,True
8285,CUST04893,Trello,Closed,Medium,Standard,5.0,8.0,7.0,-0.125,False
8286,CUST04957,Jira,Open,Low,Enterprise,,23.5,22.5,-0.04255319148936165,False
8287,CUST06418,Confluence,Pending Customer Response,Medium,Premium,,73.5,70.5,-0.04081632653061229,False
8288,CUST04465,Bitbucket,Pending Customer Response,Medium,Standard,,7.5,8.0,0.06666666666666665,False
8289,CUST00108,Bitbucket,Closed,High,Premium,3.0,18.0,19.5,0.08333333333333326,False
8290,CUST03622,Jira,Closed,Critical,Free,3.0,8.0,9.5,0.1875,False
8291,CUST07759,Loom,Open,Medium,Enterprise,,16.5,13.5,-0.18181818181818177,False
8292,CUST02697,Confluence,Pending Customer Response,Medium,Premium,,27.0,31.5,0.16666666666666674,False
8293,CUST06612,Bitbucket,Closed,Medium,Standard,1.0,14.5,21.5,0.48275862068965525,False
8294,CUST03954,Trello,Pending Customer Response,Low,Standard,,12.5,10.5,-0.16000000000000003,False
8295,CUST05457,Confluence,Closed,Medium,Standard,5.0,25.5,22.5,-0.11764705882352944,False
8296,CUST06575,Bitbucket,Closed,Medium,Free,4.0,4.0,5.5,0.375,False
8297,CUST07520,Jira,Open,High,Standard,,19.0,15.0,-0.21052631578947367,True
8298,CUST06242,Trello,Pending Customer Response,Low,Standard,,22.0,18.0,-0.18181818181818177,False
8299,CUST00692,Confluence,Pending Customer Response,Low,Standard,,18.0,20.0,0.11111111111111116,False
8300,CUST03036,Loom,Pending Customer Response,Critical,Premium,,12.5,11.0,-0.12,False
8301,CUST01916,Bitbucket,Pending Customer Response,Low,Free,,5.5,10.5,0.9090909090909092,False
8302,CUST06784,Loom,Open,High,Standard,,4.5,5.0,0.11111111111111116,False
8303,CUST07804,Confluence,Open,Low,Premium,,25.5,24.5,-0.039215686274509776,False
8304,CUST08056,Trello,Closed,Critical,Premium,3.0,12.0,13.0,0.08333333333333326,False
8305,CUST02428,Bitbucket,Open,High,Free,,9.0,11.5,0.2777777777777777,False
8306,CUST05391,Jira,Open,High,Standard,,7.0,9.5,0.3571428571428572,False
8307,CUST06018,Loom,Pending Customer Response,Medium,Free,,12.0,7.5,-0.375,True
8308,CUST01611,Trello,Open,Low,Standard,,38.0,41.5,0.09210526315789469,False
8309,CUST02558,Loom,Open,Critical,Enterprise,,22.5,21.0,-0.06666666666666665,False
8310,CUST03280,Jira,Pending Customer Response,Medium,Standard,,16.5,13.0,-0.21212121212121215,True
8311,CUST03821,Jira,Open,Critical,Standard,,33.0,32.5,-0.015151515151515138,False
8312,CUST04776,Jira,Closed,Critical,Enterprise,1.0,22.5,20.0,-0.11111111111111116,False
8313,CUST01660,Jira,Closed,Low,Enterprise,3.0,30.0,27.5,-0.08333333333333337,False
8314,CUST06875,Bitbucket,Pending Customer Response,High,Premium,,40.5,42.0,0.03703703703703698,False
8315,CUST04679,Confluence,Closed,Critical,Premium,5.0,45.0,46.5,0.03333333333333344,False
8316,CUST00143,Confluence,Open,High,Premium,,21.0,20.5,-0.023809523809523836,False
8317,CUST04342,Jira,Open,High,Premium,,30.0,25.5,-0.15000000000000002,False
8318,CUST06129,Confluence,Closed,Low,Free,3.0,6.0,7.5,0.25,False
8319,CUST06982,Jira,Open,Medium,Standard,,4.0,8.0,1.0,False
8320,CUST07967,Bitbucket,Closed,Low,Standard,1.0,11.5,10.0,-0.13043478260869568,False
8321,CUST02322,Confluence,Closed,Low,Standard,1.0,12.5,14.0,0.1200000000000001,False
8322,CUST04106,Jira,Pending Customer Response,High,Premium,,21.5,23.5,0.09302325581395343,False
8323,CUST03077,Loom,Closed,Low,Standard,5.0,23.0,23.5,0.021739130434782705,False
8324,CUST07670,Trello,Closed,Low,Free,3.0,5.0,11.0,1.2000000000000002,False
8325,CUST05961,Trello,Open,Critical,Premium,,31.0,25.0,-0.19354838709677424,False
8326,CUST00479,Confluence,Pending Customer Response,High,Enterprise,,23.0,25.0,0.08695652173913038,False
8327,CUST05338,Confluence,Pending Customer Response,Medium,Standard,,18.0,19.0,0.05555555555555558,False
8328,CUST08207,Bitbucket,Open,Low,Standard,,21.0,17.0,-0.19047619047619047,False
8329,CUST01603,Confluence,Open,Low,Standard,,9.5,4.5,-0.5263157894736843,True
8330,CUST04346,Confluence,Closed,Low,Standard,3.0,14.0,15.5,0.1071428571428572,False
8331,CUST05213,Loom,Closed,High,Premium,2.0,20.0,19.0,-0.050000000000000044,False
8332,CUST03971,Jira,Pending Customer Response,High,Standard,,30.0,36.0,0.19999999999999996,False
8333,CUST05368,Confluence,Closed,Low,Free,3.0,7.5,8.0,0.06666666666666665,False
8334,CUST06196,Confluence,Closed,Medium,Standard,4.0,16.5,16.5,0.0,False
8335,CUST00957,Loom,Open,High,Standard,,5.0,8.5,0.7,False
8336,CUST02542,Confluence,Closed,Medium,Free,3.0,17.0,9.5,-0.4411764705882353,True
8337,CUST08316,Trello,Open,High,Premium,,15.5,15.5,0.0,False
8338,CUST04411,Jira,Open,Low,Premium,,11.5,4.0,-0.6521739130434783,True
8339,CUST00592,Confluence,Pending Customer Response,Medium,Standard,,20.0,22.5,0.125,False
8340,CUST06431,Trello,Closed,Critical,Free,4.0,12.0,14.0,0.16666666666666674,False
8341,CUST04835,Trello,Closed,Medium,Free,4.0,6.5,11.5,0.7692307692307692,False
8342,CUST07188,Trello,Closed,High,Standard,2.0,23.0,26.0,0.13043478260869557,False
8343,CUST02065,Loom,Pending Customer Response,Critical,Free,,11.0,10.5,-0.045454545454545414,False
8344,CUST04373,Confluence,Pending Customer Response,Low,Premium,,20.5,17.0,-0.1707317073170732,False
8345,CUST02646,Loom,Open,High,Standard,,15.0,11.5,-0.23333333333333328,True
8346,CUST00539,Loom,Closed,Low,Premium,3.0,27.0,24.0,-0.11111111111111116,False
8347,CUST04329,Jira,Open,Critical,Premium,,13.5,14.5,0.07407407407407418,False
8348,CUST02110,Confluence,Pending Customer Response,Critical,Free,,13.0,16.0,0.23076923076923084,False
8349,CUST05857,Jira,Closed,Critical,Enterprise,5.0,16.5,19.0,0.1515151515151516,False
8350,CUST04258,Trello,Open,Critical,Premium,,11.5,9.0,-0.21739130434782605,True
8351,CUST07723,Confluence,Closed,Critical,Premium,5.0,18.0,25.0,0.38888888888888884,False
8352,CUST06594,Loom,Open,Medium,Standard,,11.0,10.5,-0.045454545454545414,False
8353,CUST00390,Trello,Pending Customer Response,High,Standard,,16.0,12.0,-0.25,True
8354,CUST05453,Bitbucket,Pending Customer Response,Low,Premium,,55.0,50.0,-0.09090909090909094,False
8355,CUST06383,Bitbucket,Open,Critical,Standard,,10.5,7.5,-0.2857142857142857,True
8356,CUST07895,Trello,Open,Critical,Premium,,13.5,10.5,-0.2222222222222222,True
8357,CUST00617,Confluence,Pending Customer Response,Critical,Premium,,26.0,26.5,0.019230769230769162,False
8358,CUST02531,Bitbucket,Pending Customer Response,Critical,Standard,,10.5,12.0,0.1428571428571428,False
8359,CUST05132,Trello,Open,Critical,Enterprise,,4.5,11.5,1.5555555555555554,False
8360,CUST00134,Jira,Pending Customer Response,Critical,Standard,,16.5,14.5,-0.12121212121212122,False
8361,CUST00498,Loom,Open,Low,Standard,,13.5,13.0,-0.03703703703703709,False
8362,CUST00915,Loom,Closed,Medium,Premium,2.0,21.0,16.0,-0.23809523809523814,True
8363,CUST01002,Trello,Closed,Critical,Enterprise,2.0,28.0,27.0,-0.0357142857142857,False
8364,CUST02126,Confluence,Pending Customer Response,High,Standard,,10.0,10.0,0.0,False
8365,CUST00197,Loom,Pending Customer Response,Medium,Premium,,5.5,7.0,0.2727272727272727,False
8366,CUST02526,Loom,Closed,Medium,Free,3.0,6.0,4.0,-0.33333333333333337,True
8367,CUST07926,Jira,Pending Customer Response,Low,Standard,,15.0,18.0,0.19999999999999996,False
8368,CUST05067,Loom,Open,Low,Standard,,6.5,9.5,0.46153846153846145,False
8369,CUST02985,Jira,Pending Customer Response,Medium,Standard,,11.0,10.5,-0.045454545454545414,False
8370,CUST05383,Trello,Open,Medium,Standard,,9.0,14.5,0.6111111111111112,False
8371,CUST04028,Loom,Closed,Critical,Enterprise,1.0,23.5,15.0,-0.36170212765957444,True
8372,CUST02690,Jira,Open,Critical,Free,,8.5,9.0,0.05882352941176472,False
8373,CUST05414,Jira,Pending Customer Response,High,Enterprise,,24.0,16.5,-0.3125,True
8374,CUST06821,Confluence,Open,Medium,Premium,,24.0,23.5,-0.02083333333333337,False
8375,CUST02486,Bitbucket,Closed,Critical,Standard,2.0,20.0,12.0,-0.4,True
8376,CUST00965,Loom,Closed,Medium,Free,3.0,2.5,8.5,2.4,False
8377,CUST03061,Jira,Closed,High,Free,3.0,12.0,13.0,0.08333333333333326,False
8378,CUST01183,Trello,Closed,Critical,Standard,5.0,9.5,12.0,0.26315789473684204,False
8379,CUST00026,Trello,Pending Customer Response,Critical,Enterprise,,16.0,18.5,0.15625,False
8380,CUST08303,Trello,Open,Low,Standard,,13.5,13.5,0.0,False
8381,CUST00317,Jira,Closed,Medium,Free,1.0,15.0,9.5,-0.3666666666666667,True
8382,CUST00388,Jira,Pending Customer Response,Low,Enterprise,,31.5,34.0,0.0793650793650793,False
8383,CUST06953,Bitbucket,Pending Customer Response,High,Enterprise,,16.0,14.5,-0.09375,False
8384,CUST02961,Confluence,Closed,Low,Premium,4.0,35.5,42.0,0.18309859154929575,False
8385,CUST01559,Jira,Closed,Low,Free,2.0,9.5,4.5,-0.5263157894736843,True
8386,CUST05890,Bitbucket,Pending Customer Response,Medium,Premium,,39.5,39.5,0.0,False
8387,CUST00946,Loom,Pending Customer Response,Critical,Premium,,13.0,18.5,0.42307692307692313,False
8388,CUST01695,Jira,Open,Critical,Standard,,20.5,16.0,-0.2195121951219512,True
8389,CUST00877,Jira,Closed,Low,Premium,5.0,16.0,14.0,-0.125,False
8390,CUST02479,Confluence,Open,High,Premium,,18.5,18.5,0.0,False
8391,CUST02839,Bitbucket,Closed,Critical,Premium,2.0,16.5,15.5,-0.06060606060606055,False
8392,CUST04498,Jira,Closed,Low,Free,5.0,10.5,10.0,-0.04761904761904767,False
8393,CUST05298,Trello,Pending Customer Response,Medium,Premium,,23.5,15.5,-0.34042553191489366,True
8394,CUST05712,Confluence,Closed,Critical,Standard,4.0,10.5,8.5,-0.19047619047619047,False
8395,CUST05113,Jira,Open,High,Standard,,15.0,15.0,0.0,False
8396,CUST07075,Bitbucket,Pending Customer Response,Medium,Premium,,43.5,41.5,-0.04597701149425293,False
8397,CUST07215,Confluence,Closed,Critical,Standard,3.0,11.5,10.0,-0.13043478260869568,False
8398,CUST08042,Trello,Closed,Medium,Free,2.0,14.5,10.0,-0.31034482758620685,True
8399,CUST02062,Confluence,Closed,Low,Premium,1.0,11.5,8.0,-0.30434782608695654,True
8400,CUST02261,Bitbucket,Pending Customer Response,High,Premium,,12.0,9.5,-0.20833333333333337,True
8401,CUST04302,Trello,Closed,Critical,Premium,2.0,15.5,16.0,0.032258064516129004,False
8402,CUST05554,Jira,Pending Customer Response,Low,Standard,,16.0,20.0,0.25,False
8403,CUST05760,Bitbucket,Pending Customer Response,Low,Enterprise,,13.5,13.5,0.0,False
8404,CUST06131,Loom,Open,Medium,Premium,,23.0,23.5,0.021739130434782705,False
8405,CUST08080,Jira,Pending Customer Response,Low,Premium,,32.5,34.5,0.06153846153846154,False
8406,CUST04506,Trello,Open,Medium,Free,,10.0,11.5,0.1499999999999999,False
8407,CUST07133,Trello,Open,Low,Standard,,24.0,26.0,0.08333333333333326,False
8408,CUST02366,Jira,Pending Customer Response,Medium,Standard,,17.5,15.5,-0.11428571428571432,False
8409,CUST03116,Confluence,Open,Medium,Standard,,22.0,18.5,-0.15909090909090906,False
8410,CUST02933,Trello,Open,High,Premium,,23.5,21.5,-0.08510638297872342,False
8411,CUST03278,Loom,Open,High,Standard,,25.0,25.5,0.020000000000000018,False
8412,CUST04246,Loom,Closed,High,Premium,1.0,5.5,9.5,0.7272727272727273,False
8413,CUST07838,Confluence,Open,Low,Standard,,24.0,30.5,0.27083333333333326,False
8414,CUST04527,Confluence,Open,Critical,Standard,,6.5,12.0,0.8461538461538463,False
8415,CUST02727,Loom,Closed,High,Premium,2.0,28.5,27.5,-0.03508771929824561,False
8416,CUST07672,Jira,Pending Customer Response,High,Standard,,11.5,11.5,0.0,False
8417,CUST05842,Confluence,Open,Medium,Free,,9.0,6.5,-0.2777777777777778,True
8418,CUST03394,Loom,Open,High,Free,,10.5,9.0,-0.1428571428571429,False
8419,CUST05122,Jira,Pending Customer Response,Low,Free,,14.5,15.0,0.034482758620689724,False
8420,CUST00330,Bitbucket,Closed,Medium,Enterprise,3.0,44.0,41.5,-0.05681818181818177,False
8421,CUST01446,Jira,Closed,Medium,Premium,5.0,55.0,61.0,0.10909090909090913,False
8422,CUST01207,Jira,Open,Low,Free,,21.0,18.5,-0.11904761904761907,False
8423,CUST08156,Confluence,Pending Customer Response,High,Free,,10.0,8.5,-0.15000000000000002,False
8424,CUST01167,Jira,Closed,Medium,Premium,2.0,17.5,18.0,0.02857142857142847,False
8425,CUST01225,Trello,Pending Customer Response,Critical,Enterprise,,38.0,40.0,0.05263157894736836,False
8426,CUST00246,Jira,Open,High,Premium,,16.0,13.5,-0.15625,False
8427,CUST07322,Loom,Closed,Critical,Standard,3.0,12.0,8.0,-0.33333333333333337,True
8428,CUST07683,Bitbucket,Closed,Medium,Standard,3.0,21.0,19.0,-0.09523809523809523,False
8429,CUST02317,Confluence,Open,Low,Standard,,17.5,18.0,0.02857142857142847,False
8430,CUST05670,Bitbucket,Open,High,Premium,,21.0,15.0,-0.2857142857142857,True
8431,CUST03621,Loom,Closed,Low,Free,2.0,5.0,7.5,0.5,False
8432,CUST03518,Trello,Open,Low,Premium,,31.5,30.5,-0.031746031746031744,False
8433,CUST06377,Bitbucket,Closed,Critical,Premium,3.0,21.5,22.0,0.023255813953488413,False
8434,CUST05302,Jira,Open,Medium,Premium,,19.5,18.5,-0.05128205128205132,False
8435,CUST01907,Jira,Closed,Critical,Premium,4.0,12.5,15.5,0.24,False
8436,CUST07166,Confluence,Closed,High,Enterprise,1.0,19.0,19.0,0.0,False
8437,CUST02692,Jira,Pending Customer Response,Critical,Enterprise,,31.5,28.0,-0.11111111111111116,False
8438,CUST00943,Loom,Pending Customer Response,High,Standard,,28.0,29.0,0.03571428571428581,False
8439,CUST04253,Jira,Pending Customer Response,Critical,Standard,,25.0,20.5,-0.18000000000000005,False
8440,CUST00188,Jira,Pending Customer Response,High,Enterprise,,21.0,21.0,0.0,False
8441,CUST04755,Bitbucket,Closed,Low,Enterprise,1.0,35.5,35.0,-0.014084507042253502,False
8442,CUST00179,Confluence,Closed,High,Enterprise,3.0,20.0,16.0,-0.19999999999999996,False
8443,CUST06275,Jira,Pending Customer Response,High,Premium,,18.0,17.0,-0.05555555555555558,False
8444,CUST01247,Confluence,Pending Customer Response,High,Premium,,33.0,30.0,-0.09090909090909094,False
8445,CUST02945,Loom,Open,Medium,Premium,,13.5,12.0,-0.11111111111111116,False
8446,CUST04779,Confluence,Open,Critical,Standard,,13.0,13.5,0.03846153846153855,False
8447,CUST07549,Loom,Pending Customer Response,Critical,Standard,,10.5,13.0,0.23809523809523814,False
8448,CUST03695,Jira,Pending Customer Response,Critical,Standard,,20.0,23.0,0.1499999999999999,False
8449,CUST05565,Bitbucket,Closed,Medium,Premium,2.0,25.5,24.0,-0.05882352941176472,False
8450,CUST04656,Loom,Pending Customer Response,High,Standard,,24.0,24.5,0.02083333333333326,False
8451,CUST02864,Confluence,Closed,Low,Standard,5.0,15.0,16.5,0.10000000000000009,False
8452,CUST05098,Trello,Open,Low,Free,,6.0,5.0,-0.16666666666666663,False
8453,CUST03465,Confluence,Closed,Critical,Free,3.0,28.0,32.5,0.1607142857142858,False
8454,CUST07781,Trello,Closed,High,Premium,5.0,27.0,24.0,-0.11111111111111116,False
8455,CUST05352,Confluence,Pending Customer Response,Low,Free,,12.5,17.5,0.3999999999999999,False
8456,CUST07311,Loom,Closed,High,Free,1.0,7.0,10.5,0.5,False
8457,CUST02712,Loom,Open,Critical,Premium,,11.5,13.0,0.13043478260869557,False
8458,CUST07619,Confluence,Open,High,Standard,,18.5,16.0,-0.1351351351351351,False
8459,CUST02645,Bitbucket,Pending Customer Response,Medium,Premium,,17.5,18.5,0.05714285714285716,False
8460,CUST02744,Trello,Open,High,Enterprise,,17.0,14.0,-0.17647058823529416,False
8461,CUST01607,Jira,Open,High,Premium,,46.5,51.0,0.09677419354838701,False
8462,CUST01257,Loom,Open,Medium,Standard,,5.0,5.0,0.0,False
8463,CUST06214,Confluence,Pending Customer Response,Critical,Standard,,13.0,12.0,-0.07692307692307687,False
8464,CUST05135,Confluence,Open,Medium,Standard,,20.5,17.0,-0.1707317073170732,False
8465,CUST00035,Loom,Open,Low,Standard,,13.0,12.0,-0.07692307692307687,False
8466,CUST06502,Loom,Open,Critical,Standard,,11.0,6.0,-0.4545454545454546,True
8467,CUST00459,Bitbucket,Closed,High,Standard,3.0,9.5,10.5,0.10526315789473695,False
8468,CUST02364,Jira,Closed,Medium,Enterprise,3.0,65.5,70.5,0.07633587786259532,False
8469,CUST04582,Confluence,Open,High,Premium,,18.0,17.0,-0.05555555555555558,False
